StudentID,CGPA,Internships,Projects,Workshops/Certifications,AptitudeTestScore,SoftSkillsRating,ExtracurricularActivities,PlacementTraining,SSC_Marks,HSC_Marks,PlacementStatus
9255,8.0,1,3,3,87,4.6,1,0,83,88,1
1562,7.6,1,2,1,87,3.8,1,1,61,85,0
1671,8.2,1,3,2,86,4.4,1,1,76,65,1
6088,7.7,1,1,0,64,4.1,0,0,55,59,0
6670,8.5,2,3,2,90,4.8,1,0,80,87,1
5934,7.5,1,2,2,86,4.8,1,1,77,81,1
8830,8.3,1,3,2,88,4.8,1,1,74,88,1
7946,8.0,1,3,2,90,4.8,1,1,70,84,1
3509,6.7,1,2,2,83,4.8,1,0,65,80,1
2003,8.2,1,2,2,74,4.4,1,1,72,81,1
5867,8.0,2,2,2,85,4.5,1,1,79,81,0
169,7.5,1,1,1,74,3.9,0,0,63,65,0
2589,7.3,2,2,1,85,4.8,0,0,56,69,0
5906,7.0,0,3,2,90,4.1,1,1,73,68,0
9530,7.6,0,1,1,69,3.9,0,0,55,69,0
6385,8.4,2,3,2,90,4.7,1,1,77,84,1
7825,6.9,0,1,2,72,4.8,1,1,58,85,1
9780,7.2,0,1,1,65,3.8,0,1,55,59,0
4630,8.1,2,3,0,88,4.6,1,1,78,67,1
8561,6.6,1,1,0,72,3.2,0,1,55,68,0
9292,8.7,1,3,0,89,4.5,1,1,70,84,1
6875,7.4,1,2,0,88,4.6,0,1,73,66,0
6522,7.5,0,3,0,89,3.9,0,1,77,76,1
8980,8.6,2,3,0,87,4.7,1,1,76,73,0
6648,8.3,1,2,1,77,4.2,0,1,67,84,0
9826,7.7,1,3,3,80,4.1,1,1,78,81,0
211,8.3,1,2,1,82,4.7,1,1,77,84,0
5279,6.5,1,2,0,86,4.4,1,1,66,69,1
1920,8.2,0,3,2,90,4.8,1,1,70,84,1
719,8.1,2,3,2,87,4.4,1,1,86,83,1
4869,8.5,2,3,1,85,4.1,1,1,89,79,1
7835,6.5,1,3,1,76,4.1,1,1,55,74,0
1299,7.5,1,1,0,78,4.0,0,0,55,71,0
9194,8.6,2,3,2,81,4.8,0,1,68,79,1
4618,8.8,2,2,2,77,3.9,1,0,87,81,0
3129,6.9,0,2,0,63,4.3,0,0,69,68,0
9796,8.1,2,3,2,90,4.8,1,1,75,82,1
3980,8.7,2,3,2,90,4.8,1,1,79,85,1
9925,8.3,0,1,1,80,4.3,1,0,63,69,0
8318,6.7,0,1,0,74,4.0,0,0,60,63,0
4394,7.7,1,1,0,80,4.2,1,1,79,84,1
1288,8.2,1,2,0,82,3.9,1,1,75,86,0
4356,7.6,0,1,0,68,4.0,0,1,56,70,0
7014,8.1,1,3,0,85,3.7,1,1,55,79,1
3886,8.4,2,3,1,87,4.8,1,0,84,81,1
5750,7.4,1,1,1,78,3.7,0,1,55,64,1
9170,7.6,2,2,0,77,4.5,0,1,69,65,0
2408,7.4,1,3,2,83,4.5,1,0,84,79,1
2014,7.9,1,2,0,75,3.8,1,0,57,66,0
5154,7.7,1,1,2,85,3.6,0,0,58,72,1
8552,6.9,1,2,0,69,4.0,0,1,55,58,0
4377,6.5,1,2,0,74,4.0,0,1,80,64,1
8823,8.1,0,2,1,88,3.8,1,1,72,82,0
4274,7.3,1,1,0,68,4.4,0,0,57,61,0
5826,8.7,1,3,2,85,4.1,1,1,83,86,0
6700,6.5,2,1,0,87,4.4,0,0,69,68,0
7244,8.0,1,1,2,82,4.8,0,0,69,68,0
450,8.3,2,3,2,87,4.8,1,1,74,80,0
2228,7.8,1,3,0,81,4.5,1,1,79,72,1
5757,7.6,2,2,1,88,4.6,1,1,79,86,0
811,7.7,1,2,0,78,4.4,1,1,80,83,0
4181,8.4,1,1,2,79,4.6,0,1,76,85,0
9001,7.8,1,3,2,90,4.8,1,1,83,88,1
5439,7.9,1,1,0,71,4.4,0,1,79,71,0
7534,6.5,2,3,2,71,3.8,1,1,66,80,1
6370,7.3,0,2,0,83,4.2,0,1,71,66,0
8417,7.4,2,1,0,80,4.0,1,1,69,67,0
1478,7.4,1,2,0,76,4.2,1,1,75,65,0
1791,8.2,1,2,0,74,4.8,1,0,78,66,1
2009,8.5,2,3,0,76,4.8,1,1,85,88,1
683,7.1,0,2,2,76,4.2,0,0,63,64,0
2817,8.5,0,3,2,90,4.7,1,1,81,81,1
9432,7.7,1,1,1,66,4.1,0,1,59,61,0
3775,7.7,1,2,1,83,4.5,0,0,65,70,1
6496,7.8,1,1,1,78,4.2,0,0,55,72,0
8879,7.9,1,3,2,78,4.3,1,1,89,86,1
7362,7.8,0,2,2,80,3.9,1,1,55,67,0
8367,7.3,0,1,1,71,4.6,0,0,57,67,0
7475,8.5,1,3,2,86,4.7,1,1,73,83,1
47,6.9,1,1,1,76,4.4,0,0,55,65,0
31,8.4,2,3,2,90,4.6,1,1,55,80,1
8251,7.5,1,1,1,79,3.9,0,0,55,73,0
6936,6.5,1,1,0,80,4.4,1,1,55,66,0
1469,8.5,0,3,2,84,4.1,1,1,84,84,0
1666,8.6,1,2,0,87,4.8,1,1,74,76,1
1417,7.5,1,1,3,77,4.1,0,1,83,69,0
6481,8.2,1,3,2,81,4.3,1,1,82,84,1
4853,8.5,1,3,2,87,4.8,1,1,67,85,1
2471,8.1,1,1,0,70,4.3,1,0,68,61,0
4374,8.3,0,3,2,87,4.7,1,1,77,83,1
8525,7.9,2,2,0,77,4.4,0,1,68,68,1
430,8.3,1,2,0,90,4.5,1,1,82,80,1
5245,8.6,1,1,0,69,4.7,0,1,58,72,0
2120,6.5,0,2,1,75,3.9,0,1,56,63,0
386,8.5,1,3,2,74,4.1,0,1,76,68,1
1946,8.4,2,3,2,89,4.8,1,1,73,81,0
4225,6.5,1,3,2,90,4.8,1,1,76,82,1
474,7.8,0,3,2,77,4.2,1,1,83,76,0
2130,7.9,0,3,2,90,4.4,1,1,88,83,1
6557,7.1,1,2,2,74,4.3,1,1,55,66,0
6999,8.1,1,3,2,85,4.8,0,1,55,73,1
1056,7.7,0,2,0,73,4.2,1,1,82,87,1
3275,8.2,2,3,2,89,4.8,1,1,84,86,1
4962,8.4,2,3,2,90,4.8,1,1,70,86,1
5364,8.4,0,2,0,81,4.4,1,1,61,68,1
5817,8.5,1,1,2,87,4.5,1,1,67,67,1
812,7.6,1,1,0,79,3.9,0,0,57,62,0
4574,8.1,1,1,1,86,4.5,0,1,73,69,0
6138,7.5,1,1,2,78,4.3,1,0,58,70,1
2389,7.6,1,1,1,85,4.1,0,1,85,70,0
9649,8.4,2,3,0,89,4.6,1,1,87,82,1
6226,7.4,1,2,1,75,4.6,0,1,55,66,0
112,7.3,1,3,1,81,4.2,1,1,69,65,0
8910,8.1,2,3,2,68,4.5,1,1,76,85,0
1746,8.5,0,3,0,88,4.8,1,1,88,82,1
7852,7.9,0,2,1,72,4.3,1,1,60,72,0
1453,8.2,2,3,1,90,4.8,1,1,73,68,1
320,7.5,1,1,1,81,4.5,1,1,64,68,0
8594,7.4,1,1,0,62,3.6,0,0,57,72,0
3334,6.5,2,1,1,83,3.6,1,1,76,67,0
1923,6.5,1,2,1,78,4.4,1,1,77,73,0
5866,6.5,1,1,0,68,4.8,0,1,62,66,0
9529,8.3,0,1,0,81,4.4,1,0,76,80,0
3686,7.4,0,1,2,79,4.4,1,0,55,68,1
4276,8.3,2,2,1,88,4.6,1,1,80,81,1
4890,8.1,1,2,1,77,3.8,1,0,70,64,0
5226,8.3,1,3,2,82,4.7,1,1,66,68,1
7473,6.5,2,1,0,78,4.4,0,1,75,65,0
3606,7.8,1,3,0,74,4.2,1,0,62,84,0
1053,8.7,0,1,2,90,4.5,1,1,76,87,1
4157,8.0,0,1,0,79,3.4,0,1,80,74,0
9677,6.5,0,2,2,78,4.2,0,1,59,77,0
100,7.9,0,1,2,83,4.8,1,0,58,81,0
7509,8.2,2,2,3,84,4.8,1,1,79,80,0
1457,8.3,1,1,1,70,4.8,1,1,64,86,0
7689,7.3,1,3,0,71,4.5,0,0,58,70,0
4005,7.9,1,1,1,75,4.4,1,1,74,70,0
6867,8.3,1,1,1,73,4.3,1,1,59,62,0
4510,8.1,1,1,0,79,4.4,1,1,73,88,0
3300,7.1,1,3,2,76,4.8,1,1,78,80,1
3800,7.6,0,1,2,77,4.0,1,1,55,82,0
4282,6.6,1,1,0,72,4.2,0,0,55,61,0
9052,8.3,1,3,2,90,4.5,1,1,68,82,1
6463,8.4,2,3,1,76,4.8,1,1,56,80,0
7913,7.8,2,2,2,81,4.5,1,1,85,57,1
1415,8.4,2,3,2,90,4.7,1,1,75,87,1
541,8.7,2,3,2,90,4.8,1,1,75,88,1
5816,8.5,2,3,2,90,4.7,1,1,73,85,1
8200,7.6,1,1,1,71,4.2,0,0,64,71,0
3681,7.8,0,1,2,76,4.3,1,1,60,73,0
755,6.8,1,1,0,67,4.3,1,0,84,61,0
4197,8.3,2,3,2,81,4.7,1,1,84,85,0
2651,8.5,1,2,0,85,4.3,0,1,55,83,1
4523,7.5,1,2,0,72,4.4,0,1,77,69,1
9520,8.7,1,1,1,80,4.1,1,1,69,79,1
3119,8.1,1,2,1,85,4.7,0,1,55,80,0
3729,7.4,0,1,0,66,3.7,0,0,55,70,0
3887,6.5,0,3,1,79,4.3,1,1,58,82,0
7108,8.0,2,3,2,83,4.5,1,1,79,87,1
8069,8.9,1,3,2,90,4.6,1,1,71,81,1
7326,7.5,0,1,0,81,4.2,0,0,67,60,0
8484,8.2,0,3,2,81,4.6,1,1,77,81,0
8768,6.5,0,3,0,77,4.2,0,0,78,61,0
6501,7.9,0,1,1,69,3.6,1,1,76,63,0
8427,7.9,0,3,2,80,4.2,1,1,79,85,1
7964,7.2,1,2,0,80,4.6,0,1,65,58,0
602,7.5,0,2,1,63,3.5,0,1,75,66,0
9250,7.6,1,1,2,79,4.4,1,1,65,69,1
8920,8.7,2,2,0,89,4.5,0,1,78,71,1
6815,8.3,1,3,2,90,4.8,1,0,82,84,1
5412,7.7,1,3,0,78,4.4,1,0,55,62,0
8748,8.0,2,3,2,90,4.8,1,1,80,88,1
5523,7.2,1,1,0,66,3.9,1,0,61,67,0
1045,7.6,1,2,0,76,3.8,1,1,55,73,1
7335,7.8,0,1,0,74,4.5,0,0,55,69,0
1558,6.7,1,1,1,60,4.3,0,0,59,63,0
3740,7.6,1,1,0,74,3.3,0,0,56,69,0
3523,7.7,1,1,1,69,4.0,1,1,79,85,0
181,8.4,0,1,2,88,4.8,1,1,74,82,1
2116,6.6,0,1,1,71,4.4,1,1,64,85,0
1700,7.4,1,2,0,79,4.7,1,1,86,83,0
1380,7.5,1,1,1,84,4.3,0,1,55,67,0
7230,6.7,1,2,0,72,4.3,0,1,55,72,0
9144,8.1,1,1,0,86,4.8,0,1,61,82,1
619,6.5,1,1,0,84,4.5,1,1,55,84,0
3182,7.8,1,3,1,88,4.0,0,1,72,83,0
9852,8.3,2,3,2,90,4.8,1,1,67,88,1
1601,8.2,1,3,0,88,4.8,0,1,77,88,1
5964,7.7,1,1,0,90,4.8,0,1,79,80,1
1616,8.6,2,3,3,87,4.8,0,1,73,85,1
5921,7.1,1,3,2,88,4.0,1,1,78,65,1
9592,7.8,1,3,1,77,3.7,0,1,72,85,0
3892,7.6,1,1,0,74,3.8,0,1,61,66,0
2084,8.7,1,2,2,84,4.3,0,0,78,87,0
4575,7.6,0,1,0,70,4.6,0,1,77,64,1
5595,8.0,1,3,2,77,4.5,1,0,78,77,0
5122,8.3,2,2,2,90,4.8,1,1,71,83,1
4588,7.4,0,1,0,76,3.7,0,1,62,68,0
4903,8.1,1,3,0,77,4.1,0,1,70,84,0
8253,8.5,2,3,2,90,4.8,1,1,79,82,1
5917,7.5,0,2,1,83,4.6,0,1,55,69,0
5130,6.7,1,1,1,76,3.9,0,0,62,65,0
8335,6.5,2,3,0,81,3.5,0,1,55,62,0
1919,7.4,2,1,3,66,3.9,0,0,61,57,0
8331,8.6,2,3,2,84,4.6,1,1,80,85,1
5708,7.7,1,1,0,82,4.5,1,1,55,84,0
5385,8.5,2,2,0,85,4.5,1,1,71,78,1
6337,7.8,1,2,2,90,4.8,1,1,81,80,1
2055,8.3,2,3,2,90,4.8,1,1,78,87,1
7613,7.7,1,2,0,80,3.5,1,1,79,84,0
9210,7.5,1,2,0,78,4.0,1,1,66,85,0
3964,6.7,0,1,0,74,4.2,1,1,55,68,0
1127,7.5,0,3,1,84,4.2,0,1,56,68,0
3429,8.4,1,3,2,83,4.8,1,1,65,71,1
4602,6.5,0,1,0,68,4.5,0,0,66,74,0
3722,8.2,1,2,0,79,4.8,1,1,78,69,0
2390,6.5,0,1,0,90,4.5,1,1,56,82,0
1323,6.8,0,1,1,61,3.5,1,1,57,62,0
1604,6.5,2,1,1,72,3.7,1,0,56,70,0
7225,7.7,1,2,0,82,4.4,0,1,55,69,0
7426,7.5,0,1,0,64,4.4,0,1,67,69,0
4337,7.2,0,2,0,82,3.9,1,0,69,64,1
5594,8.7,2,3,2,90,4.7,1,1,70,87,1
4412,7.5,1,3,1,74,4.7,1,1,78,68,1
5859,6.6,1,2,1,66,4.6,1,0,57,70,0
9344,6.8,1,1,1,67,4.4,0,0,68,65,0
3992,8.2,1,2,1,74,3.8,0,0,58,67,0
6080,8.1,1,3,2,80,4.7,0,1,67,67,1
1560,8.3,2,3,0,90,4.7,1,1,65,69,1
4683,8.5,2,3,2,90,4.8,1,1,82,70,1
7558,8.1,1,3,2,85,4.5,1,0,76,87,0
3773,8.3,0,3,2,90,4.3,1,1,77,85,1
8780,8.4,0,1,0,85,3.7,1,1,57,71,1
3458,7.7,0,1,1,60,4.7,0,0,59,62,0
8384,7.4,1,3,2,80,4.4,1,1,73,72,1
1355,7.7,0,1,0,78,4.3,1,0,55,68,0
46,6.7,1,1,2,73,4.5,0,0,55,66,1
9873,7.5,1,2,1,74,3.8,1,1,77,84,0
749,8.6,2,2,2,84,4.0,1,1,72,84,0
7918,8.3,0,3,1,73,4.4,1,1,76,75,0
4242,7.6,1,3,1,82,4.5,1,1,84,80,1
5629,8.9,0,3,3,87,4.8,1,1,73,88,1
4658,8.0,0,3,2,82,4.8,1,0,73,82,1
4239,8.5,0,3,2,83,4.5,0,0,70,69,0
3461,7.6,1,1,1,75,4.1,1,1,55,68,0
7382,7.5,0,1,1,74,4.0,0,1,55,69,0
5550,7.9,2,3,2,85,4.7,1,1,90,84,1
7076,8.5,1,2,2,90,4.8,1,1,80,83,1
5839,6.7,1,2,0,78,4.6,0,1,73,67,1
8092,8.5,1,1,1,84,4.6,0,1,71,81,0
5475,7.5,1,3,0,90,4.3,1,1,78,83,1
3615,7.8,1,2,1,81,4.6,1,1,82,84,0
7502,6.7,1,1,0,74,4.4,1,1,55,69,0
7054,7.9,1,1,2,74,3.5,0,0,88,72,0
7368,7.4,1,1,1,73,3.6,0,1,62,63,0
8020,6.6,1,3,0,62,3.8,1,1,57,72,0
9639,7.9,2,3,2,83,4.5,1,1,66,80,1
9056,7.4,0,1,0,79,4.2,1,1,61,65,0
665,8.5,0,3,1,83,4.0,1,1,59,82,0
2320,7.4,0,1,1,90,4.8,1,1,71,69,0
3543,6.6,1,1,0,64,3.2,1,1,55,62,0
3678,7.5,1,3,0,79,4.4,1,0,65,64,1
9600,7.6,1,1,0,76,3.6,1,1,86,68,0
3092,8.1,1,2,0,90,4.6,1,1,84,86,1
676,8.2,1,3,2,85,4.8,1,1,55,82,0
8677,6.6,1,1,0,71,3.0,0,0,65,62,0
4885,7.7,1,1,1,73,4.4,1,1,82,81,0
8080,6.7,1,2,2,68,4.1,1,0,79,70,0
1963,8.4,2,3,2,90,4.8,1,1,79,84,1
1841,7.7,1,1,0,69,3.8,0,0,57,65,0
7169,6.8,1,1,1,77,3.3,0,1,55,58,0
9899,7.5,0,1,1,73,4.6,1,1,56,62,0
3539,8.2,1,1,0,79,4.5,1,1,81,63,1
8027,8.1,1,1,1,77,4.1,1,1,62,75,1
4867,7.3,1,1,2,81,3.7,0,1,58,76,0
4175,8.0,2,1,1,82,4.2,1,0,83,67,1
8089,8.3,2,3,2,90,4.8,1,1,72,88,1
4378,8.3,1,2,0,70,4.8,1,1,83,82,1
6212,8.7,2,3,2,90,4.8,1,1,88,84,1
4767,7.0,1,2,1,84,3.9,0,1,57,64,0
412,7.5,1,3,2,90,4.2,1,1,80,72,1
614,7.7,0,1,1,67,4.2,1,0,64,64,0
6127,6.5,0,1,1,72,4.5,0,0,55,67,0
5211,6.9,2,1,2,84,4.7,1,1,73,82,0
1431,7.8,1,1,1,83,3.7,1,0,74,62,0
2426,8.0,2,3,2,89,4.1,1,1,75,85,1
8842,8.7,2,3,2,90,4.8,1,1,71,84,1
3834,6.8,1,1,2,77,4.1,0,1,71,70,0
4719,8.4,2,2,0,90,4.1,1,1,76,78,0
7186,8.2,2,3,2,90,4.8,1,1,79,79,1
1418,7.6,0,1,0,71,3.9,0,0,55,63,0
7200,7.6,2,3,2,77,4.8,1,1,79,77,0
605,8.2,0,1,0,73,4.8,1,1,55,66,1
1273,8.6,0,3,2,85,4.6,0,1,55,78,1
3965,7.7,1,2,1,76,4.8,0,1,59,68,0
6368,6.7,1,3,1,78,4.1,1,1,55,82,1
8747,6.5,0,3,0,72,4.2,1,1,75,69,0
248,6.7,1,2,1,73,4.3,0,1,71,66,0
9227,7.8,1,1,1,84,3.9,1,1,73,76,0
1983,7.7,1,2,1,69,4.1,1,0,57,63,0
2836,8.6,2,2,1,74,4.0,0,0,59,63,0
5376,7.7,0,3,1,85,4.3,1,1,77,65,1
200,7.8,2,3,0,79,4.3,1,0,87,87,0
486,6.7,1,1,1,73,4.0,0,1,62,65,0
6084,7.4,1,1,1,65,4.5,0,0,55,73,0
8957,7.9,1,2,0,67,4.4,1,0,73,72,1
456,7.7,1,3,2,84,4.6,1,1,80,83,1
9799,6.6,0,3,0,85,4.0,1,0,64,62,1
8827,8.1,2,2,0,80,4.8,1,0,55,82,1
6516,7.5,2,1,1,80,4.3,0,1,72,64,0
1722,8.2,0,1,1,79,3.9,0,1,62,63,0
7051,8.0,2,2,0,84,4.7,1,1,64,88,1
6383,8.9,2,3,2,80,4.4,1,1,64,74,1
8166,6.5,0,1,0,76,4.7,0,1,59,68,0
5768,7.4,1,2,2,78,4.7,0,1,70,70,1
5810,6.6,1,2,1,64,3.5,0,1,62,66,0
4627,8.2,0,1,2,77,4.3,0,0,68,68,0
863,7.4,0,1,1,65,4.7,0,0,55,58,0
2095,7.7,1,1,0,82,4.3,0,1,60,63,0
948,8.4,2,3,2,90,4.8,0,1,70,85,1
5642,7.7,0,1,0,82,4.1,0,0,58,71,0
1445,8.1,1,3,2,90,4.8,1,1,77,87,1
1281,8.2,1,1,1,80,4.3,0,0,75,64,0
3111,7.1,1,1,2,71,4.2,0,1,57,71,0
8953,8.2,2,3,2,81,4.8,1,1,84,64,0
7610,7.5,1,1,0,71,4.0,0,0,63,64,0
5136,7.5,1,3,1,81,4.6,1,1,72,80,0
3017,6.5,1,1,0,79,4.4,0,1,55,69,0
2303,8.6,2,3,2,90,4.5,1,1,84,82,1
2005,6.7,1,2,0,76,4.8,1,1,59,66,1
4581,7.8,1,2,0,72,3.6,1,1,60,64,0
8705,8.4,2,3,1,86,4.4,1,1,57,80,1
1006,7.8,1,2,2,76,4.0,0,1,73,58,0
5139,8.4,1,3,0,90,4.5,1,1,59,82,1
4318,8.6,2,3,2,90,4.8,1,1,84,87,1
6559,8.3,2,3,2,90,4.8,1,1,68,81,0
4388,7.3,1,2,1,68,4.6,1,0,75,83,0
2133,8.1,1,1,0,62,3.0,0,0,55,67,0
4266,7.9,2,3,2,88,4.6,1,0,79,79,1
2058,8.4,2,3,2,90,4.8,1,1,74,88,1
5387,8.2,1,3,2,90,4.7,1,1,76,86,1
230,7.9,2,3,2,90,4.8,1,1,83,88,1
2890,8.1,1,3,2,78,4.7,1,1,75,88,0
4473,8.1,2,3,2,90,4.7,1,1,77,84,1
6065,8.3,1,2,1,79,4.2,0,0,55,72,0
7925,8.3,2,2,2,75,3.8,0,1,71,66,0
7650,8.3,1,3,2,89,3.4,1,1,77,85,1
8382,7.6,1,1,1,77,4.8,0,1,63,68,0
210,7.8,1,3,0,88,4.8,1,1,70,78,1
2759,6.5,1,1,1,74,3.8,0,0,69,64,0
8472,8.4,1,3,2,90,4.2,1,1,89,88,1
2949,6.7,1,1,0,71,4.3,0,1,57,60,1
7117,7.8,2,1,1,78,4.1,1,1,62,61,1
6331,7.5,1,1,3,79,4.5,1,0,56,71,0
1729,8.2,2,3,2,87,4.7,1,0,90,66,1
4177,8.3,1,3,1,90,4.8,1,1,70,79,1
338,7.2,1,2,0,83,4.5,0,1,74,69,0
4985,7.5,0,1,0,71,3.8,0,1,59,69,0
6879,6.5,1,2,0,70,4.0,0,1,68,66,0
7249,8.4,0,3,2,90,4.8,1,1,75,83,1
8453,8.2,2,3,2,90,4.8,1,0,76,88,1
1227,8.9,2,1,2,90,3.7,1,1,62,69,1
7609,8.2,1,2,0,81,4.4,0,1,55,62,0
6828,8.4,1,1,0,72,4.6,1,1,77,60,1
3541,8.6,1,3,0,89,4.7,1,1,72,85,1
5869,6.7,0,2,0,74,4.2,1,1,55,68,0
2112,7.5,1,3,0,84,4.1,1,1,82,82,0
2692,7.6,1,2,0,80,3.7,0,1,69,63,0
7154,7.9,2,1,0,88,4.5,1,1,73,78,0
3708,8.2,0,3,0,84,4.7,1,0,62,65,1
1018,6.5,1,1,0,70,4.2,0,0,55,59,0
8512,6.8,1,3,1,86,4.8,1,1,76,79,0
2808,7.7,1,2,1,81,4.8,1,1,81,82,1
5016,6.5,1,1,1,71,3.7,0,1,67,64,0
1929,7.9,2,1,2,88,3.6,0,0,73,66,0
351,7.5,1,2,0,70,3.7,0,1,55,66,0
5174,7.7,1,3,3,82,4.4,1,1,76,84,1
4193,7.6,0,1,1,76,3.9,0,1,55,72,0
1935,8.4,2,3,2,90,4.8,1,1,80,84,1
6902,8.0,1,1,0,79,3.8,0,0,55,66,0
4824,7.3,1,2,1,68,3.9,0,0,56,65,0
565,8.2,1,2,1,90,4.7,1,1,76,80,1
1583,7.5,2,3,0,69,3.9,1,1,76,86,0
4695,7.7,1,1,1,70,4.1,0,0,57,71,0
2176,6.5,1,1,0,77,3.7,0,1,63,69,0
7029,6.5,2,1,2,73,4.2,0,0,74,59,0
4881,6.6,0,1,1,77,4.3,1,1,82,66,0
2229,8.0,1,3,2,90,4.7,1,1,72,84,0
1116,7.3,1,1,1,75,3.7,0,1,55,74,0
3127,8.6,1,3,1,85,4.8,1,0,73,86,0
3545,8.4,1,1,2,83,4.5,1,1,68,83,0
5049,8.3,1,2,3,85,4.6,1,1,69,86,1
7477,8.1,1,2,0,86,4.8,0,1,82,63,0
822,8.1,1,3,1,88,4.4,0,1,77,87,1
6533,7.3,1,1,0,65,3.3,0,1,61,74,0
2273,8.0,1,2,1,80,3.4,1,1,76,82,0
5546,8.2,1,3,2,90,4.8,1,1,85,88,1
82,6.7,1,2,1,74,4.8,1,1,72,64,1
1324,8.2,0,3,3,90,4.6,1,1,75,84,1
9406,7.7,0,3,0,89,4.2,1,0,81,85,0
1615,7.5,1,1,0,78,4.1,0,0,55,67,0
832,6.7,1,2,1,60,4.1,0,0,55,70,0
3884,7.5,1,2,0,80,3.9,0,1,61,68,0
8642,6.8,1,2,0,74,3.9,0,0,55,62,0
4465,7.2,1,3,0,77,4.6,0,1,75,75,0
5340,7.5,1,1,1,68,4.6,1,1,59,65,0
8067,8.5,2,3,2,81,4.5,1,1,78,84,1
1650,8.0,0,3,2,85,4.7,1,1,83,86,1
4066,8.5,1,3,1,72,4.1,1,1,72,87,1
9666,8.5,0,1,0,73,4.6,1,1,69,63,0
3039,8.3,1,2,2,87,4.3,1,1,81,88,1
3321,7.8,1,2,2,77,4.8,1,1,85,87,1
7144,8.2,2,3,2,90,4.8,1,0,83,86,1
6890,8.2,2,3,2,85,4.8,1,0,78,82,1
5093,7.4,1,1,1,77,4.1,1,1,73,74,0
3721,8.0,1,3,2,80,4.8,1,1,73,87,1
2424,8.0,1,2,2,87,4.8,1,1,90,68,1
750,7.5,1,1,0,72,4.1,0,1,55,63,0
5272,8.6,0,1,1,88,4.2,1,1,81,67,0
2374,6.5,2,1,1,77,4.2,1,1,58,64,0
4694,8.2,2,3,2,86,4.5,1,1,87,63,1
9880,7.8,1,3,2,82,4.2,0,1,85,69,1
8371,7.5,1,2,0,65,4.1,0,1,55,69,0
7320,8.5,0,3,0,90,4.8,1,1,55,86,1
4369,7.5,1,2,1,77,3.7,0,1,55,70,0
6786,8.5,0,3,0,89,4.7,1,1,83,80,1
7402,6.7,1,1,0,73,3.5,1,1,55,63,0
1140,8.0,2,3,2,90,4.8,1,1,73,88,0
7632,7.5,1,1,0,71,3.7,0,1,73,71,0
2232,8.4,1,3,1,78,4.4,0,0,69,73,0
2165,7.6,1,2,0,72,4.1,0,1,60,64,0
5218,7.7,0,3,1,82,4.1,0,1,82,88,1
9445,8.5,1,2,2,85,4.8,1,1,88,88,1
9238,6.6,2,3,2,90,4.8,1,1,63,83,1
4562,6.5,1,3,1,79,3.5,0,1,75,72,0
1571,7.4,1,1,0,81,4.0,0,1,57,64,0
173,7.4,0,3,0,90,4.6,0,0,65,70,0
7164,8.7,1,3,0,90,4.5,1,1,82,85,1
2088,7.8,1,2,0,77,4.2,0,1,79,70,1
4668,8.3,2,3,2,90,4.7,0,1,71,73,1
4566,7.2,1,3,0,68,4.4,0,0,84,82,0
7090,7.6,1,2,1,90,3.8,1,1,74,86,0
6570,8.7,2,3,2,88,4.8,1,1,72,88,1
4784,8.4,0,3,0,90,4.5,1,1,71,83,1
2685,7.0,1,2,0,72,4.1,0,1,71,73,0
1833,8.5,2,3,2,90,4.8,1,1,81,85,1
8547,8.1,1,2,0,79,4.3,0,1,55,67,0
5066,6.6,1,2,0,79,4.4,0,1,66,68,0
9131,8.2,1,3,2,89,4.8,1,1,77,83,1
9356,6.5,1,2,0,75,4.0,0,0,58,71,0
4413,7.8,1,1,0,79,3.8,1,1,58,61,0
7208,8.3,1,1,1,70,4.3,0,0,58,67,0
9891,7.4,1,2,1,75,4.0,0,1,56,68,0
835,7.1,0,1,1,71,4.0,0,1,56,64,0
6822,7.8,0,2,2,77,3.6,0,1,64,72,1
3782,8.5,1,3,2,90,4.7,1,1,80,80,1
9013,6.8,1,1,0,77,4.2,1,1,64,64,0
7500,8.2,1,2,1,79,4.4,1,1,83,65,1
3425,8.3,0,3,2,78,4.1,1,1,65,65,1
66,8.0,0,3,0,68,4.2,1,0,64,83,1
2964,7.0,2,2,1,74,4.3,0,1,55,83,0
5670,8.7,1,3,2,85,4.8,1,1,75,85,1
8963,8.5,1,2,0,73,4.2,0,1,55,61,0
355,7.8,1,3,2,77,4.2,1,0,77,82,0
8172,8.6,0,3,3,90,4.8,1,1,70,84,1
4031,6.8,1,2,1,68,4.3,0,1,64,69,0
8535,8.3,2,2,1,87,4.5,1,1,82,80,0
3652,8.4,2,3,2,90,4.7,1,1,73,88,1
6740,7.6,2,3,3,77,4.1,0,1,76,57,1
3298,6.5,0,2,0,69,3.6,0,1,55,75,0
4128,8.5,1,3,2,87,4.4,1,1,82,82,1
8044,8.2,0,3,2,90,4.5,1,1,81,85,1
4768,7.8,1,3,2,82,4.8,1,0,78,77,1
473,8.4,2,1,2,81,4.7,1,1,77,82,0
3762,7.5,1,1,0,82,3.6,0,1,66,65,0
8618,7.6,1,0,1,75,4.8,1,1,83,80,1
3567,8.2,2,1,2,90,4.8,1,0,73,70,0
2761,8.3,1,1,3,76,4.2,0,1,56,83,0
869,7.4,1,2,1,67,4.2,0,1,58,64,0
9383,8.3,2,3,0,87,4.8,1,1,59,84,1
8689,7.2,0,1,0,70,3.5,0,0,58,69,0
4053,7.5,2,1,2,86,4.6,0,1,82,83,1
6131,7.5,0,3,1,77,4.8,1,1,75,83,0
3245,7.7,0,3,1,68,4.4,1,0,62,62,0
4843,7.6,2,3,2,90,4.8,1,1,75,86,1
9331,8.3,2,2,0,89,4.8,1,1,83,81,1
5641,6.6,0,2,1,63,4.1,0,0,57,62,0
5781,8.6,1,3,0,88,4.5,1,1,78,67,0
8541,7.1,1,3,1,74,4.3,0,1,72,81,1
1076,7.5,1,2,2,71,4.1,0,1,72,83,1
2958,7.1,1,1,0,74,4.6,1,0,55,75,0
6753,8.2,1,1,1,82,4.1,1,1,57,71,0
8658,7.8,2,3,0,86,4.6,1,1,74,86,1
7273,6.5,1,3,0,82,4.7,1,1,55,82,1
4760,7.6,0,1,1,68,4.1,0,0,63,64,0
4863,6.7,0,1,0,80,3.1,0,1,55,63,0
7026,6.8,1,1,0,60,3.7,0,0,64,64,0
7648,8.3,2,3,2,90,4.8,1,1,86,85,1
7162,8.8,2,3,2,90,4.8,1,1,66,85,1
74,7.5,1,2,0,73,4.4,0,0,66,84,0
4902,8.4,2,3,2,86,4.8,1,1,74,81,1
4376,7.6,1,2,0,73,3.8,0,1,76,64,0
6699,8.2,2,3,2,90,4.7,1,1,78,84,1
9806,8.2,1,3,1,78,4.0,0,1,58,85,1
1102,7.5,0,2,0,78,4.4,0,1,62,65,0
9538,8.0,1,1,1,70,4.0,0,1,72,64,0
7656,7.7,0,2,0,74,4.2,0,1,55,71,0
5236,7.4,1,3,0,81,3.7,1,1,69,74,0
5166,6.6,1,3,2,85,4.7,1,1,77,84,1
119,6.5,1,2,1,78,4.2,0,0,62,62,0
2023,8.1,2,1,0,82,4.4,0,0,55,73,0
9886,7.8,1,1,0,78,4.0,0,0,66,75,0
2639,7.6,0,1,0,69,3.4,0,0,60,74,0
2035,8.2,1,2,2,86,4.2,1,1,73,73,0
2565,7.6,2,2,2,79,4.8,1,1,76,82,1
8666,8.3,1,2,2,86,4.8,1,1,58,72,1
3544,6.8,0,2,1,71,4.0,0,0,58,70,0
1220,7.7,2,1,1,64,4.2,0,1,55,78,0
9715,7.4,1,1,0,67,3.7,0,1,61,61,0
6712,7.8,1,1,1,72,4.2,0,1,58,68,0
2904,7.8,1,1,1,82,3.9,0,1,74,73,0
3027,6.5,0,1,0,80,4.3,0,0,61,60,0
2511,8.2,2,3,2,87,4.8,1,1,77,86,1
4202,7.7,1,1,0,60,4.3,0,0,57,70,0
3208,7.6,0,2,0,79,3.8,0,1,55,63,0
4490,8.3,2,2,0,81,4.0,1,0,75,82,1
2756,8.4,2,3,2,90,4.4,1,1,74,88,1
8890,7.6,0,2,1,77,4.4,1,1,64,63,1
178,8.5,1,3,2,90,4.8,1,1,61,86,1
1644,8.4,2,3,0,84,4.8,1,1,71,81,0
9293,7.6,1,1,2,90,4.4,0,1,81,73,0
3519,7.2,1,1,0,70,3.7,0,0,55,58,0
1375,7.5,1,2,2,86,3.6,0,0,74,86,1
1721,7.6,1,2,1,74,4.4,1,1,73,72,1
3996,7.5,1,1,1,79,4.7,1,1,55,71,0
3689,7.4,1,3,1,81,4.7,0,1,69,74,0
2265,7.6,1,2,0,77,4.1,0,1,68,72,1
88,8.5,1,2,2,79,3.9,1,1,76,66,1
2849,8.4,2,3,1,80,4.6,1,1,75,79,0
8688,6.8,1,2,2,70,3.8,0,1,55,67,0
404,8.5,2,3,2,90,4.8,1,1,80,84,1
9901,7.6,1,2,2,79,4.2,0,1,64,68,0
4078,7.8,1,1,1,77,4.0,0,1,62,63,0
6836,8.0,2,3,2,90,4.8,1,1,85,83,1
6538,6.8,1,1,1,81,4.2,0,1,55,64,0
2457,7.8,2,3,2,90,3.9,1,1,60,87,0
2752,8.6,0,3,2,90,4.8,1,1,77,83,1
2215,6.5,0,1,1,65,4.2,0,1,58,70,0
1028,7.0,1,1,2,81,4.8,1,0,72,82,0
9704,7.6,0,2,0,75,3.8,1,1,67,68,0
1422,8.1,2,2,3,76,4.1,1,1,55,88,0
2437,7.7,0,1,1,90,4.3,1,1,75,75,1
4278,7.5,0,3,0,65,4.3,1,1,79,84,0
9610,8.3,2,3,2,90,4.8,1,1,78,84,1
1279,6.5,0,1,0,61,3.7,0,0,67,71,0
6221,7.6,1,1,1,71,4.5,1,0,61,72,1
4908,7.9,0,2,1,76,4.7,1,1,82,82,0
5065,6.5,2,1,1,72,4.4,0,1,55,66,0
1979,7.3,1,1,1,70,3.8,0,0,56,71,0
1062,7.5,1,1,2,75,3.5,0,1,69,67,0
5015,6.5,0,1,1,66,4.4,0,0,69,67,0
4536,8.5,2,3,2,88,4.4,1,1,88,85,1
6994,7.9,1,2,0,73,4.5,1,0,68,74,1
9254,6.8,1,1,0,79,4.3,0,0,55,63,0
1503,8.3,1,3,2,86,4.8,1,1,67,81,0
8569,7.9,1,2,0,68,3.6,0,1,65,61,0
9315,8.5,1,3,0,86,4.8,1,1,70,86,1
8837,7.9,1,2,1,86,4.4,1,1,83,67,0
8921,8.6,2,1,0,86,4.4,1,1,82,79,1
4919,8.5,2,1,0,86,4.5,1,1,80,82,1
679,8.0,2,3,2,83,4.8,1,1,75,84,1
5077,7.5,0,2,1,72,4.5,1,0,67,64,0
8065,7.0,1,1,1,68,3.7,0,0,55,68,0
7569,7.4,1,1,1,70,3.5,0,1,57,61,0
103,6.5,1,1,1,62,3.8,0,1,58,65,0
958,6.5,0,2,1,69,4.7,1,1,72,72,0
8557,7.5,1,1,1,76,4.0,0,1,55,70,0
3786,6.9,1,2,1,74,4.0,1,1,59,59,0
9631,6.5,1,1,0,69,4.0,0,1,55,65,0
7174,6.8,0,1,0,84,4.0,0,1,80,69,0
4044,7.8,0,2,2,90,4.8,0,1,80,85,1
2649,8.5,1,3,1,89,4.6,1,1,78,82,0
6001,8.2,1,3,3,88,4.8,0,1,82,69,1
7928,6.7,1,2,1,86,4.8,1,1,59,86,1
2827,6.6,0,1,0,61,3.8,0,0,66,61,0
4095,7.5,2,3,1,83,4.2,1,1,76,75,1
7775,6.6,1,3,1,79,3.2,0,1,62,69,0
9259,8.1,2,1,0,87,4.0,1,1,75,88,0
8114,7.9,1,2,0,90,4.1,1,1,77,78,1
4773,6.6,0,1,1,72,3.5,0,1,80,66,0
1948,8.1,2,3,0,90,4.8,1,1,83,88,1
6110,8.0,1,3,2,87,4.8,1,1,70,85,0
2300,8.4,0,1,1,67,4.1,0,0,78,58,1
7845,8.6,2,2,1,77,4.5,1,1,87,82,0
4383,8.5,1,3,3,70,3.8,1,1,72,85,1
5426,7.8,2,3,2,86,4.8,0,1,85,84,1
6772,8.0,2,3,0,75,4.4,0,1,70,82,0
8579,7.7,1,1,2,70,3.9,1,0,72,65,0
4292,6.7,1,2,0,63,3.7,0,0,55,62,0
529,8.1,1,3,0,88,4.3,0,0,72,85,0
1234,8.6,2,3,2,90,4.8,1,0,74,81,1
780,7.7,1,3,0,79,4.8,0,1,75,69,0
5860,8.5,0,3,0,90,4.5,1,1,55,62,1
3060,7.7,1,1,0,67,4.4,0,1,81,73,0
8588,8.1,1,2,0,89,4.7,1,1,75,85,1
1861,8.1,1,3,0,90,4.6,0,1,71,81,1
8439,6.8,1,1,0,69,3.9,0,0,62,60,0
7404,7.5,2,3,0,81,4.8,1,1,80,80,1
4640,6.5,2,2,1,76,3.9,1,1,60,68,0
4251,7.8,1,2,1,82,4.4,1,1,55,67,0
1993,7.0,0,2,0,66,4.3,0,1,79,63,1
7380,7.7,1,2,0,74,4.7,1,1,69,71,1
7306,6.8,1,1,0,72,4.2,0,1,60,68,0
5304,7.6,2,2,0,73,4.4,1,1,83,87,1
8193,7.4,1,2,1,84,4.6,0,1,55,70,0
7448,7.7,1,1,1,75,3.5,0,0,71,66,1
2472,7.6,2,1,0,73,4.6,1,1,78,73,0
7198,6.9,1,1,0,76,4.0,0,1,77,76,0
5313,7.9,2,3,1,89,4.8,1,1,90,86,1
9036,8.2,0,2,1,75,4.4,1,1,73,67,1
1397,8.3,0,3,2,89,4.5,1,1,85,84,1
4003,7.8,2,2,2,68,4.5,0,1,73,87,0
5372,8.2,0,3,2,81,4.7,0,0,82,68,0
3236,8.3,1,3,2,90,4.5,1,1,56,71,1
1043,8.3,2,3,2,90,4.8,1,1,72,84,0
3299,8.3,2,3,2,90,4.8,1,1,87,67,1
7257,8.0,2,1,1,77,3.8,0,1,83,64,0
258,7.5,1,2,3,86,4.8,0,1,60,67,0
7287,8.6,1,3,2,85,4.8,1,1,78,85,1
8617,8.6,2,3,0,84,4.8,1,1,86,87,1
7817,7.6,1,3,2,90,4.5,1,0,87,71,1
5844,8.0,1,3,2,90,4.3,1,1,66,85,1
2090,8.7,1,1,2,80,3.8,1,1,60,75,0
7703,8.5,2,3,2,90,4.8,1,1,85,88,1
504,7.2,0,2,1,60,3.6,0,0,74,71,0
5266,8.3,2,3,2,90,4.8,1,1,77,83,1
8815,8.1,1,2,2,78,4.7,1,1,57,83,0
1346,8.3,1,3,0,90,4.1,1,1,82,81,1
8456,7.4,1,3,2,76,3.7,1,1,74,83,0
5047,8.2,2,3,3,90,4.8,1,1,69,88,0
2249,6.6,0,2,0,64,4.2,0,0,55,85,0
4982,7.5,1,1,0,66,3.9,0,1,55,78,0
373,7.8,0,3,2,73,4.6,1,0,82,85,0
8455,8.3,0,2,0,85,4.2,0,0,56,67,0
3371,8.2,2,3,2,90,4.7,1,0,75,85,1
2007,7.3,1,1,0,69,3.9,1,1,58,60,0
3657,7.8,1,2,0,83,4.8,1,1,77,68,1
8328,8.2,2,3,2,90,4.8,1,1,74,88,1
7522,6.5,1,1,0,82,4.3,0,1,57,70,0
4002,6.5,1,2,0,65,4.0,0,0,61,63,0
6073,6.7,1,1,0,79,4.0,0,0,57,57,0
8737,8.3,1,3,1,88,4.8,0,1,72,69,1
998,8.0,1,2,2,89,4.5,1,1,81,81,1
8180,7.9,0,3,1,86,4.6,1,1,76,88,1
3291,7.7,0,2,0,70,3.6,0,1,57,66,0
1177,8.2,0,1,2,88,4.6,1,0,75,58,1
552,8.2,1,3,1,88,4.8,1,1,71,82,0
745,8.4,1,1,2,81,3.9,1,1,64,84,1
7224,7.5,1,1,1,67,4.0,0,0,55,71,0
4555,8.0,1,1,1,79,4.6,1,0,66,67,0
2860,7.6,2,3,0,78,4.8,1,1,74,87,1
8821,7.9,2,3,2,80,4.5,1,1,77,85,1
3460,8.0,1,2,1,73,4.4,1,1,84,75,1
2725,7.4,1,1,2,84,4.7,1,1,80,75,1
6848,7.9,0,1,0,87,4.5,0,1,75,75,1
7616,7.4,1,1,0,74,3.9,0,1,55,69,0
7548,8.6,1,3,2,90,4.5,1,1,72,83,1
9175,8.1,0,1,2,77,4.6,1,1,76,88,1
6394,7.4,1,1,0,67,4.4,0,1,60,61,0
5359,7.8,0,1,0,71,3.8,1,0,62,69,0
9489,7.4,1,1,1,65,3.7,0,0,57,57,0
2969,8.1,1,2,2,84,4.5,1,1,78,84,1
694,8.3,1,3,0,90,4.7,1,1,86,78,1
2534,6.5,1,2,1,78,4.5,0,0,57,66,0
6400,6.5,2,2,0,79,4.1,1,0,57,64,0
983,6.8,1,2,0,79,3.4,0,1,76,63,0
5365,8.4,2,3,2,84,4.2,1,1,81,84,1
80,7.6,1,2,1,72,3.9,0,1,58,66,0
4054,8.5,2,3,2,90,4.8,1,0,76,84,0
6259,7.5,0,1,0,72,4.0,0,1,55,87,0
9577,7.3,1,2,0,84,3.9,1,1,90,88,1
9026,8.6,1,3,2,82,4.8,1,1,90,85,1
3108,7.6,1,1,0,62,4.2,0,1,55,80,0
3602,7.8,0,1,2,76,4.3,1,0,55,69,0
6074,6.8,0,3,1,74,4.5,1,1,83,69,1
8127,7.6,0,3,0,79,4.6,1,1,63,61,0
2143,8.5,1,3,2,88,4.8,1,1,83,85,1
6311,6.8,1,1,0,60,4.0,0,1,64,66,0
2269,8.2,0,3,2,80,4.8,1,1,80,83,1
446,8.2,0,3,1,83,4.7,1,0,81,87,0
4884,8.5,1,1,2,86,4.5,1,1,74,83,1
4467,8.0,2,3,2,89,4.8,1,1,86,81,1
9027,7.8,1,2,1,83,4.6,0,1,79,66,1
6633,6.6,1,2,0,79,3.6,0,0,55,67,0
3317,7.9,1,2,1,87,4.4,1,0,58,83,0
1702,8.4,2,3,2,81,4.3,1,1,75,79,1
2527,8.2,0,2,1,68,4.3,1,1,62,68,1
69,7.7,1,1,0,74,4.1,0,1,57,68,1
1169,8.0,1,3,2,90,4.8,1,1,77,83,0
49,8.1,1,3,2,90,4.6,1,1,77,87,1
1054,8.3,1,2,1,71,3.9,0,0,55,66,0
4030,7.8,0,2,1,75,4.4,1,1,61,68,1
881,8.7,2,3,1,77,4.3,1,1,72,67,0
2652,7.6,0,2,2,76,4.2,1,1,78,84,0
7760,7.5,1,1,1,60,4.8,1,1,75,70,0
2440,6.8,1,2,0,75,4.2,0,1,77,57,0
4925,7.7,1,1,0,79,4.6,0,0,88,61,0
1468,6.6,1,1,1,71,4.2,1,1,55,71,0
7293,6.7,0,1,0,76,4.2,1,1,62,66,0
5036,7.5,1,1,0,60,3.9,0,0,55,69,0
2442,8.4,2,3,2,90,4.5,1,1,83,86,1
6555,7.7,1,2,1,74,4.8,1,1,70,66,0
231,7.5,1,1,1,70,4.6,0,0,59,66,0
1321,8.7,1,3,2,90,4.8,1,1,79,88,0
42,8.3,2,3,2,85,4.8,1,1,77,83,1
778,8.1,2,3,2,90,4.8,1,1,84,86,1
8951,8.4,2,3,2,83,4.7,1,1,83,84,1
8405,7.5,1,2,1,77,4.7,1,1,86,88,1
1730,7.9,2,3,2,90,4.8,1,1,74,88,1
3911,6.8,1,1,0,76,4.1,0,0,55,62,0
580,7.5,1,2,0,60,4.0,0,1,56,71,0
9942,7.8,1,1,1,71,3.8,0,1,62,68,0
5840,8.1,0,2,0,81,4.5,1,1,80,83,0
8272,8.1,2,3,2,90,4.7,0,0,67,76,0
7276,8.3,1,2,1,77,3.5,0,1,65,68,0
1492,7.8,1,2,0,76,4.4,1,1,80,63,0
9110,8.6,1,3,2,82,4.6,1,1,75,84,1
5611,6.9,0,2,1,71,3.2,0,0,55,65,0
62,8.2,1,2,1,86,4.3,1,1,86,63,1
5472,6.8,1,2,1,71,4.7,1,1,55,58,0
3906,7.6,0,2,0,87,3.8,0,1,60,66,0
6532,7.5,1,2,0,64,3.4,0,1,55,68,0
403,6.9,0,1,1,76,3.8,0,0,61,67,0
333,7.4,2,3,0,86,4.6,1,1,75,72,1
2085,8.0,2,1,0,74,4.6,1,1,78,79,1
9558,8.5,1,3,0,74,4.3,1,1,80,87,0
165,6.5,1,1,2,85,4.3,1,0,62,72,1
4380,7.7,1,1,1,80,4.1,1,0,55,69,0
2716,6.5,1,1,0,69,4.3,0,1,55,68,0
8924,8.2,0,2,3,90,4.8,1,1,81,88,1
7347,8.2,2,3,0,76,4.2,1,1,72,67,1
5454,8.2,2,3,0,88,4.0,1,1,75,75,1
7047,6.5,1,1,1,61,4.2,0,1,64,69,0
1335,7.3,2,1,1,80,4.6,0,1,74,75,0
8699,8.2,1,3,2,79,4.8,1,1,76,81,1
1660,7.8,1,2,0,73,4.1,0,1,61,71,0
3579,8.5,2,3,0,88,4.7,1,1,74,86,1
754,6.9,1,2,1,73,4.5,0,0,60,65,0
6585,8.0,1,1,1,76,3.8,1,1,62,69,0
707,8.1,2,3,0,81,4.8,1,1,72,88,0
3015,7.6,1,2,1,73,4.3,1,1,56,67,0
8559,7.9,0,2,0,80,4.2,0,1,66,60,0
9876,6.5,1,2,0,68,3.7,0,1,58,65,0
9583,8.4,1,3,2,85,4.4,1,1,78,87,1
8929,8.5,2,1,1,78,4.4,1,1,66,86,1
9557,8.1,1,3,2,88,4.8,1,1,81,85,1
8984,7.4,1,3,0,84,4.6,0,0,64,84,0
1835,7.9,1,2,0,73,4.3,0,1,58,65,0
2997,6.7,1,2,1,85,4.4,0,1,55,71,0
5428,7.9,1,3,1,76,3.8,1,0,68,65,0
3880,7.8,1,3,2,84,4.6,1,1,89,65,1
7157,6.7,2,2,1,71,4.4,0,0,55,67,0
5082,8.0,2,3,2,90,4.8,1,1,76,88,1
9115,7.6,0,2,1,74,4.8,1,1,81,72,1
7245,7.6,1,1,1,88,4.0,0,1,59,61,0
5401,8.6,0,2,2,81,4.4,1,1,82,83,1
5396,8.4,0,1,2,79,3.9,1,1,80,80,0
9428,7.7,1,1,1,72,4.0,1,1,66,77,1
2247,8.5,2,2,2,69,4.4,0,1,76,81,0
836,6.7,0,1,0,83,4.4,0,0,62,68,0
8395,7.8,1,2,2,90,4.5,1,1,80,64,1
9043,8.6,1,3,3,88,4.6,1,1,79,85,1
433,7.7,2,1,1,64,3.7,0,1,77,70,0
3379,7.5,2,2,0,73,3.3,0,0,55,62,0
6818,6.9,1,3,0,81,4.5,0,0,72,76,1
8132,6.5,0,1,0,67,3.5,0,1,55,67,0
9622,8.2,2,3,2,90,4.8,1,1,79,86,1
6067,8.3,0,3,1,88,4.2,1,1,69,86,1
1194,7.6,1,1,2,73,3.6,0,1,62,72,0
6935,7.6,1,1,1,83,4.3,1,1,68,66,1
5462,7.8,2,3,2,85,4.6,1,1,74,87,0
3072,6.5,1,3,0,83,4.8,1,0,87,81,0
3045,7.6,2,1,2,79,4.4,0,1,57,70,0
3264,8.3,2,3,2,90,4.6,1,1,70,84,1
2730,7.6,0,2,0,79,4.6,0,1,76,72,0
3434,8.5,1,3,2,75,4.1,1,1,76,77,1
434,8.1,2,3,2,85,4.5,1,1,76,88,1
3273,6.6,1,1,1,68,4.1,1,1,77,69,0
7002,8.4,1,3,1,75,4.3,1,0,73,73,0
9727,8.0,2,3,0,85,4.8,1,0,86,87,0
105,6.5,1,1,0,68,4.1,0,0,61,66,0
3316,7.3,1,1,1,66,3.8,0,1,59,70,0
1657,8.2,1,2,2,79,4.8,1,1,74,70,1
1534,7.2,2,1,0,77,4.4,1,1,61,61,1
4681,7.8,0,1,1,77,4.3,0,0,60,68,1
8814,6.5,1,2,0,69,4.8,0,1,56,72,0
9003,6.6,1,1,1,67,4.1,0,1,63,67,0
6623,8.6,1,2,0,85,4.2,0,1,71,67,1
1444,6.6,1,1,1,68,4.0,0,0,69,62,0
215,6.6,1,1,1,71,4.3,0,0,70,66,0
5357,8.3,2,2,2,89,4.0,1,1,78,85,1
9219,8.4,2,1,1,77,4.4,0,1,60,69,0
6323,7.7,2,1,0,74,3.6,1,1,69,70,0
4990,7.7,1,1,1,64,3.9,0,0,58,66,0
1420,6.9,0,1,0,69,3.4,0,0,55,66,0
9517,8.1,2,3,1,85,4.8,1,1,71,85,1
8607,6.5,1,1,1,68,4.4,1,0,60,60,0
182,8.2,1,3,0,82,4.8,1,1,70,73,1
4353,7.6,1,1,0,76,4.6,0,1,59,62,0
8701,8.7,2,3,2,90,4.8,1,1,85,86,1
2447,8.4,2,1,1,88,4.8,1,1,85,84,0
5322,6.6,1,2,0,73,4.3,1,0,58,66,0
8046,8.2,1,2,2,89,4.8,1,1,73,70,1
5685,7.4,2,3,1,77,4.4,1,1,78,65,0
3533,8.2,2,3,2,90,4.8,1,1,70,84,1
8245,8.4,1,3,2,84,4.8,1,1,81,84,0
7977,7.5,0,1,0,68,4.1,0,0,57,58,0
3699,7.3,1,1,0,76,4.3,0,0,55,66,0
71,7.5,1,1,1,69,4.3,0,1,71,76,0
545,8.3,1,2,2,85,4.6,1,1,72,88,1
1205,7.4,0,2,0,78,4.4,0,1,78,69,0
3079,6.5,2,3,2,79,3.7,1,1,57,68,1
9107,8.3,2,3,2,90,4.8,1,1,80,81,1
9121,7.0,1,1,0,81,3.6,0,1,55,70,0
9681,8.1,2,3,2,86,4.8,0,1,79,81,1
6181,8.7,1,2,1,76,4.2,1,1,75,86,1
8330,6.7,1,2,1,76,4.6,1,1,71,68,0
4285,8.2,2,3,2,90,4.8,1,1,85,81,1
4008,8.6,1,2,2,90,4.5,1,1,83,81,0
8714,8.7,2,1,2,80,3.9,0,0,68,82,0
878,6.5,0,1,0,65,3.5,0,1,55,71,0
8061,7.4,2,3,0,81,4.6,0,0,80,69,0
197,8.1,0,1,0,71,3.6,1,0,69,67,0
9747,7.3,0,1,1,72,3.6,0,1,59,67,0
4011,8.4,2,3,2,90,4.8,1,1,84,86,1
9963,7.3,1,1,0,60,4.5,0,0,58,60,0
2572,8.4,0,2,0,81,3.8,1,1,65,65,1
3754,6.5,1,1,0,68,4.3,1,1,56,69,0
9248,7.8,0,1,0,73,4.4,0,0,56,68,1
8629,8.0,1,1,2,87,4.1,1,1,74,68,1
9369,8.2,1,2,1,70,3.9,0,1,55,71,0
6160,8.2,1,3,2,90,4.7,1,1,65,84,1
4792,8.2,2,3,0,87,4.3,1,1,83,84,1
5338,8.0,2,3,2,90,4.8,1,1,77,87,1
3025,6.5,1,2,1,80,4.8,0,0,83,65,0
2719,6.5,0,1,0,68,3.6,0,1,60,75,0
8656,8.0,2,3,0,83,4.1,1,1,67,83,0
6917,6.5,1,1,1,70,3.5,0,1,60,75,0
3985,6.9,1,2,0,70,4.3,0,0,55,71,1
7309,6.5,1,1,0,66,4.8,1,0,60,64,0
5954,7.7,1,1,0,76,3.8,0,0,55,61,0
3845,7.4,1,1,0,85,3.5,0,0,68,73,0
2683,6.5,0,2,0,79,3.6,0,1,72,70,0
4025,6.9,1,1,1,85,4.2,0,1,80,66,0
8716,6.9,0,2,1,82,3.9,0,1,78,59,0
3140,7.4,1,2,2,77,3.7,1,1,79,88,0
4238,8.3,2,3,2,86,3.9,1,1,63,85,1
219,8.3,1,2,2,88,4.1,1,1,80,79,1
6619,6.8,1,3,0,80,4.4,1,0,78,67,0
9607,7.3,0,3,1,85,4.7,1,0,75,79,0
5269,7.6,1,1,1,74,4.4,1,0,55,83,0
2544,7.6,1,2,0,90,4.8,1,1,77,86,1
2871,6.5,1,1,0,78,4.5,1,1,55,77,0
1245,6.5,0,2,0,78,4.3,1,1,55,69,0
421,7.3,1,1,1,75,3.6,0,1,55,66,0
6228,7.5,1,2,1,65,4.1,0,0,58,64,0
2059,8.7,2,3,2,90,4.8,1,1,80,86,1
8494,6.5,0,3,0,66,3.5,0,0,55,67,0
6435,7.6,0,1,0,67,3.8,0,0,60,69,0
3423,6.6,0,1,1,81,3.5,0,1,55,70,0
4511,7.4,0,1,1,67,4.5,1,0,55,68,0
1167,8.3,0,3,1,71,3.4,1,1,77,71,0
255,6.5,1,1,0,74,4.2,0,0,59,65,0
416,6.5,1,1,1,80,3.8,1,1,58,65,0
9176,7.8,1,3,2,83,4.5,1,1,68,86,1
3470,8.3,2,3,2,88,4.7,1,1,75,85,0
3051,8.2,1,1,1,76,3.5,0,1,85,63,1
760,8.6,1,2,0,74,4.4,0,0,55,66,1
1386,7.5,0,1,1,83,3.9,0,0,61,66,0
655,8.2,2,3,1,90,4.8,1,1,82,77,1
1202,6.9,1,1,2,81,4.5,1,1,81,68,1
2414,8.0,2,3,2,90,4.8,1,1,76,86,1
5580,8.4,1,2,2,79,4.8,1,1,61,81,0
5994,8.3,1,3,2,90,4.8,1,1,83,83,1
5295,6.7,1,1,0,70,3.9,0,1,56,67,0
3056,8.5,2,3,2,85,4.8,1,1,87,83,1
2831,7.1,2,3,2,88,4.5,1,1,75,70,1
2971,6.5,1,1,1,83,4.7,0,0,55,71,0
329,7.8,1,2,0,78,4.8,1,1,75,65,1
4271,7.9,2,1,1,85,4.2,1,1,79,70,1
5995,6.5,1,3,0,72,4.6,1,1,85,69,1
4393,6.8,1,1,0,67,4.1,1,0,61,71,0
2064,8.8,0,3,2,89,4.5,1,1,77,87,1
8302,7.5,0,1,0,72,4.5,1,1,55,70,0
9014,6.7,1,2,0,74,4.6,1,1,55,68,1
9330,6.7,1,2,2,82,3.2,0,0,66,58,1
5170,7.6,2,1,1,84,4.5,0,0,76,63,0
4430,6.5,1,2,0,70,3.9,0,1,63,63,0
1282,7.7,1,3,0,81,4.1,1,1,77,68,1
3382,8.5,2,3,2,85,4.4,1,1,74,83,0
2637,8.3,1,3,2,90,4.8,1,1,76,88,1
3329,6.5,1,2,1,88,4.5,1,1,72,87,1
6437,8.3,1,3,2,79,4.4,1,0,70,86,0
5019,8.2,1,1,0,86,4.6,0,1,79,61,0
7325,7.3,1,2,1,61,4.7,1,1,68,72,0
3796,8.1,2,3,1,88,4.2,1,1,74,84,1
2664,7.7,0,3,0,83,4.2,1,1,71,82,0
8283,7.4,1,1,1,70,4.3,0,1,72,75,0
1283,8.2,0,1,1,80,4.8,1,1,55,85,1
4149,7.6,1,1,0,69,4.2,0,1,55,66,0
1363,7.6,1,2,0,78,4.4,0,0,80,79,0
1438,8.8,2,3,2,90,4.8,1,1,83,67,1
9629,8.4,0,3,2,90,4.8,1,1,55,67,1
3442,8.0,1,1,0,81,4.6,1,1,85,87,0
57,8.0,1,1,0,74,4.5,1,1,55,65,0
4598,7.6,0,1,0,86,4.2,0,1,55,70,0
8480,7.6,1,2,0,70,3.7,1,1,63,71,1
5366,8.5,0,2,0,79,4.5,0,0,72,74,0
1845,6.7,1,1,2,78,4.3,0,0,65,68,0
5516,7.7,1,3,0,76,4.5,1,0,69,64,1
8574,6.7,1,1,1,75,3.7,0,0,63,71,0
6264,7.8,2,1,1,71,4.3,1,1,69,68,1
2881,7.9,2,3,2,90,4.8,1,1,78,87,1
1744,7.7,1,3,0,78,4.7,1,1,88,79,1
8399,8.4,1,0,0,75,4.7,1,1,76,76,1
4170,7.2,2,3,2,90,4.8,1,1,90,82,1
5198,7.7,2,3,3,82,4.5,1,1,82,81,1
8994,7.9,2,3,0,90,4.8,1,1,89,86,1
741,8.0,1,2,0,81,4.2,1,1,66,72,0
9067,7.3,0,2,0,71,3.5,0,1,67,68,0
1625,7.8,1,2,1,83,3.5,0,1,66,72,0
525,7.5,1,3,1,89,4.2,0,1,72,71,0
8000,7.4,1,2,0,76,4.4,0,1,61,69,0
4420,6.5,1,2,0,79,4.5,0,1,55,67,0
5427,7.7,1,3,2,90,4.4,1,1,69,86,1
6690,8.5,1,3,0,85,4.8,1,1,76,67,1
7383,8.4,2,3,2,90,4.5,1,1,75,80,1
436,7.2,1,1,1,67,3.8,0,0,59,63,0
2961,8.5,1,3,0,74,4.3,1,1,78,62,1
309,8.3,2,3,2,82,4.6,1,1,76,85,1
1566,7.6,1,1,0,74,4.6,1,1,55,61,0
2632,7.5,1,2,0,62,3.9,0,0,71,72,0
5598,8.2,1,2,2,88,4.4,1,1,81,85,1
9478,7.3,1,1,1,62,4.0,0,1,55,65,0
402,7.1,1,3,0,81,4.4,1,1,78,72,0
3827,7.5,1,3,3,90,4.6,1,1,86,79,1
882,7.7,0,1,1,71,4.0,0,0,55,62,0
3998,7.6,1,2,0,75,3.8,0,1,61,68,0
7119,8.4,1,2,0,77,4.1,0,0,56,62,0
3266,7.6,0,1,1,77,3.4,0,0,58,67,0
8407,8.5,2,3,2,82,4.4,1,1,76,65,1
5010,7.7,2,1,2,79,4.6,1,1,57,80,1
5737,8.3,2,3,2,90,4.8,1,1,81,87,1
5555,8.4,2,3,2,90,4.8,1,1,75,88,1
289,6.7,1,3,0,77,4.1,1,1,69,67,0
5565,8.0,2,1,2,88,3.8,1,0,82,82,0
8325,6.5,1,2,1,79,3.1,0,1,63,69,1
2624,7.8,1,3,2,90,4.1,1,0,70,86,0
8860,7.8,1,2,1,74,4.8,1,1,69,81,0
477,8.0,2,1,0,74,4.1,0,1,80,67,1
8592,7.8,0,3,1,90,3.8,0,1,55,71,0
9714,8.2,2,3,2,90,4.8,1,1,80,85,1
6523,6.5,2,3,2,66,4.7,1,0,67,65,0
3112,8.1,2,3,0,66,4.2,1,0,63,58,0
9471,8.1,1,3,2,90,4.8,1,1,71,87,1
738,7.0,1,1,1,65,3.0,0,0,55,62,0
3134,7.2,1,1,0,76,4.0,0,1,65,68,0
8048,8.3,1,1,0,83,4.0,0,1,65,66,0
6552,8.0,1,2,1,71,4.1,1,1,80,65,0
5408,6.8,0,1,0,71,3.3,0,0,57,59,1
5564,6.5,0,2,0,77,4.4,0,1,68,84,0
5329,6.8,1,1,1,60,3.6,0,1,55,68,0
6719,8.3,0,3,0,87,4.5,1,1,83,70,1
5119,7.4,2,1,0,78,3.6,0,0,55,70,0
4620,6.7,0,3,1,67,4.2,1,0,63,63,0
3690,8.2,1,2,1,70,4.4,1,1,69,82,1
7717,7.4,0,2,1,66,3.7,0,0,73,68,0
1840,6.9,1,2,0,73,4.2,0,0,55,57,0
1996,6.5,0,3,0,73,4.6,1,1,75,74,1
2400,7.7,1,1,0,72,4.2,0,0,55,63,0
6511,8.5,2,3,2,90,4.6,1,1,71,84,1
9357,7.5,0,2,1,64,3.7,0,0,55,63,0
4120,7.6,1,1,0,62,4.4,0,1,55,74,0
5895,6.9,1,1,0,76,3.3,0,1,71,66,0
801,7.7,0,1,2,76,4.6,0,1,84,63,0
8424,7.4,1,1,0,88,4.0,0,1,56,66,0
7681,6.9,1,1,1,74,4.1,0,1,55,61,0
1406,7.5,0,1,0,64,4.3,0,0,69,69,0
5432,7.6,1,2,1,79,4.8,1,1,77,85,0
70,8.4,1,1,2,67,3.8,1,1,76,69,0
9544,7.4,1,3,0,88,4.8,1,1,69,83,1
2760,7.5,2,1,1,82,4.7,0,0,76,68,0
8295,7.6,1,1,1,80,3.7,0,1,61,58,0
1587,7.7,1,1,0,74,4.0,1,1,79,87,1
6667,7.1,1,3,2,72,3.8,1,0,57,62,0
8015,6.9,1,2,1,90,3.9,1,1,78,85,0
1075,8.1,2,3,2,90,4.8,1,1,80,88,1
3064,8.8,2,3,2,90,4.6,1,1,85,83,1
6488,8.2,1,3,0,68,3.8,1,1,75,73,1
4706,7.3,1,2,0,68,3.8,0,1,59,57,0
9070,6.5,1,2,0,76,3.7,0,0,56,67,0
2604,7.3,1,1,0,62,4.1,0,0,57,73,0
7739,7.7,0,3,1,74,4.3,1,1,78,65,0
1580,6.6,1,3,1,75,3.9,1,1,71,70,0
5059,8.0,1,3,2,81,4.0,1,1,81,86,1
5754,7.1,0,1,0,87,4.4,0,1,75,65,1
3549,8.2,0,3,2,81,4.3,1,0,88,84,0
410,8.6,2,3,0,87,4.8,0,0,75,66,0
4098,7.3,0,1,1,76,4.2,0,0,55,66,0
6462,8.3,2,3,2,83,4.2,1,1,76,86,0
5602,7.6,1,3,1,73,4.1,0,1,80,70,0
5232,8.6,0,3,2,81,4.8,1,1,82,84,1
3778,7.7,1,1,0,81,4.0,1,1,75,65,1
2727,7.6,1,3,2,84,4.2,1,1,75,83,0
478,7.5,2,3,2,90,4.7,1,1,80,83,1
1330,7.6,2,2,2,74,3.8,1,1,75,84,0
4036,8.5,1,3,2,90,4.5,1,1,76,84,1
9643,7.5,1,1,0,63,4.1,1,1,63,71,0
1778,8.2,1,3,0,77,3.4,0,1,55,84,0
6097,8.3,1,3,2,90,4.8,1,1,79,80,1
752,8.2,2,3,1,79,4.8,1,1,79,86,1
5793,7.6,1,2,1,86,4.8,1,1,72,81,1
4061,7.9,1,2,1,77,4.2,1,1,84,64,1
9042,7.7,1,1,0,78,3.8,0,1,55,68,0
6031,7.8,1,2,0,73,4.5,1,0,79,61,0
5899,6.7,1,1,0,79,4.1,0,1,56,70,0
9339,6.9,0,1,1,60,3.6,0,1,55,59,0
9161,6.8,0,2,0,73,4.2,1,1,81,67,0
9997,7.4,0,1,0,90,4.8,0,0,84,67,1
5152,8.1,2,3,2,87,3.9,1,1,57,77,0
469,7.2,1,2,1,68,4.4,0,0,55,64,0
1546,7.8,2,3,2,90,4.8,1,0,82,79,1
6312,7.7,0,1,1,67,3.8,0,0,55,63,0
2684,6.5,1,2,0,73,3.6,1,1,84,72,0
8967,7.9,1,2,0,82,4.2,1,1,79,86,1
6182,6.5,0,2,2,66,4.0,1,1,61,65,0
1026,7.9,2,3,2,85,4.7,1,1,85,84,1
5113,7.2,0,2,1,78,4.4,0,1,79,61,0
8563,7.9,1,1,1,75,4.5,1,1,71,67,0
5369,6.8,1,1,0,66,3.5,0,0,56,72,0
2355,8.0,2,3,2,90,4.8,1,1,88,83,1
7279,7.6,0,3,0,80,4.4,1,1,83,74,0
3603,8.5,0,3,0,81,4.1,0,0,73,75,0
774,6.6,0,1,1,63,3.8,0,0,61,68,0
6774,8.4,0,1,3,72,4.2,1,1,74,82,0
8810,8.7,2,3,0,87,4.8,1,1,76,88,1
3383,7.3,0,3,0,77,4.6,1,1,87,88,0
642,7.9,1,1,1,66,4.5,0,0,74,69,0
4234,7.5,2,2,1,85,4.6,1,1,71,85,1
3816,7.8,1,1,2,90,4.0,1,1,71,83,0
4105,6.7,1,1,0,80,4.5,0,1,83,74,0
9926,7.6,1,3,1,74,4.0,1,1,72,81,0
1109,7.3,1,1,2,82,4.2,1,1,72,74,0
3528,7.8,2,3,2,90,4.5,1,1,74,85,1
3496,7.8,0,3,0,78,4.4,0,0,74,79,1
1421,7.7,1,1,0,67,4.0,1,0,64,61,0
6924,7.7,1,2,1,68,4.3,0,0,64,69,0
3882,7.6,0,2,0,71,4.3,0,0,67,58,0
8354,8.6,2,3,2,90,4.8,1,1,89,84,1
6246,8.4,2,3,0,90,4.2,1,1,82,85,1
4939,8.5,1,2,2,90,4.6,1,1,79,84,1
6799,7.9,1,1,1,81,4.7,0,0,55,66,0
7813,7.7,2,3,0,79,3.9,1,1,82,86,1
1681,7.5,1,3,1,73,4.6,1,1,75,63,1
6716,8.7,0,3,2,87,4.2,1,1,76,85,1
634,6.6,1,2,1,81,3.4,1,1,81,85,1
2570,8.4,1,3,2,90,4.7,1,1,81,88,1
7360,6.5,0,2,1,81,4.8,1,1,55,69,0
2167,8.0,1,2,2,80,4.7,1,0,72,80,0
8170,7.9,1,1,2,87,4.2,0,1,80,75,0
8846,7.6,1,1,1,76,3.4,0,0,55,59,0
2826,6.5,1,2,1,74,3.2,0,0,59,68,0
4088,7.7,2,3,1,89,4.7,1,1,61,84,1
6244,7.4,1,2,1,83,3.9,0,1,58,64,0
8365,6.6,1,2,0,71,4.6,0,0,55,67,0
3942,6.8,1,3,0,85,4.5,1,1,86,83,0
9180,7.9,1,1,0,90,4.1,0,1,60,69,1
8076,8.0,2,3,2,90,4.8,1,1,77,86,1
9196,8.4,1,3,2,90,4.8,1,1,81,88,0
4129,7.7,1,2,3,78,4.2,1,1,71,84,0
1173,7.6,1,1,2,78,4.2,0,0,78,60,0
8669,7.7,1,1,2,76,4.7,1,0,71,65,0
4223,7.6,1,2,1,80,4.1,0,1,56,65,0
4835,8.5,1,3,2,89,4.3,1,1,77,70,1
2577,7.4,1,3,2,87,4.4,0,1,78,72,0
1990,6.6,0,2,1,78,4.5,0,0,69,68,0
6974,6.8,0,1,0,82,4.0,0,1,65,63,1
5837,8.2,1,1,0,88,3.9,0,1,66,64,0
4533,8.7,2,3,2,90,4.8,1,1,83,85,1
3210,6.5,1,2,1,69,4.1,0,1,72,60,0
3856,7.9,1,2,0,60,4.0,0,0,55,59,0
2629,7.5,1,1,1,65,3.7,1,1,55,61,0
7804,8.1,1,2,1,86,4.8,1,1,69,85,1
1411,7.9,1,3,0,82,4.6,1,1,76,82,1
8258,8.7,1,3,2,90,4.8,1,1,68,81,1
7387,8.2,2,3,2,87,4.8,1,1,72,88,1
4304,8.1,0,1,1,81,4.5,1,1,60,78,1
6751,8.7,2,3,2,87,4.6,1,1,77,81,1
6556,8.4,1,3,3,89,4.8,1,1,84,72,1
816,8.2,2,2,1,90,4.8,0,1,72,62,1
2405,7.8,1,1,0,81,4.5,1,1,55,63,0
5398,7.5,1,1,1,69,3.6,0,1,55,71,0
9957,8.0,1,3,1,79,3.9,1,1,84,79,1
2132,8.1,1,2,1,69,4.0,1,1,86,73,1
1798,8.3,2,3,2,84,4.6,1,1,76,74,0
3091,6.5,1,1,0,74,3.6,0,1,58,67,0
4185,8.4,1,3,2,78,4.5,1,0,80,80,0
4565,8.5,2,3,2,84,4.7,1,1,87,80,1
5031,6.8,1,1,1,61,3.5,0,0,66,72,0
8049,8.3,1,1,1,72,4.7,1,1,66,71,0
123,7.7,1,3,2,90,4.8,1,0,80,85,1
180,7.4,1,1,0,60,3.4,0,0,58,62,0
9251,8.1,1,3,2,83,4.7,1,1,85,86,1
8096,7.5,1,1,1,76,3.6,0,0,58,70,0
6430,8.5,1,1,2,77,4.6,0,1,55,82,1
9738,7.0,0,2,1,64,4.1,1,1,77,65,1
4993,7.4,2,2,1,81,4.4,1,1,66,88,1
1158,6.8,1,1,0,76,4.5,0,0,55,65,1
9004,6.9,1,1,0,74,4.5,0,1,57,63,0
1533,8.0,2,3,2,90,4.1,1,0,88,79,0
8993,7.3,2,3,2,78,4.7,0,1,70,88,0
7860,7.5,1,3,0,78,4.5,1,1,75,82,0
9111,8.2,2,3,2,90,4.8,1,1,86,82,1
1536,8.2,2,3,1,78,4.4,1,1,67,85,0
9260,8.6,0,3,1,85,4.6,1,1,74,81,1
5518,7.4,1,2,0,69,3.6,0,0,69,68,0
2606,8.4,2,3,2,90,4.8,1,1,81,88,1
6128,7.5,1,3,2,86,4.8,1,1,71,88,1
9142,7.6,1,1,0,74,4.1,0,0,55,59,0
7459,8.9,1,2,1,84,4.1,1,1,68,62,0
2178,8.3,2,3,2,90,4.8,1,1,81,88,1
7991,7.9,0,2,0,80,3.6,0,0,60,86,0
2352,7.6,1,2,1,71,4.1,0,1,61,66,0
9178,8.3,2,3,2,90,4.8,1,1,82,85,1
3503,8.3,2,3,2,90,4.8,1,0,85,83,1
2135,8.1,2,2,2,79,4.6,1,1,79,85,0
1481,7.5,0,2,0,78,3.5,0,1,83,60,0
2794,8.2,0,3,0,86,4.0,1,1,67,80,1
4844,8.8,2,3,2,90,4.8,1,1,74,88,1
9781,6.5,0,3,1,67,4.1,1,1,66,83,0
9935,6.6,1,2,0,71,4.4,1,1,69,68,0
4763,8.4,2,3,0,83,4.4,1,1,85,82,1
7192,7.4,0,1,0,73,4.1,0,0,63,72,0
6042,8.2,2,3,2,90,4.8,1,1,74,85,1
9637,6.5,1,3,0,83,4.3,1,1,74,62,0
3446,8.3,2,3,2,89,4.7,1,1,84,82,1
8150,7.9,1,2,1,85,4.8,0,0,81,79,1
7766,8.0,1,3,0,90,4.8,1,1,72,88,1
3621,7.3,0,1,1,69,4.6,0,0,58,65,0
1953,7.8,0,2,0,86,4.1,1,1,85,84,0
556,8.3,2,3,2,88,4.7,1,1,70,85,1
4265,7.0,0,2,1,64,4.7,0,1,55,62,0
1164,7.8,0,1,0,61,4.0,0,0,56,68,0
1585,7.5,0,3,0,83,3.9,1,1,63,71,0
6152,8.6,1,1,0,81,4.3,1,1,55,63,0
9721,7.7,2,3,2,90,4.8,1,1,83,83,1
5838,8.4,0,3,2,87,4.2,1,1,80,84,1
5262,7.5,1,2,1,67,3.8,0,1,55,68,0
5240,7.5,0,2,0,88,4.2,0,0,55,64,1
7914,7.6,0,2,0,69,4.2,0,0,55,63,0
9163,8.3,2,3,2,88,4.8,1,0,79,83,0
1599,8.4,2,3,2,90,4.5,1,1,81,85,1
7183,8.0,2,2,2,85,4.7,1,1,75,84,1
301,7.5,1,1,0,67,3.4,0,0,65,71,0
9661,8.3,0,1,0,82,4.1,1,1,55,73,1
6948,6.7,1,1,1,82,4.4,1,1,82,73,0
3795,7.6,2,2,1,71,4.0,1,1,61,66,0
4573,8.9,1,2,1,76,4.8,1,1,76,81,1
4336,8.4,2,3,2,90,4.5,1,1,73,82,1
2859,8.1,2,3,2,90,4.7,1,1,82,85,1
5695,7.0,1,1,0,72,4.5,0,1,71,65,0
3143,8.7,2,3,2,90,4.8,1,1,90,80,1
1360,6.7,1,1,1,69,3.5,0,0,63,72,0
4534,8.7,1,3,2,89,4.7,1,1,79,81,1
9750,7.3,1,2,0,77,3.9,1,1,63,62,0
5688,8.5,2,3,2,71,4.6,1,1,74,83,1
487,8.3,1,3,1,86,4.8,0,1,80,67,0
7837,8.5,1,2,2,81,3.8,1,1,78,85,0
9555,8.2,0,2,2,88,3.3,1,1,74,68,1
5901,6.8,1,1,0,85,4.3,0,1,86,83,1
8117,8.1,2,3,0,83,3.8,1,0,67,60,1
7363,6.7,0,1,0,78,3.0,0,0,55,65,0
1153,6.7,1,3,0,86,4.1,0,0,65,69,0
5383,6.5,1,1,1,85,3.9,0,0,79,63,0
9742,7.9,2,3,3,81,4.4,1,0,90,81,1
5425,7.6,1,3,2,89,4.8,1,1,83,72,1
8808,7.9,0,2,2,87,3.9,0,1,63,69,0
5187,6.5,0,3,2,85,4.6,1,1,81,84,1
8410,8.2,0,3,2,90,4.2,1,0,80,84,0
6190,7.8,1,1,1,83,4.2,1,1,64,66,0
9703,7.6,1,3,0,90,4.8,1,1,68,87,1
8270,7.8,0,2,2,82,4.8,1,1,77,68,0
5315,7.6,1,3,2,84,4.6,1,1,78,79,0
9904,7.6,1,2,0,76,4.0,0,1,55,67,0
666,8.1,2,3,2,90,4.8,1,1,79,83,1
3354,8.1,2,3,3,90,4.6,1,1,77,85,1
8852,8.4,2,3,2,89,4.1,1,1,83,80,1
8062,7.7,0,1,1,70,3.6,0,1,55,68,0
643,6.6,0,1,1,72,3.4,0,0,83,65,0
9243,7.5,1,2,0,73,3.5,1,1,84,66,0
177,8.3,1,2,3,78,3.8,1,0,67,65,0
6432,8.1,1,3,2,88,4.8,1,1,80,82,0
9911,8.4,1,3,2,82,4.6,1,1,72,83,1
3439,7.3,1,3,0,87,4.6,1,0,55,70,0
787,7.4,1,1,1,67,4.5,0,0,55,67,0
6392,8.2,1,3,2,87,4.6,1,1,65,85,1
9066,7.5,0,1,0,63,4.3,1,1,55,64,0
9928,6.5,1,1,0,82,4.1,0,1,64,65,0
3203,8.4,1,2,0,76,4.7,1,1,55,65,0
4804,8.4,2,1,0,77,4.6,0,1,55,60,0
7836,6.5,1,1,0,78,4.4,0,1,66,74,0
7941,7.8,0,2,0,79,4.3,1,1,65,70,1
92,7.1,1,1,0,70,3.3,0,0,55,66,0
5763,8.3,0,2,1,89,4.7,0,1,56,69,1
9028,6.8,2,3,2,84,4.8,1,1,81,88,1
9505,7.4,1,2,1,69,3.4,0,1,57,66,0
8238,8.0,1,2,0,88,4.4,1,1,78,76,1
1972,7.7,1,2,2,75,4.6,1,0,68,73,1
2906,6.8,0,1,1,70,3.0,0,0,55,60,0
531,6.7,1,2,1,68,4.6,0,1,72,68,0
3636,7.4,1,1,1,71,4.4,1,1,68,66,0
997,8.2,2,3,2,90,4.8,1,1,87,88,1
5853,8.5,1,3,2,90,4.8,1,1,82,86,1
4227,8.9,1,3,1,90,4.7,1,1,72,87,0
5617,8.2,2,3,3,88,4.8,1,1,74,86,1
2313,6.5,1,2,0,80,4.4,0,1,59,68,0
2155,7.8,1,2,0,82,4.0,0,1,70,60,0
5318,7.9,1,3,2,66,4.1,0,0,55,58,0
1428,8.2,1,3,2,90,4.5,1,1,75,85,1
8631,6.5,1,1,1,73,4.0,1,0,55,62,0
6033,8.6,2,3,2,90,4.8,1,1,73,86,1
4416,8.5,1,1,0,73,4.0,0,1,61,63,0
8819,6.6,1,1,2,86,4.7,0,0,55,69,1
3086,8.3,2,3,2,90,4.8,1,1,80,87,1
7799,7.5,1,1,0,82,4.1,0,0,76,70,0
9154,7.6,2,3,0,84,4.5,1,1,78,87,0
8210,7.5,0,2,1,70,3.8,1,1,78,87,1
9574,7.6,0,1,0,82,3.9,0,1,58,72,0
9535,8.3,1,1,1,76,4.2,0,1,65,62,0
496,8.8,1,3,2,88,4.8,1,1,79,86,1
3750,8.4,2,3,2,84,4.7,1,1,77,85,1
2322,7.4,1,2,1,62,4.5,1,1,60,66,0
4268,8.2,1,3,2,87,4.7,1,1,73,78,1
3406,8.2,1,2,0,87,4.2,1,1,73,84,0
152,8.6,0,3,2,90,4.8,1,1,73,78,1
7370,7.3,1,1,1,74,4.8,0,0,55,66,0
695,7.2,1,2,0,81,4.3,1,1,83,63,0
4418,8.0,2,1,0,90,4.3,0,1,71,83,0
5698,7.7,1,2,2,78,4.3,1,1,79,81,1
1739,6.9,1,3,1,78,4.5,1,1,59,70,1
3002,8.2,1,3,2,85,4.4,1,1,76,88,1
168,8.3,2,3,0,71,4.6,1,1,77,82,1
6112,7.5,2,3,0,87,4.6,1,0,80,81,1
4623,8.2,2,3,3,90,4.2,1,1,78,77,0
2866,8.6,2,3,2,89,4.8,1,1,79,85,0
8545,8.7,2,3,2,90,4.8,1,1,78,85,1
4703,8.5,2,3,2,90,4.6,1,1,74,85,1
2884,7.6,2,3,0,90,4.8,1,0,74,85,0
3032,8.0,1,3,2,88,3.9,0,0,88,71,1
8184,6.7,0,1,0,70,4.7,1,1,61,85,1
8981,6.9,1,2,2,77,4.2,1,1,77,86,0
8529,6.5,1,1,0,82,4.6,1,1,67,71,0
5682,8.5,1,3,0,88,4.8,1,1,82,65,1
7210,7.9,1,3,0,64,4.1,1,1,56,70,0
5992,6.8,1,1,1,68,4.5,0,1,77,67,0
2277,6.5,0,1,0,73,3.7,0,0,72,67,0
7133,8.2,1,3,1,85,4.7,1,1,76,83,1
5706,7.6,1,1,0,69,3.9,0,1,64,62,0
7999,7.6,1,1,0,80,3.9,0,0,56,67,0
5293,6.9,1,1,0,77,3.4,0,0,60,65,0
4305,7.5,1,2,2,75,4.3,0,1,76,85,1
7446,6.8,1,1,1,64,3.3,0,0,55,68,0
429,8.3,0,3,0,75,4.2,1,0,77,69,0
7069,8.5,0,3,2,77,4.8,1,1,81,84,1
6365,7.9,1,2,0,74,4.1,0,1,55,72,0
4216,6.5,2,3,2,84,4.6,1,1,69,83,0
427,7.1,2,2,0,76,4.0,0,1,55,69,1
2224,6.5,1,2,1,76,4.3,0,0,69,62,1
101,7.4,1,2,1,63,3.9,0,0,55,67,0
9245,7.4,0,1,2,90,4.5,1,1,76,68,1
3308,8.3,1,3,2,90,4.7,1,1,65,87,0
2763,7.6,2,1,0,90,4.8,0,1,68,74,0
5858,8.0,1,1,0,81,4.2,1,1,72,70,0
4739,7.6,0,3,0,85,4.3,0,1,64,83,1
7093,8.5,0,2,0,89,4.5,1,1,70,83,0
9633,8.3,2,1,1,90,4.6,1,1,88,84,0
3287,7.4,1,2,0,78,3.9,0,1,73,72,0
7713,8.4,1,3,2,77,4.5,1,1,75,72,0
7869,8.9,1,3,0,85,4.8,1,1,73,81,1
6068,8.4,1,3,2,85,4.6,1,1,75,67,1
9236,8.4,0,1,1,85,4.8,1,1,75,81,1
3578,8.5,2,3,2,90,4.8,1,1,79,83,1
1466,8.4,1,3,0,84,4.4,1,1,81,69,1
7676,7.3,0,3,1,82,3.8,0,0,84,62,0
2235,8.5,1,3,2,86,4.6,1,1,64,83,1
1745,7.5,1,1,0,78,3.8,0,1,55,76,0
9755,7.6,0,1,0,70,3.5,0,1,64,70,0
6095,8.5,1,3,2,89,4.0,1,1,68,74,0
8782,7.5,1,2,0,81,4.7,0,1,56,69,0
9402,7.5,1,3,1,86,4.2,0,1,66,64,0
8372,8.3,2,3,2,90,4.3,1,1,75,82,0
5028,8.1,1,1,1,74,4.5,0,0,70,62,0
9235,6.5,0,2,1,60,3.1,1,0,60,67,0
3945,7.7,1,1,2,79,4.1,1,0,61,84,0
6863,6.6,2,3,2,85,4.8,1,1,79,85,1
5351,8.0,1,3,2,87,4.6,1,0,83,82,1
9423,7.8,1,3,0,80,3.8,1,1,78,57,1
2122,7.7,2,3,1,67,4.2,1,1,64,80,0
4973,8.5,2,1,0,79,4.8,1,0,55,72,1
8577,8.4,2,3,2,90,4.7,1,1,75,82,1
3785,7.5,0,2,0,81,4.1,1,1,74,66,0
6873,6.5,2,1,0,85,4.8,0,1,72,68,0
917,6.5,1,1,1,64,4.0,0,1,55,66,0
9395,7.7,0,2,3,74,4.0,1,1,90,84,0
7253,7.6,1,2,0,77,4.1,0,1,55,58,0
8013,7.0,1,2,0,69,4.3,0,1,55,68,0
5822,8.5,2,3,2,90,4.7,1,1,86,80,1
4404,8.2,0,3,2,75,4.6,1,1,85,62,1
4864,7.7,1,1,0,79,4.3,1,1,85,71,0
8516,7.7,0,1,0,81,3.8,1,1,82,64,0
5423,8.3,0,3,0,88,4.7,1,1,73,74,1
7734,7.4,1,1,0,75,4.5,0,1,57,66,1
1204,7.7,1,2,1,75,3.8,0,0,55,64,0
3769,7.3,2,1,1,79,4.8,1,0,58,66,0
5358,7.3,1,2,0,72,4.3,0,1,56,66,0
3853,6.5,0,1,0,67,3.9,1,1,76,66,0
1927,7.7,2,2,2,84,3.9,0,1,86,87,1
3115,6.8,1,1,0,69,4.0,0,0,55,63,0
2642,8.1,1,2,0,89,4.8,1,1,77,83,0
7640,6.5,0,1,1,69,3.9,0,0,55,62,0
7361,7.3,1,1,0,70,4.3,0,1,63,76,0
8183,7.3,1,2,0,83,4.5,1,1,56,71,1
7611,8.2,2,1,2,90,4.6,1,1,74,79,1
2729,7.6,1,1,0,75,3.6,0,1,55,68,0
9598,8.3,1,3,0,90,4.4,1,1,83,81,1
4986,7.0,1,3,2,87,3.9,1,1,64,72,0
6847,7.4,1,1,1,70,4.5,0,0,55,67,0
7699,7.6,1,2,1,69,4.2,0,0,63,60,0
4013,7.8,1,2,2,83,4.7,1,1,63,71,1
2627,6.6,1,1,0,87,4.8,0,0,56,65,0
7239,8.2,1,3,0,80,4.6,1,1,81,71,1
8256,8.5,1,3,2,89,4.8,1,1,77,88,1
9566,8.0,1,3,2,90,4.4,1,1,87,81,1
806,7.6,1,2,1,89,4.5,0,0,60,64,0
4635,8.0,0,1,0,75,3.6,0,1,67,84,0
5248,7.5,0,1,0,68,3.6,0,0,59,63,0
5567,6.5,2,1,0,60,4.5,0,0,67,72,0
5740,8.0,2,3,2,90,4.6,1,1,77,84,1
5144,8.1,1,3,2,90,4.8,1,1,84,82,1
8266,8.3,2,3,2,89,4.8,1,0,82,84,1
4460,8.1,0,2,0,78,4.0,0,0,58,68,0
1243,8.3,0,1,2,90,4.8,1,1,81,82,1
6946,7.5,0,3,1,79,4.4,1,1,55,67,0
5741,7.4,1,2,1,68,3.6,0,0,55,64,0
5326,8.1,2,3,2,86,4.5,1,1,80,86,0
548,7.4,1,3,1,75,4.5,1,1,83,67,1
3023,7.7,0,2,2,72,4.8,1,0,85,67,0
5762,8.2,1,2,0,67,4.1,0,1,56,78,0
4032,8.2,2,3,2,85,4.4,1,1,82,85,1
27,7.4,2,3,2,78,4.3,1,1,76,82,0
4953,8.0,1,3,1,87,3.9,0,1,56,66,0
5153,6.5,1,2,0,74,3.4,0,0,59,70,0
2509,6.8,1,1,1,72,4.3,0,1,65,60,1
1434,7.8,1,1,1,83,4.8,1,1,62,64,1
2583,6.5,2,3,2,81,3.3,0,1,83,76,1
1303,8.5,1,3,2,88,4.8,1,1,72,83,1
5813,8.2,0,3,2,89,4.3,1,0,85,84,1
7350,7.7,1,1,1,76,4.6,1,1,59,82,0
5282,8.0,2,3,2,90,4.8,1,1,77,83,1
6115,7.4,1,1,0,81,3.9,0,1,62,69,0
1222,7.5,1,1,1,76,3.9,0,0,55,66,0
7436,7.7,1,2,1,70,4.8,1,1,74,85,0
2549,7.5,1,1,1,72,4.4,0,1,60,69,0
751,8.1,1,2,3,86,4.5,1,1,88,70,1
438,8.4,2,3,2,90,4.8,1,1,82,86,1
4372,8.2,1,3,2,90,4.6,1,1,75,82,1
4449,8.4,1,3,0,74,4.6,0,1,70,69,0
2848,8.4,1,3,0,81,4.8,1,1,85,88,1
1174,7.7,2,3,1,85,4.2,1,0,83,84,1
7496,7.6,1,1,1,89,4.8,1,1,55,84,1
2700,8.4,2,3,2,90,4.8,1,1,75,84,1
9889,7.8,1,2,0,73,3.5,0,1,63,67,0
9507,7.7,1,2,0,74,3.9,0,1,55,71,0
6396,8.6,2,3,2,86,4.3,1,1,77,86,1
2482,8.6,1,3,2,90,4.8,1,1,80,80,1
5457,7.7,1,2,0,88,4.1,1,1,55,64,0
8445,6.5,1,2,0,78,4.5,0,0,64,69,0
2707,8.8,1,3,3,90,4.8,1,1,75,84,0
4662,7.4,0,1,0,72,4.5,0,1,55,75,0
327,6.5,1,1,1,78,3.9,0,1,67,73,1
1040,7.4,1,2,3,71,4.8,1,1,85,71,0
2638,8.1,1,3,2,86,4.6,1,1,88,84,1
5023,8.3,1,3,2,86,4.8,1,1,80,84,1
2500,8.5,0,1,0,81,4.2,1,1,74,65,1
1005,8.6,1,1,2,75,4.5,1,1,68,82,0
2862,7.9,1,3,1,75,4.6,1,1,80,81,0
3234,7.6,2,2,3,86,4.8,1,1,85,84,1
1871,8.0,2,3,0,77,4.8,1,1,77,85,0
4246,7.9,1,1,1,84,4.5,1,1,71,85,1
6928,8.2,1,3,0,90,4.7,1,1,68,60,1
8386,6.5,0,2,2,82,4.3,1,1,82,88,0
535,7.5,1,2,0,77,4.3,0,0,55,74,0
9828,7.4,1,3,2,80,4.7,1,1,74,83,1
7149,8.3,0,3,2,90,4.8,1,1,85,85,1
7366,6.8,1,1,0,68,4.2,0,1,55,63,0
586,7.3,1,1,0,81,4.4,0,0,55,65,0
9915,8.3,2,2,2,90,4.6,1,1,75,86,0
3036,8.0,2,3,3,84,4.0,1,1,75,60,0
4429,6.7,0,1,1,81,4.1,0,1,81,64,0
4090,7.4,1,2,1,71,4.8,1,1,55,58,0
1704,7.0,1,1,1,61,3.5,0,0,55,67,0
4296,8.6,2,3,2,83,4.8,1,0,55,67,0
5720,7.2,1,2,2,82,4.5,1,0,55,61,0
492,8.3,2,3,2,79,4.4,1,1,74,80,1
6900,8.5,1,3,0,88,4.7,1,1,74,88,1
4354,7.7,1,1,0,76,3.8,0,1,75,58,0
2837,6.8,1,1,1,71,4.3,0,1,60,62,0
2267,7.4,1,1,0,74,4.1,0,1,56,62,0
7719,6.5,1,2,0,81,3.5,0,1,62,63,1
9524,7.7,1,1,0,78,4.3,0,0,56,67,0
8023,7.2,1,2,2,75,4.3,0,1,75,75,0
4708,7.9,0,1,0,88,4.3,1,1,73,81,0
9844,8.0,2,3,2,85,4.8,1,0,77,82,1
2901,8.4,2,2,2,86,4.8,1,1,72,83,1
9619,8.2,2,3,2,80,4.0,1,1,78,83,1
2945,8.2,2,3,2,83,3.8,1,1,73,69,0
1917,8.1,1,1,2,90,4.8,1,1,83,72,1
3186,8.4,2,3,2,90,4.8,1,1,77,88,1
8627,8.2,2,3,2,90,4.8,1,1,68,86,1
9435,7.4,1,1,0,65,4.0,0,0,62,67,0
7256,6.6,2,3,2,79,4.4,1,1,82,83,1
4247,8.7,1,3,2,87,4.8,1,1,69,82,1
8616,8.5,1,3,1,90,4.8,1,1,80,67,0
5147,7.9,1,3,0,82,4.5,1,1,76,72,0
8566,8.4,1,3,0,86,3.6,1,1,76,87,1
2519,6.8,0,1,1,62,3.5,0,0,55,63,0
398,7.9,1,3,0,88,4.7,1,1,87,85,1
1318,7.2,0,2,0,77,4.6,0,0,61,71,0
4561,6.5,1,2,1,79,3.9,0,1,57,71,0
122,8.0,1,1,1,68,4.2,0,1,59,66,0
2450,8.6,2,3,2,90,4.8,1,1,82,87,1
8856,8.6,1,3,0,82,4.5,0,1,55,74,0
8109,7.8,2,1,0,70,3.5,0,0,70,66,0
1567,7.7,1,1,1,72,4.4,0,0,57,65,0
1985,7.6,2,1,1,76,3.5,0,1,58,81,0
4334,6.6,1,2,1,80,4.1,1,1,58,64,0
7911,7.6,1,2,0,79,4.1,0,1,69,65,1
9287,6.6,1,1,1,74,4.0,1,1,55,65,1
3919,8.4,0,3,2,90,4.8,1,1,80,86,1
2174,8.3,0,2,2,84,4.8,1,1,87,86,1
3284,8.1,0,2,1,79,4.4,0,0,68,66,1
8496,8.2,2,2,2,87,4.8,1,1,88,85,1
8585,8.8,2,3,2,90,4.8,1,1,83,86,1
2334,8.0,0,3,2,90,4.8,1,1,79,83,1
574,8.2,2,3,2,90,4.7,1,1,85,80,1
3661,8.4,2,1,2,90,4.8,1,1,79,83,1
9076,8.4,2,3,2,90,4.8,1,1,69,88,1
982,7.4,2,3,2,71,4.8,1,1,85,75,1
9371,7.5,1,1,1,87,4.8,0,1,69,72,1
1408,6.5,2,1,1,64,3.8,0,0,61,60,0
536,8.4,2,2,2,73,4.8,1,0,78,82,1
4316,8.5,1,2,2,86,4.6,1,1,73,75,1
4599,7.8,0,1,1,71,3.9,0,0,55,74,0
8623,7.6,1,2,1,61,3.2,0,0,61,57,0
8759,8.3,2,3,2,90,4.8,1,1,83,85,1
1435,8.5,1,3,0,74,4.0,1,1,80,58,0
6995,7.5,1,2,1,74,4.0,0,1,64,82,1
2580,6.5,0,1,1,73,3.8,0,1,55,71,0
9404,7.4,1,1,3,85,4.0,1,1,74,71,0
3270,8.5,1,1,1,71,3.8,0,1,63,87,0
9554,7.6,2,3,1,78,3.8,0,1,62,64,0
3839,8.0,2,3,1,69,3.9,0,1,56,69,0
1868,6.7,1,1,0,80,3.5,0,0,57,62,0
1455,8.3,1,3,1,86,4.3,1,1,65,84,1
1787,7.5,1,3,0,88,4.8,1,0,82,85,1
9913,8.7,2,3,2,83,4.8,1,1,88,80,0
7096,7.1,1,1,2,73,4.2,1,0,78,62,0
2522,8.1,1,1,2,76,4.0,0,1,71,71,0
4440,7.4,0,1,1,61,3.8,0,0,62,64,0
1821,8.5,2,3,2,90,4.5,1,1,75,82,1
5616,8.3,2,3,0,86,4.7,1,1,76,84,1
2930,8.9,1,3,2,83,4.6,1,1,71,84,1
52,8.2,1,3,0,65,4.1,1,0,66,65,0
4727,8.2,1,3,2,84,4.4,1,1,70,83,1
5717,6.5,1,2,1,68,4.8,0,0,55,68,0
5466,8.2,2,2,1,74,4.2,0,1,76,69,1
470,8.1,0,2,0,88,4.0,0,1,67,84,1
2630,8.4,1,3,1,80,4.4,1,1,74,80,0
6514,7.7,1,1,0,78,3.9,0,1,69,72,0
7468,6.5,2,1,1,86,3.7,1,1,58,68,0
3946,8.4,2,3,2,90,4.8,1,1,70,85,1
6205,8.4,1,3,1,75,4.8,1,1,79,68,0
4263,7.4,1,2,1,60,3.2,0,0,55,68,0
1859,7.7,1,1,1,73,4.3,0,0,65,63,0
9533,6.9,1,1,1,65,3.0,0,0,61,63,0
866,7.5,1,2,1,69,3.8,0,1,57,69,0
6391,8.6,1,1,1,83,3.0,0,0,55,72,0
7213,7.9,0,3,2,82,4.4,1,1,74,83,1
4922,6.6,1,2,1,62,3.7,0,1,73,60,0
8102,7.8,1,3,0,81,4.3,1,1,76,82,1
4793,7.2,1,2,1,76,4.1,0,0,73,65,0
8855,8.0,0,2,2,90,4.8,1,1,68,85,1
6251,7.5,0,1,1,71,4.5,0,1,55,67,0
5937,6.8,1,1,0,82,3.8,0,0,60,65,0
426,8.7,1,3,0,74,4.6,1,1,86,83,1
189,7.8,1,1,1,65,3.9,0,0,55,70,0
5630,7.5,1,2,1,76,3.8,0,1,55,75,0
4360,7.6,1,3,1,86,4.6,1,1,79,82,0
229,7.4,1,2,0,77,4.5,0,1,66,86,0
7758,8.1,1,3,0,76,4.0,1,1,75,73,1
7678,6.8,1,1,1,73,3.9,0,1,78,67,0
2742,8.8,2,3,2,90,4.8,1,1,77,81,1
1042,7.9,1,2,2,88,4.8,1,1,70,84,1
4076,7.5,0,1,0,72,3.6,0,0,56,70,0
9141,7.6,0,1,0,83,3.7,0,0,76,69,0
6119,7.5,1,3,0,71,4.7,0,0,73,66,0
6903,7.2,1,2,0,79,4.1,0,1,55,64,0
472,8.2,0,3,3,90,4.7,1,1,65,87,1
2922,7.6,1,2,2,65,4.8,1,0,58,72,0
1906,7.7,2,3,2,89,4.8,1,1,82,87,1
8877,8.0,1,3,2,90,4.7,1,1,74,88,1
802,6.5,0,1,1,71,4.4,1,1,55,75,0
1488,7.9,2,1,1,81,4.8,1,0,55,63,1
8442,6.5,1,1,0,68,4.0,0,1,55,69,0
228,8.7,2,3,2,87,4.7,1,1,80,84,1
7891,7.6,1,1,1,66,3.8,0,0,56,67,0
1129,6.7,0,1,0,60,3.9,0,1,55,58,0
5071,8.7,1,1,0,75,4.4,1,0,71,57,0
9167,8.3,1,2,1,88,4.2,0,1,71,85,1
2209,8.9,2,3,2,86,4.7,1,1,71,88,1
7994,7.3,1,2,1,83,4.2,0,0,61,64,0
9843,7.7,2,3,2,87,4.8,1,1,57,83,0
6560,8.3,2,3,2,86,4.8,1,1,78,83,1
9922,7.5,1,1,0,64,3.8,1,0,62,63,0
3154,7.4,1,1,0,77,4.5,0,1,69,73,0
4442,8.4,2,3,2,90,4.8,1,1,85,82,1
7506,8.8,0,2,1,78,4.5,1,1,78,71,0
8958,8.3,2,3,2,88,4.8,1,1,66,83,1
6216,8.0,1,2,1,73,3.8,0,1,60,66,0
9599,6.5,1,1,0,82,4.4,0,1,56,68,0
2145,8.5,0,3,2,87,4.7,1,1,58,76,1
7412,8.1,2,3,2,90,4.7,1,1,79,88,1
8930,8.6,0,3,2,78,4.2,1,0,62,74,0
2375,6.5,0,2,3,85,4.5,1,1,55,71,1
2578,6.6,1,1,1,83,3.9,1,0,70,66,0
1633,6.5,1,2,0,82,4.1,1,1,70,66,0
4833,6.5,1,3,2,73,4.3,1,1,55,68,1
2299,7.5,1,1,1,62,4.3,0,0,60,61,0
5034,7.7,0,2,0,88,4.8,1,0,77,81,0
157,8.4,1,3,2,90,4.5,1,1,79,86,1
8047,7.6,0,1,1,66,4.2,1,1,55,67,0
6707,8.4,1,1,0,84,4.5,0,1,68,71,0
3350,7.5,1,1,2,68,4.6,1,0,62,70,0
2880,8.1,1,1,1,79,3.4,0,1,78,66,0
3414,7.5,1,1,1,72,4.0,0,1,63,62,0
7769,7.4,1,3,0,75,4.6,0,0,78,86,0
4190,8.2,1,3,1,88,4.8,1,1,63,81,1
9611,8.2,2,3,2,90,4.8,1,1,87,83,1
9735,7.8,1,2,0,80,4.5,1,1,60,69,1
7252,8.5,2,2,2,85,4.5,1,1,68,86,0
7614,7.4,1,2,0,74,4.5,0,1,70,68,1
6920,7.3,0,1,1,69,3.7,0,1,59,59,0
9682,7.6,1,1,0,74,4.2,0,1,61,61,0
9672,6.8,2,1,0,77,3.8,1,1,61,74,1
4795,6.5,1,1,0,64,4.4,0,1,61,73,0
5655,6.5,1,1,0,74,4.2,0,1,55,78,0
2496,7.4,1,1,1,66,4.0,0,1,55,67,0
7305,7.0,1,1,0,76,4.8,1,0,70,63,1
2373,8.3,0,3,0,88,3.4,1,1,76,87,1
4092,8.6,1,1,0,87,4.8,1,1,69,82,1
9472,8.7,2,3,2,90,4.8,1,1,79,84,1
3462,7.8,1,2,2,77,4.3,0,0,81,83,0
7007,7.7,0,2,1,71,4.4,0,1,55,70,0
5392,8.5,1,1,2,77,4.3,1,1,80,81,1
7173,7.3,1,2,0,80,3.7,0,1,55,69,1
5697,8.1,0,3,0,86,3.7,1,1,90,85,1
5665,7.5,0,1,0,88,4.7,0,0,61,60,0
4504,7.5,1,3,1,89,4.8,1,1,80,86,0
2551,7.6,2,3,0,78,3.7,1,1,72,84,1
4716,8.5,2,3,2,90,4.8,1,1,83,87,1
848,7.5,2,1,2,79,3.9,1,1,68,82,0
3345,7.4,0,2,0,71,3.8,0,0,55,64,0
939,7.3,1,1,0,65,4.0,0,1,63,70,0
4826,7.4,0,2,1,79,4.6,0,1,61,67,0
9694,7.5,1,1,0,72,4.2,0,0,57,72,0
8864,7.4,1,1,0,79,3.6,0,1,57,71,0
8611,8.3,1,3,2,77,4.0,0,1,76,82,0
5355,6.9,1,3,2,65,4.0,0,1,79,60,0
5478,7.8,1,1,1,65,3.7,0,0,55,64,0
9724,8.1,1,3,1,89,4.4,1,1,76,88,1
757,8.1,1,3,1,89,4.7,1,1,78,85,1
4751,6.7,1,1,0,71,4.5,0,0,58,59,0
2645,7.3,1,1,1,80,4.7,0,0,55,67,0
4163,6.7,1,2,0,68,4.6,0,1,55,77,0
8649,8.2,1,2,3,83,4.2,1,1,78,80,0
3166,7.8,1,1,0,90,4.3,0,1,69,84,1
6498,7.2,0,1,1,76,4.2,0,0,55,69,0
5988,8.1,2,3,0,86,4.5,0,1,73,83,1
3874,7.7,1,1,2,86,4.2,1,1,58,80,0
7752,8.7,2,3,0,82,4.1,1,1,72,79,1
6524,7.4,1,2,0,81,4.3,0,1,71,69,0
3419,8.0,1,3,2,85,4.8,1,1,76,83,1
9905,8.7,2,1,2,85,4.8,1,1,84,68,1
2062,8.1,1,2,0,78,4.2,1,1,84,82,1
550,8.4,1,1,0,73,4.2,0,1,55,69,0
4454,7.4,1,1,0,71,3.9,0,1,55,59,0
2813,7.9,1,2,2,90,4.2,1,1,81,86,1
8778,7.6,0,3,2,82,4.5,0,0,78,64,1
8996,8.4,1,2,0,81,4.0,0,1,55,59,1
2550,7.6,1,2,0,86,4.2,0,1,58,65,0
6070,6.9,1,1,0,79,4.7,1,0,71,71,0
3170,7.9,1,1,1,67,3.3,1,1,71,68,0
7055,8.2,2,3,2,87,4.8,0,1,65,66,1
4829,7.8,1,1,2,74,3.8,0,1,60,81,0
9571,6.5,1,1,1,66,3.6,0,0,59,69,0
1260,7.6,1,2,1,76,4.3,1,1,74,82,1
8713,8.2,1,1,1,68,3.9,0,1,70,66,1
3662,8.4,1,1,0,80,4.6,1,1,77,82,0
7923,8.7,2,3,3,90,4.7,1,1,84,81,1
1025,8.1,1,1,1,72,4.6,1,0,61,63,0
4966,6.7,1,1,1,68,4.8,1,0,57,65,0
753,8.4,2,1,2,77,4.5,1,1,71,72,0
3943,7.6,1,1,0,71,3.9,0,1,55,60,0
3711,7.5,1,1,0,60,3.7,0,1,55,60,0
9961,8.3,1,1,0,70,4.1,0,1,69,76,0
1952,8.0,1,1,2,80,4.7,1,1,80,79,0
6315,7.3,0,1,0,78,3.3,0,0,60,67,0
352,7.8,0,2,2,74,4.6,1,1,58,60,0
1512,7.5,1,2,1,77,4.4,1,1,83,71,1
4830,8.2,2,3,2,90,4.6,1,1,85,85,1
9617,7.4,1,2,1,83,4.1,0,1,90,88,0
3747,8.4,1,3,2,90,4.8,1,1,85,68,1
5800,8.0,0,2,2,87,4.7,1,0,72,83,0
702,8.4,2,1,1,87,4.8,0,1,75,78,0
3694,8.7,2,3,2,90,4.4,1,1,69,85,1
4615,6.7,0,1,0,82,3.8,0,0,67,63,0
7214,7.6,2,1,0,84,4.4,1,0,55,83,0
562,7.7,1,3,0,82,4.2,1,1,90,88,1
2319,8.3,1,3,2,89,4.7,1,1,72,80,0
3099,7.6,1,1,1,60,4.4,0,1,59,70,0
4839,8.4,2,3,2,90,4.8,1,1,78,85,1
3151,7.9,0,3,0,87,3.9,1,1,78,82,0
5609,8.3,2,3,2,90,4.8,1,1,80,86,1
4300,8.1,2,3,2,90,4.8,1,1,86,87,1
4619,8.2,1,2,0,69,3.9,1,1,68,63,0
4075,7.5,1,2,1,76,3.7,1,1,59,70,0
3995,7.5,1,1,0,69,3.7,0,1,55,70,0
6374,6.5,1,1,0,65,4.1,0,0,58,70,0
6168,6.5,0,3,0,81,3.8,0,1,59,69,0
1048,8.3,1,1,1,71,4.8,1,1,78,83,0
2940,8.2,1,2,2,90,4.7,1,1,83,87,0
1809,7.7,0,1,2,78,4.6,0,1,55,85,1
3167,8.3,1,2,0,83,4.2,1,0,79,84,0
415,7.6,1,3,1,73,4.4,0,1,55,62,0
1341,8.2,0,1,0,90,4.7,0,1,67,86,0
9372,8.3,2,3,2,86,4.8,1,1,84,76,1
7741,7.5,2,3,1,79,4.4,1,1,68,71,1
5061,7.5,0,1,1,60,4.2,0,0,59,74,0
4634,7.9,1,3,1,77,4.3,1,1,84,85,1
4610,7.0,0,1,1,66,3.8,0,0,55,65,0
7367,7.2,1,3,3,88,4.6,0,1,76,84,1
1470,6.8,1,2,1,76,3.8,0,1,59,69,0
1711,8.3,0,3,2,89,4.4,1,1,75,82,0
6271,7.4,1,1,0,65,3.7,0,1,81,82,0
8733,8.0,2,3,2,90,4.8,1,1,77,85,1
2272,7.8,2,3,0,75,4.5,1,1,72,81,1
1584,8.5,1,3,2,90,4.7,1,1,86,87,1
1413,7.4,1,1,3,61,4.0,0,0,55,70,0
4112,8.3,2,3,2,90,4.8,1,1,81,87,1
7653,7.3,0,1,1,70,3.9,0,0,55,71,0
6694,7.7,1,2,0,75,3.7,0,1,71,69,0
1723,8.5,2,3,2,87,4.8,1,1,74,78,1
2025,6.5,1,2,0,85,3.4,0,1,57,71,0
2213,6.5,1,1,1,62,4.1,0,1,63,67,0
1508,7.7,2,1,0,78,4.3,1,1,75,68,0
2623,6.7,1,1,0,70,3.6,0,0,64,69,0
5291,7.6,1,2,1,81,4.8,1,1,80,79,0
9129,6.5,0,1,0,64,4.1,0,0,56,69,0
1322,7.9,2,3,2,80,4.6,1,0,77,69,0
843,6.5,1,1,0,70,4.8,1,1,79,62,1
1147,8.6,2,3,0,85,4.8,1,1,89,83,1
3625,6.5,1,3,1,73,4.2,0,1,59,67,0
4281,7.7,0,2,1,81,3.8,1,1,82,65,0
9011,8.6,2,3,2,90,4.8,1,1,82,81,1
8987,8.1,1,2,0,83,3.9,0,0,85,60,0
4682,8.4,0,3,2,78,4.8,0,1,85,65,1
464,8.2,2,2,1,76,4.6,1,1,66,65,0
1755,6.5,1,1,2,71,3.7,1,0,75,66,0
3937,8.6,2,3,2,90,4.8,1,1,89,86,1
7934,8.0,0,2,0,60,4.2,0,0,55,70,0
9461,7.0,0,1,0,74,4.4,0,0,71,60,0
4402,7.9,1,1,1,70,3.4,0,0,62,71,0
4701,6.5,0,1,1,66,3.6,0,0,55,70,0
8992,8.7,2,3,2,81,4.6,1,1,79,85,1
379,8.2,2,2,2,81,4.8,1,1,78,83,1
3107,7.0,1,2,1,83,4.8,1,1,58,64,0
8216,7.7,2,3,1,85,4.2,1,1,74,82,0
1336,8.0,2,3,1,90,4.3,1,1,79,73,1
1224,8.0,1,2,0,79,4.4,0,0,84,77,0
3849,6.6,1,1,1,60,3.4,0,0,55,66,0
2717,6.5,0,3,0,71,3.8,0,1,63,66,0
6838,8.4,2,3,2,90,4.8,1,1,82,84,1
2953,8.6,1,3,2,89,4.6,1,1,75,83,1
1351,8.6,0,3,2,90,4.8,1,1,81,82,1
1083,7.4,0,2,0,86,3.8,0,1,78,71,0
6454,8.1,1,1,0,69,4.0,0,1,55,70,0
1812,8.3,1,1,2,78,4.5,1,1,78,88,1
4122,7.5,1,1,0,77,4.8,0,1,55,58,1
1352,8.4,2,3,2,85,4.5,0,1,86,81,1
7818,7.4,1,3,1,87,4.6,0,0,69,83,0
8797,7.6,1,1,1,71,4.2,0,0,57,68,0
1895,7.5,0,1,0,66,4.3,0,0,60,68,0
6640,7.5,1,2,0,65,4.4,0,0,55,62,0
566,7.6,1,2,2,70,4.8,0,1,73,84,1
3904,7.6,0,1,2,90,4.8,0,1,81,77,1
7101,6.5,0,2,0,75,4.3,0,1,82,70,0
3674,6.5,1,1,0,83,3.6,0,1,55,70,0
4367,8.0,1,2,0,76,4.4,1,1,61,70,1
7546,6.6,1,1,0,77,3.8,0,1,59,71,0
1213,8.2,1,3,2,90,4.8,1,1,85,86,1
1190,8.0,1,3,2,86,4.6,1,1,87,81,1
3956,6.5,1,3,3,79,4.3,1,1,63,87,1
899,8.5,1,3,1,77,4.7,1,1,65,85,0
4787,8.3,1,3,2,79,4.7,1,1,76,78,0
8093,7.6,1,1,0,82,3.7,0,1,55,67,0
4603,7.9,1,1,1,73,4.3,0,0,55,82,0
8897,8.2,1,3,2,90,4.3,1,1,76,82,1
3455,7.5,1,2,3,76,3.7,0,1,55,67,0
3610,7.3,2,2,0,66,4.1,1,1,60,70,0
8158,8.2,2,3,2,90,4.6,1,1,76,85,1
8766,7.4,1,2,1,76,4.4,1,1,79,70,0
9678,7.4,1,1,0,68,3.9,0,1,79,76,0
7573,7.4,1,1,0,67,3.7,0,0,65,65,0
3910,8.2,1,3,2,89,4.4,1,1,73,69,1
4029,7.6,1,2,0,76,4.1,1,1,70,62,0
3932,8.2,0,2,2,79,4.0,1,1,76,79,1
2333,7.6,1,3,1,73,3.9,1,0,72,73,1
7303,8.1,2,3,1,90,4.7,1,0,74,84,1
2263,8.3,1,2,1,84,4.7,1,1,59,69,0
9261,7.6,1,2,1,82,4.3,1,0,68,66,0
5782,6.6,1,3,1,70,4.7,1,1,55,62,1
2596,8.2,2,3,2,90,4.8,1,1,85,83,1
7201,7.4,1,0,2,73,4.2,0,1,90,72,0
3594,6.5,1,1,0,83,3.9,0,1,70,69,0
5217,7.8,0,1,1,85,4.3,0,0,70,80,1
1031,8.2,1,2,0,83,4.8,1,0,65,71,1
7434,7.3,1,1,0,69,3.7,0,1,56,70,0
7878,8.5,1,2,0,87,4.0,1,1,78,70,1
8824,8.2,2,3,2,82,4.4,1,1,80,83,1
8237,6.8,0,1,1,67,3.4,0,1,59,68,0
5734,8.0,2,1,0,78,4.6,0,0,63,71,1
5379,6.7,1,1,1,76,4.6,0,0,65,69,0
7763,6.5,1,2,1,69,4.3,0,0,55,61,0
1756,8.1,2,3,0,88,4.5,1,0,76,85,1
7356,8.0,1,1,0,90,4.4,0,1,74,62,0
4162,8.4,2,3,2,90,4.8,1,1,88,82,1
232,7.4,2,1,1,87,4.5,1,1,68,84,0
8105,7.4,0,2,1,72,4.4,0,1,60,70,1
111,8.0,1,1,3,84,4.0,0,1,57,61,0
5458,7.6,1,2,0,81,4.7,1,1,74,85,0
6709,8.5,2,2,0,83,4.7,1,1,80,87,0
2515,7.4,2,1,0,74,4.5,1,1,67,68,0
5962,8.2,0,2,1,75,4.6,1,0,82,72,0
4280,7.8,0,3,0,74,4.1,0,1,68,67,0
4721,7.6,1,3,1,77,4.1,1,0,63,87,1
2918,7.8,0,3,2,85,4.3,1,0,89,63,0
9391,8.5,1,1,2,90,4.6,1,1,82,88,1
2993,7.5,1,2,0,67,4.2,0,0,55,64,0
2318,7.6,1,3,0,84,4.1,0,0,57,73,0
4848,6.6,0,1,1,78,4.4,0,1,55,73,0
4293,8.8,1,3,2,90,4.8,1,1,85,81,1
6992,7.8,1,2,1,73,4.0,1,1,55,87,0
1516,7.6,1,1,1,72,4.2,1,1,57,67,0
217,6.9,1,2,1,74,4.1,0,0,55,69,0
9214,7.7,1,2,0,83,4.6,1,1,71,82,0
9062,7.6,0,2,0,85,4.2,1,1,81,83,1
8418,7.6,1,3,0,78,3.9,1,1,72,85,0
2264,7.4,0,1,0,85,3.9,0,1,68,63,0
5327,7.9,0,2,1,87,4.4,0,0,71,70,0
6841,8.6,1,1,2,77,4.6,1,1,87,86,1
8499,7.4,2,2,1,82,4.6,1,1,73,88,0
6011,6.6,0,2,1,74,4.6,0,1,55,66,0
894,6.5,0,3,1,67,3.5,1,1,86,72,1
1491,7.1,1,2,1,80,4.7,0,1,57,74,1
3004,8.2,1,2,1,90,4.8,1,0,82,63,0
1851,7.8,1,1,0,86,4.0,1,1,60,76,1
5200,6.5,0,1,0,69,3.6,0,1,71,72,0
6381,6.6,1,1,1,60,3.3,0,0,56,66,0
325,7.2,1,2,0,69,4.0,0,1,55,61,0
1216,6.9,1,3,2,82,3.5,1,1,59,60,1
2900,8.6,1,1,2,87,3.9,1,1,84,84,1
2934,8.6,1,1,3,81,4.7,0,1,72,86,1
3659,6.5,1,2,1,69,3.7,0,0,66,66,0
8679,7.9,2,3,1,75,4.5,1,1,79,80,0
6674,7.7,1,1,0,66,3.6,0,1,55,63,0
7973,8.2,1,2,3,84,4.0,1,1,82,63,0
8587,8.1,1,3,0,74,4.0,1,1,62,83,1
6170,7.7,1,3,2,76,4.8,0,1,68,87,1
9725,7.7,1,1,0,72,4.1,0,0,61,68,0
1130,7.3,1,2,2,79,4.6,0,0,55,68,1
8857,7.9,2,3,2,90,4.7,1,1,80,88,1
2919,8.2,2,3,2,90,4.8,1,1,85,83,1
3903,6.6,2,1,0,75,4.2,0,1,75,70,0
7948,8.5,0,3,2,90,4.6,1,1,74,87,1
9098,7.6,1,2,0,72,4.4,0,1,57,64,0
3828,6.7,1,1,1,74,3.9,0,1,56,83,0
4924,7.5,1,3,1,66,3.8,0,1,69,72,0
209,8.3,2,3,3,90,4.5,1,1,70,88,1
3255,7.6,1,1,1,73,4.1,0,0,55,67,0
2796,8.1,1,3,2,90,4.5,1,1,76,82,1
5107,8.4,2,3,2,90,4.7,1,1,80,88,1
9012,6.5,1,2,1,61,3.9,0,1,55,66,0
799,7.6,0,1,0,65,4.1,0,0,55,68,0
9106,8.0,2,3,2,90,4.8,1,1,77,86,1
735,8.2,0,1,0,71,4.8,0,0,62,68,0
2245,7.4,0,1,1,69,4.0,0,1,60,71,0
179,7.5,2,1,2,90,4.8,1,0,55,65,0
5831,8.7,1,2,2,73,4.4,0,1,72,68,0
7009,8.1,2,1,3,79,4.0,1,1,78,79,1
1175,7.5,1,1,3,68,3.6,0,0,58,72,0
6643,7.5,1,1,1,80,4.5,0,1,73,67,0
5849,7.4,1,3,0,78,4.2,0,1,71,67,1
1832,7.6,1,1,1,75,3.7,0,0,55,63,0
7996,6.5,0,1,0,80,3.9,0,1,75,69,0
9280,7.8,0,2,0,71,4.4,0,1,55,66,0
7898,7.1,1,1,1,64,4.5,0,0,66,64,0
8598,8.3,2,2,0,90,4.8,1,1,80,72,1
8523,8.5,2,3,2,90,4.8,1,1,75,88,1
199,7.6,1,1,1,82,4.8,1,1,79,86,1
7929,7.3,1,2,0,80,4.5,1,1,55,64,1
7077,8.0,0,1,1,86,4.0,0,1,55,74,0
9285,7.5,2,1,1,75,4.8,0,0,62,62,0
1098,7.6,1,2,0,81,4.5,0,1,76,84,0
549,7.9,1,3,0,90,4.6,1,1,81,79,1
6909,7.8,1,2,0,81,4.8,0,1,55,62,0
8230,6.5,1,1,0,70,4.0,0,1,59,71,0
4707,6.5,1,1,1,73,4.2,0,0,55,57,0
6913,8.8,2,3,2,83,4.1,1,1,73,83,1
3370,8.4,2,3,2,86,4.4,1,1,72,61,1
7584,8.5,1,3,0,90,4.5,1,1,74,83,1
2533,7.5,1,3,0,83,4.7,1,1,59,87,1
4056,8.2,2,3,2,84,4.8,1,1,75,83,1
2315,8.7,1,2,1,90,4.6,0,0,74,68,0
6654,7.6,1,1,1,60,4.4,0,1,56,69,0
6886,6.9,1,1,1,83,4.6,1,0,55,67,1
5938,7.3,2,3,2,90,4.5,1,1,79,84,1
2816,8.6,1,2,0,80,4.2,0,0,55,68,0
3438,7.6,1,1,0,66,3.2,0,0,55,63,0
3881,7.5,1,1,0,78,4.7,1,1,73,87,0
4158,8.7,2,3,0,84,4.2,0,1,55,65,0
67,7.8,2,3,2,87,4.8,1,0,90,83,0
7867,6.8,1,1,0,71,4.4,0,0,60,68,0
617,6.9,1,1,1,74,4.3,0,1,57,57,0
1119,8.2,1,3,2,90,4.8,1,1,72,85,1
3261,6.6,1,1,0,76,4.4,0,0,57,62,0
3402,6.9,0,3,2,78,4.3,1,1,84,73,1
3693,8.0,2,3,2,90,4.8,1,1,89,88,1
938,8.4,2,3,2,90,4.8,1,1,71,87,0
6605,8.3,1,3,2,90,4.6,1,1,85,84,1
2573,8.1,0,3,2,87,4.8,1,0,90,83,1
7537,6.5,2,2,2,80,4.6,1,1,81,72,1
6325,8.3,1,1,1,70,4.3,0,0,58,70,0
623,8.3,1,2,2,88,4.4,1,1,78,86,1
1682,8.3,1,2,1,82,4.4,1,1,76,85,1
2127,8.7,2,3,2,90,4.8,1,1,73,82,1
788,8.2,1,3,2,87,4.7,1,1,73,86,1
3333,7.4,0,1,0,60,3.0,0,0,55,70,0
7237,7.7,1,2,0,77,3.9,0,1,69,79,0
1093,8.8,1,3,2,82,4.8,1,1,77,84,0
9104,7.4,1,1,0,60,3.8,0,0,55,63,0
5021,8.1,0,3,0,77,3.9,1,0,69,65,0
9354,8.3,1,2,1,73,4.1,1,1,63,65,0
5945,7.6,0,1,0,69,3.1,0,0,60,62,0
3281,6.5,1,1,2,90,4.8,1,0,75,80,0
8187,8.4,2,3,0,89,4.8,1,1,71,85,0
2202,8.5,1,3,0,79,4.5,1,1,73,88,0
1161,7.8,1,3,0,88,4.8,1,1,77,87,1
5582,8.3,1,1,0,75,4.2,1,1,86,86,1
3593,8.1,1,2,1,90,4.7,1,1,71,72,0
3953,8.3,2,3,2,89,4.6,0,1,79,86,0
9692,7.6,0,2,1,85,4.3,1,1,74,81,1
6248,8.2,0,2,2,78,4.1,1,0,55,63,0
4154,8.2,2,3,0,90,4.5,1,1,74,79,1
479,8.4,2,3,1,85,4.7,1,1,63,78,1
1353,8.1,2,3,2,89,4.6,1,0,79,88,1
4310,6.5,1,1,1,74,4.0,0,0,87,67,0
5699,7.4,1,2,2,66,4.4,0,1,61,85,0
2648,7.4,0,1,0,72,3.6,0,0,60,71,0
8461,8.2,1,3,2,85,4.6,1,1,79,86,1
8199,7.4,1,1,0,74,3.8,0,0,73,70,0
7690,8.4,1,2,2,73,4.3,1,0,71,79,1
9258,6.5,1,2,1,72,3.5,0,0,57,65,0
2590,8.5,2,3,2,90,4.7,0,1,76,82,1
1034,7.7,1,2,1,85,4.6,1,1,76,83,1
4687,7.6,0,1,1,69,4.5,0,0,55,71,1
5012,6.5,0,1,1,60,3.7,0,0,61,68,0
2599,7.7,1,2,0,84,4.7,0,1,72,61,0
5820,7.1,2,2,1,84,3.9,0,0,59,68,0
4609,6.7,0,1,0,78,3.8,0,1,61,62,0
8471,7.6,1,2,1,88,4.2,1,1,73,86,1
9041,8.1,2,3,0,90,4.7,1,1,86,88,1
7451,6.5,1,1,1,73,4.5,0,0,55,59,0
4672,7.9,1,3,1,80,4.8,1,0,79,87,1
5584,6.5,1,3,0,90,4.6,1,1,84,80,1
3718,8.7,1,1,1,70,4.1,0,0,68,60,0
9328,7.7,1,3,2,90,4.3,1,1,76,83,1
3929,7.7,0,1,0,70,3.7,0,0,71,70,1
3618,6.7,0,3,2,90,4.8,1,1,76,88,1
1426,7.5,1,2,1,83,4.6,0,1,62,69,0
9379,7.5,1,1,1,65,3.9,0,1,55,72,0
2920,7.6,1,3,0,82,3.8,1,1,78,65,0
3820,7.5,1,2,2,79,4.2,1,1,75,62,1
1872,7.6,1,2,1,67,4.1,0,0,58,70,0
5488,8.3,2,3,2,68,3.9,1,0,77,84,1
481,7.6,1,1,0,66,3.7,1,1,65,60,0
5973,7.5,1,2,0,83,4.3,0,1,56,66,1
9601,8.5,2,3,2,90,4.8,1,1,80,83,1
2889,6.5,1,1,1,79,4.2,0,0,85,71,0
6687,7.4,1,1,0,72,4.3,0,0,64,63,0
6316,8.1,0,3,0,88,4.7,1,0,88,86,1
528,8.2,1,1,0,70,4.2,0,0,55,62,0
4130,6.5,1,2,1,82,3.4,1,0,72,68,0
723,7.9,1,2,2,90,4.3,1,1,74,88,1
5121,8.0,1,3,2,81,4.8,1,0,64,85,0
4723,8.1,2,2,1,65,4.8,1,0,56,68,0
221,6.6,1,2,1,76,4.1,1,1,82,69,0
9189,8.2,2,3,2,90,4.6,1,1,81,79,1
1936,7.2,2,2,2,79,4.4,1,1,83,82,1
345,6.6,1,1,2,81,4.8,1,0,68,71,0
8333,6.5,1,1,2,85,4.3,0,1,73,71,0
9675,8.7,1,2,1,73,4.4,1,1,63,85,1
4484,7.6,1,1,0,79,4.0,0,1,62,69,0
9707,7.6,1,2,1,66,4.4,0,1,56,61,0
8487,7.4,1,1,0,60,4.3,1,1,61,75,1
9217,8.0,0,3,1,90,4.1,1,1,64,61,1
6904,8.3,1,3,2,90,4.7,1,0,71,83,1
9155,7.3,0,1,2,85,4.7,1,1,74,84,1
5961,6.5,1,1,0,69,4.5,0,0,55,70,0
7035,7.6,1,3,0,81,4.3,1,1,80,82,1
6052,8.1,2,3,2,88,4.4,0,0,73,82,1
2392,7.5,2,1,1,65,4.0,0,1,56,62,0
7182,7.4,1,3,0,84,4.1,1,1,55,73,0
4329,7.4,0,1,0,71,4.4,0,0,57,66,0
6453,6.5,0,1,1,80,3.7,0,1,67,68,1
1984,8.3,1,1,0,81,4.7,0,0,75,69,0
8247,7.7,1,2,0,86,4.5,0,1,72,79,1
1555,7.6,2,2,1,77,4.1,0,0,69,75,0
4851,8.6,2,2,2,81,4.8,1,1,78,81,1
9096,7.3,2,1,2,86,3.8,0,1,71,67,0
9923,7.9,1,1,1,79,4.0,1,1,81,64,0
7533,7.7,1,3,0,75,4.0,1,1,78,81,1
6854,8.2,0,2,2,71,4.4,1,1,55,73,1
4642,8.3,2,3,2,90,4.8,1,1,73,87,1
2882,7.6,1,1,0,68,4.3,0,0,62,68,0
1678,7.0,1,1,0,82,4.6,1,0,71,79,0
4886,6.5,1,2,0,60,4.7,0,1,55,63,0
1965,6.8,0,2,0,73,4.3,1,1,64,63,1
902,8.0,1,2,1,81,4.4,1,1,83,84,1
7131,6.6,1,1,0,80,4.2,0,1,74,72,0
3069,8.7,2,3,2,89,4.5,1,1,63,87,1
2297,7.6,1,2,0,71,4.1,0,0,56,63,0
6238,7.4,1,2,0,78,4.1,0,1,71,66,0
5863,7.8,0,2,0,78,4.4,0,1,59,64,1
297,7.5,0,2,0,69,3.6,0,0,61,59,0
8779,6.9,0,1,0,79,4.8,1,0,62,67,0
58,8.4,2,2,2,81,4.6,1,1,77,82,1
7243,8.6,1,3,2,88,4.8,1,1,79,88,1
4386,7.9,2,3,2,79,4.1,0,1,76,87,0
2985,8.3,1,2,2,83,4.2,1,1,55,88,1
28,8.3,1,1,1,81,4.5,1,1,64,65,0
4408,6.6,0,1,0,78,4.8,0,0,62,72,0
9878,7.5,2,3,2,87,4.7,1,1,86,83,1
2677,6.5,0,1,0,72,4.6,0,0,79,58,0
8546,6.5,2,3,2,84,4.5,1,0,81,68,0
5263,6.5,1,1,1,64,4.1,0,1,59,76,0
5842,8.7,2,3,2,89,4.7,1,1,70,63,1
7022,8.1,2,3,2,81,4.5,1,1,76,71,1
3249,8.1,2,1,1,90,4.4,0,0,70,84,1
5668,6.5,1,3,1,79,4.2,1,1,56,65,0
3885,7.8,1,2,2,90,4.8,1,1,74,84,1
7664,8.5,1,2,0,81,4.4,1,1,79,75,1
296,8.6,1,1,2,84,4.3,1,1,57,82,1
3162,7.3,0,3,0,83,4.3,1,0,73,74,0
2581,8.0,0,1,1,67,4.1,1,1,62,61,1
3871,7.6,1,1,0,68,3.6,0,0,56,65,0
9211,6.7,1,1,0,81,4.5,0,1,65,61,0
4405,8.0,2,3,2,90,4.3,0,1,67,86,1
6953,6.7,2,3,0,76,4.2,0,1,78,85,0
649,7.6,1,2,0,79,4.3,1,1,79,69,1
1371,8.1,2,3,2,83,4.4,1,1,90,81,1
9856,8.5,1,2,1,80,4.0,1,1,75,67,0
6993,7.9,1,2,1,68,4.0,0,1,71,68,0
5533,7.5,1,2,1,72,4.5,1,1,78,81,0
9621,8.0,0,3,2,90,4.8,1,1,74,71,1
5709,8.2,2,3,3,90,4.5,1,1,80,86,0
4210,6.5,1,1,0,74,4.6,0,0,58,67,0
682,8.1,2,2,0,71,4.4,1,1,78,83,1
435,7.8,1,3,0,81,4.3,0,0,64,70,0
9310,6.7,1,1,0,60,3.7,0,0,55,63,0
4825,6.5,1,2,2,88,4.7,1,1,77,69,1
9762,7.9,1,3,0,81,4.5,1,1,66,74,0
3160,6.5,0,1,0,70,4.2,1,0,64,81,0
1490,7.6,1,2,0,74,4.2,1,1,55,81,0
2988,8.6,2,3,2,88,4.5,1,1,82,85,0
813,7.1,1,2,0,70,4.0,0,0,57,72,0
1883,7.7,1,1,1,78,3.3,0,0,55,74,0
9268,8.4,2,3,2,85,4.5,1,1,89,79,1
4937,7.5,1,1,0,60,3.7,0,1,55,74,0
9936,7.8,1,2,0,80,4.8,1,1,86,83,1
1941,7.6,1,1,0,66,4.1,0,1,58,69,0
3297,8.3,1,3,2,85,4.2,1,1,73,83,1
3535,7.4,0,1,1,76,4.3,0,1,55,62,0
4526,8.2,1,2,2,89,4.3,1,0,79,80,1
3730,7.4,2,3,0,78,4.8,1,1,78,71,1
7016,7.8,1,1,1,76,3.8,0,1,55,66,0
1613,7.7,2,3,2,86,4.4,1,1,71,74,1
1182,6.5,1,1,0,81,4.3,0,1,55,63,0
1376,6.7,1,2,3,69,4.6,1,0,72,69,0
9225,7.7,2,3,1,90,4.8,1,1,80,87,0
3947,7.5,1,2,0,82,3.7,0,0,73,84,0
7211,8.1,1,3,2,90,4.8,1,1,85,82,1
5212,7.5,1,1,2,84,4.8,1,0,83,81,0
64,6.6,1,2,1,72,4.1,0,0,55,75,0
627,7.4,1,1,2,80,4.3,1,1,55,66,0
4422,6.5,1,2,1,74,4.6,1,1,62,72,0
1670,6.7,1,1,1,75,4.3,0,1,65,67,0
2113,8.7,0,3,1,88,4.8,1,0,77,82,1
5805,7.6,1,3,1,65,3.7,0,0,56,59,0
9764,7.7,2,1,3,77,3.9,1,1,65,86,0
4033,8.4,1,1,1,73,4.5,0,0,63,60,0
6546,8.4,0,2,1,70,4.0,1,0,75,64,0
7949,7.6,1,2,0,88,4.8,1,1,62,80,0
85,7.6,0,2,0,86,4.8,1,1,57,72,1
9181,7.6,0,1,0,82,3.8,0,0,80,70,0
1463,8.2,2,3,2,90,4.8,1,1,75,85,0
2284,7.6,1,1,1,70,4.5,0,0,62,71,0
2888,6.5,1,2,0,68,4.4,0,1,72,70,1
5835,7.9,2,3,2,80,4.4,1,1,84,81,1
685,7.0,1,2,0,67,4.3,0,1,69,69,0
4470,8.1,2,3,2,84,4.6,1,1,83,88,1
419,7.5,1,1,0,67,4.2,1,1,57,70,1
5229,7.1,1,1,1,72,3.2,0,0,58,64,0
4254,8.2,1,3,2,87,4.6,1,1,78,82,1
2710,7.9,2,3,2,90,4.8,1,1,81,87,1
2358,8.1,2,2,1,90,4.7,1,1,68,88,1
8060,6.5,0,2,0,80,4.2,0,0,57,71,0
1367,7.6,1,2,0,79,4.1,0,1,55,72,0
6278,8.0,0,3,1,83,3.7,0,1,59,81,0
3917,7.6,2,2,1,73,4.7,0,0,59,62,0
294,7.7,2,3,2,78,4.6,1,1,78,83,0
2640,8.4,2,3,2,90,4.8,1,1,85,78,1
9459,7.7,0,2,0,74,4.5,1,1,60,66,0
1507,6.5,0,1,0,75,3.7,0,1,63,67,0
9038,8.8,1,3,2,89,4.5,1,1,73,85,1
7394,7.7,0,1,0,83,4.7,1,1,78,84,0
1635,8.1,2,3,2,90,4.7,1,1,81,83,1
2458,8.1,0,2,3,72,3.2,1,1,73,83,1
9892,7.7,1,3,1,72,4.5,1,1,67,85,1
5559,7.8,0,2,1,79,4.7,0,1,56,72,0
9752,7.7,1,1,0,82,4.6,1,0,55,84,0
2301,8.8,0,3,0,82,4.8,1,1,63,78,1
4538,7.5,1,1,0,75,4.4,0,0,68,69,0
2939,7.9,0,1,1,73,4.1,0,1,79,80,0
1564,7.5,1,1,1,60,3.5,0,1,58,66,0
5690,8.2,2,1,1,90,4.0,0,1,55,66,0
8659,7.9,1,3,3,83,4.7,1,1,69,81,1
7518,6.5,1,2,0,81,4.1,1,1,56,81,0
1980,8.3,2,3,0,88,4.8,1,1,82,72,0
1884,7.4,1,1,0,69,4.4,0,0,57,66,0
3804,8.5,2,2,2,89,4.8,1,1,68,83,1
439,8.2,1,1,0,76,4.2,0,1,55,62,0
4636,7.8,2,2,2,89,4.7,1,1,82,80,1
4529,8.4,2,1,1,78,3.9,1,1,57,62,0
4333,7.5,1,2,2,82,4.8,1,1,74,86,0
3574,8.5,2,3,2,90,4.7,1,1,85,82,1
8742,7.7,1,1,1,64,4.5,0,0,55,65,0
8912,6.8,1,1,1,71,4.3,0,1,55,62,0
4818,6.6,1,1,1,80,3.5,0,0,70,72,0
6436,6.5,1,1,1,73,3.4,0,0,55,65,0
2987,7.4,1,1,0,77,4.2,0,1,55,70,0
7839,7.4,1,3,2,90,4.0,1,1,71,83,1
705,8.4,2,3,2,90,4.7,1,1,76,84,1
2281,8.3,0,3,2,74,4.1,1,1,70,84,0
8735,6.5,1,3,0,81,3.8,0,1,63,57,0
4148,8.0,2,3,2,87,4.4,1,1,83,84,0
5413,8.4,1,2,0,85,4.4,1,1,79,86,1
374,7.6,1,2,0,64,4.5,0,1,62,63,0
6406,7.7,1,2,2,78,4.2,1,1,69,76,1
9224,6.5,0,2,2,81,4.6,1,1,79,69,1
2586,6.6,1,1,0,60,4.2,0,1,62,67,0
1333,8.8,2,3,2,90,4.8,1,1,77,85,1
9573,7.8,0,2,0,86,4.3,0,1,56,73,0
5283,8.1,1,3,0,88,4.5,1,1,78,83,1
9132,7.6,2,3,0,76,4.8,1,1,71,85,0
8316,7.6,1,2,1,74,4.7,0,1,77,85,0
9810,8.0,2,3,2,90,4.8,1,1,84,83,1
1785,7.4,1,1,0,77,4.3,0,1,56,69,0
3183,8.4,0,2,3,82,4.4,1,1,77,88,1
495,7.4,1,1,0,89,4.4,0,1,58,73,0
7364,7.5,1,1,1,66,4.1,0,1,56,69,0
2861,8.4,2,3,0,90,4.8,1,1,70,88,1
7930,8.5,1,2,2,77,4.3,1,1,80,77,1
4042,7.9,2,1,0,71,4.7,0,1,77,86,0
7179,7.5,1,2,1,76,4.1,1,1,55,62,0
2898,7.6,1,1,1,75,4.1,0,0,55,70,0
367,8.7,1,2,0,84,4.4,1,1,65,88,1
850,8.3,2,1,0,86,4.8,1,0,74,86,0
7441,7.2,1,1,0,69,4.1,1,0,64,73,0
9455,8.4,2,3,2,86,4.3,1,1,76,84,0
4302,8.5,1,0,0,81,4.1,0,0,57,71,0
2654,7.3,1,1,1,67,3.4,0,0,55,68,0
3504,7.6,1,1,0,65,3.1,0,0,58,69,0
1542,7.6,1,1,2,81,4.2,1,1,86,81,0
4166,7.6,1,2,2,75,3.8,1,1,75,63,0
8867,8.3,1,3,2,88,4.6,1,1,77,88,1
323,7.9,2,1,0,71,4.8,0,1,56,66,0
2032,8.4,1,3,0,87,4.1,1,0,55,84,0
814,7.9,1,1,1,86,4.3,0,1,55,70,0
8940,8.3,0,3,2,82,4.8,1,1,73,79,1
9376,7.7,1,1,1,74,3.7,0,1,57,74,0
1080,8.4,1,2,2,77,4.5,0,1,55,85,0
2227,8.4,1,3,2,81,4.3,0,1,74,66,1
9137,8.0,2,3,0,90,4.4,1,1,78,85,1
9532,8.1,1,3,2,90,4.8,1,1,90,85,1
2706,8.6,2,3,2,90,4.7,1,1,85,82,1
6825,8.0,1,1,2,83,4.4,1,0,71,74,0
7557,7.6,0,2,1,77,4.7,1,1,76,65,0
1165,6.5,1,1,0,67,3.8,0,1,55,71,0
3262,7.1,0,1,0,69,4.2,0,1,57,71,1
4688,7.6,1,1,0,60,4.2,0,1,73,65,0
1451,6.9,0,3,0,81,4.2,0,1,83,85,1
3863,7.6,0,1,0,85,4.1,0,0,61,68,0
6104,7.6,2,3,2,90,4.4,1,1,77,83,1
9216,7.6,0,1,0,78,4.3,1,1,76,77,1
7121,8.2,2,3,2,90,4.8,1,1,86,76,1
6399,7.7,2,2,0,71,4.3,1,1,79,81,1
9589,8.2,2,3,0,83,4.5,1,1,77,83,1
6215,8.6,1,2,2,73,4.8,1,0,76,82,1
9646,8.5,1,3,2,90,4.3,1,1,71,85,1
5337,8.0,1,3,0,77,4.7,1,1,60,85,1
4057,8.6,1,2,0,72,4.4,0,1,76,57,0
9512,8.2,1,3,1,83,4.8,1,1,80,74,1
3000,7.6,0,3,0,90,4.7,0,1,73,77,0
9025,6.8,1,1,0,73,3.1,0,1,72,66,0
1232,7.7,0,3,2,90,4.8,1,1,76,84,1
1515,7.5,1,1,0,65,3.8,0,1,55,74,0
2314,8.2,1,3,0,77,4.3,0,0,55,73,0
1452,7.5,1,2,0,80,4.1,1,1,55,82,1
5268,8.2,2,3,2,90,4.8,1,1,83,87,1
6132,8.7,1,3,1,90,4.0,1,1,81,80,1
8532,7.5,0,2,0,80,3.8,1,1,77,69,0
6465,7.4,1,1,0,70,3.1,0,0,68,64,0
839,6.5,1,2,0,69,3.4,0,0,56,71,0
9916,6.6,0,1,0,74,4.3,1,0,80,82,1
8262,8.5,2,3,3,90,4.7,1,1,80,80,1
6415,7.9,2,3,2,90,4.3,1,1,83,84,1
8505,8.3,2,2,2,73,3.9,1,1,86,71,0
3568,8.1,2,3,0,86,3.5,1,1,75,83,1
9265,6.9,2,3,0,78,4.2,1,1,72,86,1
3088,6.6,0,2,2,77,4.2,0,1,55,66,0
8644,6.5,1,1,0,74,4.7,1,1,82,78,0
1715,8.1,2,3,2,86,4.5,1,0,81,83,0
340,8.4,0,3,2,85,4.6,1,1,90,79,0
9564,7.3,1,2,2,82,4.2,0,0,70,65,0
5943,7.9,1,1,0,85,4.7,0,1,56,67,0
9870,8.5,0,3,1,85,3.8,1,1,73,84,1
8103,8.5,2,3,1,86,4.5,1,1,75,81,1
8489,7.8,1,1,0,73,4.6,0,1,64,69,0
589,7.5,1,3,1,90,4.8,1,1,74,85,1
3366,8.4,2,2,2,83,4.5,1,1,84,86,1
2671,6.8,1,1,0,82,4.2,0,0,59,72,0
3590,7.5,0,1,0,75,4.1,1,1,72,65,1
35,6.9,0,1,0,70,3.9,0,1,79,68,1
29,7.5,1,2,1,84,4.4,0,0,66,73,0
8554,8.1,0,3,2,90,4.8,1,1,78,86,1
8118,7.5,2,3,2,77,4.8,1,1,58,73,1
2171,8.5,1,3,2,83,4.8,1,1,76,87,1
8378,8.4,0,3,0,90,4.8,1,1,80,82,1
5621,7.7,2,3,2,90,4.8,1,1,88,85,1
890,7.6,1,3,1,83,4.8,0,0,82,68,1
6490,6.9,1,1,0,69,4.0,0,1,64,71,0
3323,8.3,2,3,2,70,4.2,1,1,82,68,0
9397,7.6,0,2,0,76,4.1,1,1,70,71,1
3515,7.9,1,1,1,63,4.2,0,0,60,62,0
4421,7.8,1,1,2,82,4.2,1,1,55,86,0
8352,8.3,0,3,2,79,3.7,1,1,68,84,1
5362,8.5,2,3,2,90,4.8,1,1,79,86,1
3734,7.2,1,2,1,79,3.2,0,0,57,72,0
9464,7.4,1,2,0,80,4.1,0,1,64,86,0
7082,8.8,0,3,0,90,4.4,1,1,78,85,0
1655,8.1,1,3,2,81,4.8,0,1,79,82,0
5033,8.2,2,3,2,90,4.8,1,1,75,85,1
224,7.9,2,3,2,90,4.8,1,0,81,78,0
8626,8.4,0,3,0,83,4.0,1,0,77,66,0
6195,8.1,2,3,2,90,4.5,1,1,80,85,1
1591,8.2,1,3,0,84,4.6,1,1,86,81,1
5983,8.8,2,3,2,90,4.7,1,1,86,81,1
3257,7.7,1,3,0,89,4.8,1,1,71,71,1
6681,7.9,0,3,2,90,4.6,1,1,79,88,1
4771,7.4,1,1,0,77,3.8,0,1,55,73,0
2182,8.3,2,3,2,90,4.7,1,0,83,80,1
6804,6.5,1,3,1,83,4.8,1,1,78,69,0
4914,7.5,0,3,2,78,4.2,1,1,81,86,0
6787,7.9,1,3,3,81,4.5,1,1,60,84,1
4790,6.5,1,2,1,74,3.9,0,1,77,71,0
1210,8.3,2,3,0,89,4.6,1,1,86,83,1
422,7.8,1,2,0,82,4.7,1,1,77,67,0
8741,7.3,1,1,0,79,4.5,0,1,55,67,0
1707,8.1,1,3,2,90,4.8,1,1,81,88,1
1159,7.9,1,3,1,84,3.9,1,1,77,85,0
2307,6.5,1,2,2,75,4.1,1,1,66,70,1
274,6.8,1,1,0,73,3.7,0,1,55,65,0
172,6.6,0,3,0,87,4.5,0,0,80,82,0
3957,7.6,1,1,1,77,3.9,0,0,55,59,0
6697,7.8,1,1,0,70,4.0,0,1,55,66,0
3189,7.6,1,1,0,73,4.3,0,1,68,64,0
8133,7.7,2,2,2,90,4.8,1,1,81,88,1
4809,6.8,1,2,2,70,4.0,1,1,62,69,0
8084,7.9,1,1,0,75,4.3,0,0,75,75,1
1565,7.4,1,2,0,82,4.6,1,1,70,88,0
1783,6.5,1,1,1,76,3.8,0,0,55,64,0
844,7.1,1,1,1,72,4.3,0,1,55,65,0
9346,7.1,0,1,1,72,4.4,0,1,55,73,0
4462,8.5,2,3,2,90,4.8,1,1,90,83,1
905,8.2,0,3,0,71,4.7,1,1,76,88,1
5912,8.6,2,3,2,90,4.8,1,1,75,88,1
9951,8.0,1,2,2,90,4.3,1,1,73,64,1
9298,8.0,0,2,1,67,4.1,1,1,74,75,0
1548,8.1,2,3,1,90,4.5,1,1,81,86,1
2081,6.8,0,2,1,76,4.0,0,1,55,65,0
9882,7.5,1,1,0,79,3.2,0,0,57,66,0
3986,6.6,1,3,1,80,4.4,1,1,79,85,1
6390,6.5,1,1,0,86,3.4,0,1,59,65,0
7580,7.1,0,1,0,90,4.5,1,0,79,78,0
9246,8.0,2,3,2,90,4.8,1,1,69,86,1
6568,7.7,2,3,0,90,4.7,1,0,88,78,0
8207,8.4,2,3,0,90,4.8,1,1,80,86,1
3821,6.6,1,1,0,61,4.1,0,1,55,73,0
2647,6.8,1,1,1,65,4.5,0,1,55,62,0
4455,8.2,2,3,2,90,4.5,1,1,74,81,1
7160,8.1,2,1,1,78,4.4,1,1,77,67,0
8222,6.8,1,3,0,61,4.3,0,0,59,68,0
8597,8.0,0,3,2,76,4.8,1,1,80,84,1
9590,6.5,1,2,0,68,4.2,1,1,70,64,0
6072,7.5,0,2,0,68,4.1,1,1,69,58,0
2156,8.4,2,3,2,90,4.8,1,0,72,85,1
6713,8.3,2,1,0,89,4.6,0,0,74,77,1
3716,7.6,0,1,0,72,4.0,0,0,56,68,0
4058,8.1,1,3,2,82,4.7,1,1,78,66,1
5953,7.7,1,3,1,89,4.8,1,1,88,83,1
3103,7.6,1,1,1,81,4.5,0,1,63,67,0
559,8.6,1,3,2,90,4.8,1,1,90,88,1
4611,6.5,2,1,2,80,4.6,1,0,57,66,1
6979,7.6,0,2,0,74,4.1,0,1,67,73,0
1437,7.0,1,1,0,69,3.7,0,0,61,69,0
508,6.9,2,1,0,67,4.0,1,0,59,61,0
1870,8.7,2,3,2,90,4.6,1,1,75,86,1
756,7.8,1,2,3,87,4.4,1,1,75,84,0
5420,7.5,0,2,0,79,3.7,0,0,78,85,1
4051,6.6,1,1,0,76,4.0,0,0,57,58,0
8090,8.2,2,3,2,90,4.4,1,1,88,87,1
3837,7.5,0,2,0,76,4.2,1,1,55,73,0
2119,8.0,1,1,2,84,4.6,1,0,76,84,1
6153,7.6,1,2,2,79,4.1,0,0,62,67,0
7809,7.4,1,1,1,79,4.4,1,1,66,65,0
502,6.8,1,1,2,74,4.2,1,0,77,84,0
6260,7.4,1,2,2,69,3.8,0,1,57,67,0
9744,7.5,1,1,1,75,3.9,0,0,55,65,0
1540,7.5,1,2,1,78,4.8,0,1,55,62,0
6142,7.0,1,1,1,74,4.4,1,1,78,71,1
1212,8.1,1,2,1,72,4.2,0,1,71,85,0
9123,8.4,2,1,0,90,4.6,1,1,72,82,0
673,8.8,1,3,2,83,4.8,1,1,72,84,1
3378,7.6,0,3,0,90,4.8,1,1,85,83,1
8784,8.3,1,3,0,90,4.7,1,1,71,86,1
1465,7.6,1,1,0,75,3.9,1,1,80,75,0
1193,7.6,1,1,1,77,4.5,0,0,82,64,0
6985,8.2,2,2,0,90,4.2,0,1,71,85,1
1873,6.9,1,3,1,78,4.4,1,1,79,78,0
3591,8.4,1,1,3,89,4.4,1,1,72,71,1
6727,7.6,1,2,1,75,4.2,0,1,70,81,0
506,7.3,0,3,2,77,4.6,1,1,72,88,1
8119,7.2,0,2,0,69,4.1,1,1,71,83,0
507,6.6,2,3,1,72,4.6,1,0,56,57,0
9450,8.4,2,3,2,90,4.8,1,1,76,86,1
7132,7.3,1,3,0,81,4.8,1,1,56,66,1
4808,6.5,1,1,1,68,4.7,0,0,59,73,0
7304,7.6,0,2,0,61,3.8,0,1,55,67,0
1774,8.5,1,3,1,72,4.5,1,1,57,84,0
6855,7.4,1,2,1,82,4.5,0,1,59,66,0
4907,7.8,2,3,2,90,4.8,1,1,71,84,1
798,8.4,1,2,2,75,4.1,1,1,55,73,0
8786,8.4,0,3,2,75,4.8,1,1,55,63,0
7071,8.0,1,3,2,78,4.2,1,0,78,85,0
2830,8.4,2,2,2,77,4.8,1,1,71,84,1
9320,8.6,0,3,2,83,4.8,1,1,73,87,1
8738,7.3,1,1,0,71,4.4,0,0,55,74,1
313,8.2,2,3,2,90,4.6,1,1,77,88,1
747,7.9,1,1,1,65,4.3,0,0,57,80,0
3570,8.3,2,3,2,90,4.8,1,1,81,86,1
791,8.3,1,3,3,86,4.8,1,1,81,86,1
2477,7.6,1,1,2,67,3.8,0,1,57,70,1
9326,7.4,0,2,0,80,4.2,0,1,67,73,0
2571,7.1,1,1,0,74,4.7,1,0,78,70,0
5287,6.5,1,1,0,71,3.6,0,0,55,65,0
5216,7.5,1,2,1,76,3.8,0,0,55,63,0
2164,6.5,1,1,0,68,3.8,0,0,59,65,0
6578,7.6,0,1,0,78,4.8,0,0,78,63,0
8450,8.4,2,3,3,89,4.6,1,1,77,85,1
381,6.5,1,2,1,65,4.0,1,1,66,69,0
8509,7.3,1,1,0,80,3.6,1,1,78,80,1
1293,8.0,0,3,2,90,4.8,1,1,81,83,1
1913,7.8,0,3,0,84,3.8,1,1,59,71,0
600,7.6,1,2,1,85,4.6,0,0,90,79,0
3893,7.4,1,1,2,86,4.6,1,0,88,86,0
4142,7.0,0,1,2,86,4.7,0,1,68,82,1
1653,7.6,2,3,2,90,4.8,1,0,76,85,1
5225,8.9,2,3,2,86,4.8,1,1,79,87,1
1894,8.2,1,1,1,71,3.5,0,0,56,65,0
1945,6.5,0,1,1,81,4.0,0,1,55,67,0
3396,8.5,2,3,2,88,4.6,1,0,68,87,1
5480,6.8,1,1,1,80,4.3,1,1,55,66,1
9770,7.7,0,2,1,66,4.3,1,1,68,67,0
376,7.2,1,1,0,85,3.5,0,1,84,70,0
1967,6.6,1,1,1,72,4.0,0,0,58,63,0
3958,7.7,1,3,0,82,3.8,1,1,63,67,0
7136,7.4,1,1,1,79,4.3,1,1,61,68,0
7479,7.7,0,2,0,72,4.5,0,1,63,87,0
4506,7.0,1,3,0,90,4.2,0,1,72,84,1
9581,8.0,2,3,2,86,4.8,1,0,80,68,0
5289,7.8,1,1,0,61,4.1,0,0,57,67,0
1472,8.2,1,2,1,83,4.7,0,1,71,72,1
3347,6.5,1,2,0,72,4.1,0,0,55,70,0
6254,7.5,1,2,0,81,3.6,1,1,71,87,1
2854,7.3,1,1,0,66,3.8,0,0,60,73,0
8989,8.5,1,1,1,77,4.5,1,1,57,66,0
9776,6.6,1,1,1,85,3.4,0,0,55,66,1
6460,7.4,1,1,1,71,4.3,1,1,63,69,0
4063,6.6,1,3,1,74,4.5,1,1,76,71,0
5864,6.6,0,2,0,83,4.8,1,1,82,88,1
4307,8.3,2,3,3,83,4.6,1,0,78,85,1
4878,7.7,1,1,0,86,4.1,0,1,55,70,0
7250,6.5,1,1,1,62,3.5,0,0,55,73,0
5274,6.5,1,1,0,76,4.5,1,1,55,65,1
3991,7.9,2,1,2,90,4.5,1,0,74,79,0
1050,8.5,1,3,2,88,4.2,1,1,87,88,1
6176,6.5,1,1,2,85,4.5,1,1,73,67,1
6927,6.6,1,3,2,86,4.4,1,1,57,88,1
7865,6.5,1,1,1,69,4.3,0,0,55,69,0
2036,6.5,0,1,1,73,3.5,0,0,85,64,0
4040,7.6,1,3,3,75,4.8,1,1,78,84,1
6876,7.4,0,2,0,65,4.4,0,1,58,68,0
9355,8.8,2,2,2,90,4.7,1,0,71,79,1
1973,8.2,1,1,0,75,4.1,1,0,65,70,0
5073,7.4,1,1,1,82,4.1,0,0,60,65,0
2100,8.1,1,3,3,89,4.8,1,1,66,86,1
1500,7.6,0,3,0,77,4.8,1,1,73,74,1
9613,7.6,0,1,0,78,3.2,0,1,55,70,0
653,6.8,0,3,2,89,4.8,1,1,78,69,1
171,8.3,1,2,1,69,3.8,0,1,76,71,0
4086,7.4,1,1,1,74,3.6,0,1,55,70,0
243,7.3,1,2,0,71,4.4,0,1,58,67,0
5711,8.2,0,1,2,81,4.2,1,1,69,67,0
6973,8.0,2,2,2,90,4.8,1,1,84,87,1
2757,8.4,2,3,2,90,4.8,1,1,81,81,1
6885,7.4,1,1,0,75,4.3,0,0,55,68,0
5447,8.1,1,3,0,78,4.0,1,1,66,82,0
2077,8.4,0,3,2,90,4.7,1,1,82,87,1
4104,7.9,1,3,2,90,4.6,1,1,74,84,0
9560,8.4,2,3,2,90,4.8,1,1,70,85,1
7572,8.4,1,3,2,70,3.8,1,0,75,86,0
9467,6.8,0,1,1,75,4.3,0,0,73,62,0
4895,8.2,1,3,0,90,4.7,1,1,80,80,1
6693,7.4,1,2,2,78,4.4,1,1,82,68,0
8055,7.9,1,2,2,63,3.8,1,1,55,62,0
5390,8.3,1,3,1,67,3.7,1,1,66,68,0
9374,6.5,1,1,1,71,4.3,0,1,55,73,0
8022,7.5,1,1,1,74,3.9,0,1,60,62,0
8605,8.2,1,1,0,69,4.5,0,1,55,70,0
4481,7.5,1,3,0,80,4.3,1,1,73,73,0
8327,7.6,1,2,2,76,4.5,1,1,82,63,1
4079,7.4,1,2,0,71,3.9,0,1,63,70,0
641,6.5,1,1,1,81,4.6,0,0,56,73,0
1271,8.2,0,1,2,86,4.4,1,0,79,72,1
2779,8.2,1,2,2,71,4.4,1,1,73,87,1
9498,7.4,1,1,0,76,4.7,1,1,61,82,1
3862,8.9,1,3,2,90,4.8,1,1,68,85,1
3481,6.7,1,1,0,89,4.6,0,0,55,68,0
1535,8.1,1,1,0,69,3.8,0,0,56,62,0
326,8.6,2,3,2,90,4.8,1,1,75,84,1
2339,8.5,0,3,3,84,4.6,0,1,86,70,0
3981,8.2,2,3,2,90,4.8,1,1,85,80,1
6878,7.9,0,1,0,64,3.6,0,0,55,62,0
4055,7.6,0,1,0,72,4.5,0,0,60,66,0
2238,6.8,0,2,1,89,3.9,0,1,63,61,1
7107,8.4,1,3,2,90,4.8,1,1,72,87,1
9669,7.7,1,1,1,78,3.2,0,0,58,64,0
4746,8.8,1,3,2,89,4.4,1,1,77,76,1
865,8.4,1,3,0,77,4.7,1,1,79,84,1
6204,8.6,0,3,0,82,4.6,1,1,75,88,1
5509,7.4,0,1,0,72,3.7,1,0,68,74,0
7430,8.3,2,3,1,80,4.6,1,0,55,80,0
372,6.5,1,3,2,90,4.0,1,0,85,65,1
6297,7.6,1,2,1,90,3.8,1,1,72,65,0
5552,8.0,2,2,2,89,4.2,1,1,82,84,1
5724,8.4,2,3,2,90,4.8,1,1,84,83,1
5900,8.5,2,3,2,90,4.8,1,1,82,87,1
9288,8.0,2,3,2,90,4.8,1,1,75,88,1
7872,7.8,1,1,0,83,3.8,0,1,69,66,0
2365,8.6,1,3,1,83,4.7,1,1,78,81,1
3214,7.9,1,1,0,76,3.3,1,0,81,77,0
912,8.2,1,3,2,75,4.5,1,1,80,63,0
9048,6.5,1,2,0,84,4.6,1,1,57,66,0
9791,8.5,2,3,2,90,4.8,1,1,76,86,1
7290,6.5,1,2,1,68,4.3,1,1,73,74,0
9959,8.2,2,3,2,90,4.4,1,1,73,85,1
6537,8.6,1,2,2,81,4.3,1,1,79,84,1
9193,7.8,2,3,2,87,4.5,1,0,84,81,1
1424,8.3,0,3,1,84,4.8,1,1,55,88,1
9808,7.7,1,2,0,72,4.2,0,1,68,76,0
480,6.6,1,1,0,73,3.4,0,0,56,69,0
663,8.4,1,2,1,85,4.8,1,1,55,66,1
4477,6.7,2,2,0,65,4.7,0,0,66,62,0
8983,8.2,2,3,2,76,4.8,1,0,71,83,0
8078,8.4,1,2,2,84,4.7,1,1,76,71,0
2989,6.5,1,1,1,60,3.4,0,0,55,68,0
1120,8.4,2,2,2,87,4.7,1,1,56,85,0
2777,7.5,1,1,1,71,4.5,0,0,55,69,0
9836,7.7,0,2,0,71,4.8,1,1,59,69,0
5004,8.2,1,3,0,82,4.1,1,1,85,86,0
6650,8.1,1,3,2,88,4.2,1,1,75,88,0
7255,7.5,0,1,0,76,4.0,0,1,55,86,0
4428,7.8,1,2,0,72,4.4,1,1,55,69,0
7432,8.7,2,3,0,82,4.8,1,1,78,83,1
3982,7.5,1,2,0,86,4.7,1,1,72,87,0
6352,8.7,0,2,0,81,4.7,1,1,57,83,1
2894,7.6,1,3,2,79,4.3,0,1,70,87,0
2670,8.6,2,3,2,90,4.8,1,1,75,78,1
3978,7.7,1,2,1,76,3.8,0,1,59,64,0
5260,8.3,0,2,1,80,3.9,1,1,57,69,0
280,8.7,1,3,2,90,4.8,1,1,69,88,1
6731,8.4,1,2,1,80,4.8,1,1,80,64,0
6105,6.7,1,1,1,71,4.0,0,1,59,66,0
7021,6.6,1,1,0,63,3.8,0,0,59,63,0
1695,7.5,1,1,1,80,4.6,0,0,63,70,0
8913,8.2,1,2,2,90,4.8,1,0,70,85,0
3480,7.9,2,3,2,89,4.4,1,1,89,86,1
4417,8.0,1,2,0,90,4.7,1,1,73,80,1
7593,8.3,2,2,0,81,4.7,1,1,78,86,0
6283,7.6,1,1,0,78,4.8,1,1,67,73,0
5604,8.3,2,3,2,88,4.8,1,1,87,88,1
8620,8.2,1,1,2,90,4.8,1,1,71,87,1
7781,8.1,1,3,0,87,4.1,0,1,78,85,1
4297,7.8,1,3,1,84,4.5,1,1,56,88,0
4594,8.6,0,3,0,90,4.0,1,0,75,85,0
4845,7.6,0,1,0,76,4.1,0,0,65,67,0
2210,8.3,1,3,2,85,4.8,1,1,71,70,1
7606,8.0,2,3,2,80,4.8,1,0,72,63,1
5502,7.8,1,3,0,89,4.0,0,1,72,84,1
185,7.3,1,2,2,67,4.5,0,0,63,66,0
4801,7.3,1,1,0,71,3.8,1,0,61,64,0
4846,7.6,1,3,0,69,3.9,1,1,74,72,1
2351,7.3,1,1,1,77,4.1,0,0,58,74,0
554,6.8,1,1,0,67,4.1,0,0,57,61,0
1398,7.6,1,1,2,67,4.0,0,1,57,61,0
1385,8.3,1,2,0,73,3.6,0,1,57,71,0
9183,8.2,1,2,1,83,4.7,1,1,83,82,1
9818,8.2,2,2,2,90,4.8,1,1,89,84,1
298,6.8,1,1,0,68,4.3,0,1,65,69,0
444,8.1,1,2,2,76,4.5,1,1,79,81,1
7339,7.4,0,3,1,83,4.3,1,1,82,68,1
2078,6.9,1,1,0,76,4.5,0,0,58,58,1
7816,8.5,1,3,2,90,4.7,1,1,75,81,1
2230,8.3,2,3,2,90,4.8,1,1,75,80,1
2843,8.0,1,2,0,86,4.8,1,1,67,73,0
2538,7.4,0,2,2,78,3.8,0,1,80,70,0
8146,8.5,1,3,2,90,4.8,0,0,82,63,1
9537,7.5,1,2,1,78,4.8,1,1,58,84,0
6444,7.4,1,1,1,71,3.3,0,0,55,62,0
3368,8.5,2,3,2,90,4.8,1,1,74,88,1
4487,7.6,0,2,0,84,4.2,0,0,74,69,0
2579,6.7,0,2,0,82,4.3,0,1,55,62,0
1132,8.6,2,3,2,90,4.8,1,1,73,80,1
4819,8.4,0,3,1,90,4.5,1,1,75,82,1
321,7.5,0,2,1,66,4.5,0,1,61,71,1
1372,8.1,0,3,0,90,4.7,1,0,83,84,1
4043,8.0,1,1,0,73,4.2,0,0,83,63,0
9126,7.4,1,1,1,65,4.3,0,0,63,66,0
5146,7.5,0,3,1,84,4.5,0,1,77,78,0
908,6.8,1,2,2,82,3.9,1,1,61,66,1
9427,7.4,1,2,1,72,4.4,1,1,61,82,1
3951,8.2,2,3,2,90,4.8,1,1,83,85,1
6146,7.1,0,3,2,90,4.8,1,1,74,87,1
8887,7.5,1,2,1,78,4.7,0,0,55,66,0
6696,8.2,0,3,2,85,4.8,1,1,83,79,1
4978,7.7,2,2,0,75,4.5,1,1,78,72,0
6093,8.0,1,3,0,90,4.8,1,1,76,83,1
8409,8.2,1,3,2,81,4.8,1,1,75,83,1
927,7.3,0,1,1,74,4.1,0,0,64,72,0
6144,8.3,1,3,2,88,4.7,1,1,85,80,1
16,7.4,0,2,1,78,4.4,0,0,63,66,0
144,7.8,2,3,0,77,4.8,1,1,79,87,0
2364,8.5,2,3,2,86,4.8,1,1,78,87,1
130,8.5,1,2,2,90,4.8,1,1,80,86,1
1162,6.5,0,2,1,60,3.5,0,0,55,73,0
7552,7.8,0,1,0,63,4.2,0,1,56,70,0
6130,8.1,1,3,2,90,4.8,1,1,80,88,1
4666,7.5,1,1,1,76,3.9,0,1,77,67,0
5661,6.5,1,1,1,85,4.8,0,1,55,61,0
6461,8.5,1,2,3,80,4.3,1,1,55,86,0
1877,7.8,1,2,0,70,3.8,1,1,59,69,0
2489,7.7,1,3,0,86,4.1,1,1,77,58,0
5328,8.6,0,3,2,75,4.0,1,1,78,84,1
9362,6.5,1,3,1,70,4.2,0,1,58,68,0
1183,7.7,1,3,2,74,4.4,1,1,55,85,0
6136,6.5,1,1,1,69,4.2,1,0,70,69,1
6378,7.4,1,1,1,67,3.1,0,1,55,63,0
1171,6.5,0,1,0,73,4.0,1,1,68,67,0
2183,7.7,2,3,2,90,4.7,1,1,79,88,1
3372,8.1,1,3,1,76,4.2,0,1,73,84,1
8041,6.5,1,1,1,76,4.1,0,1,55,58,0
1860,6.6,1,2,0,78,4.4,0,0,59,70,0
4861,7.3,1,1,1,68,4.2,0,0,55,61,0
9256,7.7,0,1,0,73,4.3,1,1,57,65,1
8346,7.9,0,3,1,84,4.3,1,0,83,84,1
7348,8.1,2,3,2,90,4.8,1,1,75,84,1
4865,6.5,1,3,2,84,4.6,0,1,55,71,1
9887,6.8,0,2,2,80,4.5,0,1,63,66,0
6389,6.5,2,2,0,77,3.8,0,0,59,57,1
3122,6.6,0,1,2,79,4.2,1,0,69,84,1
388,7.4,2,3,0,71,4.8,1,1,86,73,0
7786,7.3,0,1,2,74,4.0,0,0,69,73,0
1033,7.8,2,3,1,73,4.3,1,1,82,82,1
7853,8.4,1,1,2,90,4.8,1,1,83,86,1
5419,7.3,1,1,0,75,4.4,0,0,55,67,0
932,7.7,0,1,0,76,3.4,0,0,55,65,0
4020,7.6,0,1,0,71,3.7,0,1,55,73,0
692,7.5,0,2,1,62,4.5,0,0,55,65,0
5299,8.1,1,3,0,80,4.7,1,1,79,84,1
6659,8.5,1,1,1,71,4.0,1,1,59,83,0
830,7.4,0,1,1,69,3.5,0,0,69,63,0
3499,8.3,0,3,0,84,4.4,1,0,72,83,1
2082,7.6,0,2,0,84,4.5,1,1,69,86,1
9441,7.9,2,2,0,74,4.4,1,1,81,69,0
45,7.4,1,3,0,86,4.8,0,1,70,73,0
3940,8.3,2,3,2,90,4.7,1,0,87,87,1
5258,6.5,1,1,0,81,4.2,0,1,67,65,0
8438,7.5,1,3,1,84,4.6,0,0,81,62,0
4320,8.2,2,3,2,90,4.8,1,1,79,86,1
2966,8.4,2,3,2,89,4.6,1,1,74,86,1
3970,6.5,1,1,1,77,4.1,1,1,72,67,0
1188,7.7,1,1,0,88,4.7,0,1,55,61,0
285,8.0,0,1,1,87,3.8,0,1,55,71,0
8874,8.1,2,3,2,90,4.8,1,1,75,86,1
4160,7.5,1,1,1,73,4.1,0,1,55,75,0
3093,6.7,2,1,1,69,3.8,0,1,62,61,0
4557,7.7,1,3,0,74,4.7,0,1,73,67,1
4585,7.1,1,2,0,87,4.2,1,1,69,72,1
4324,8.2,0,1,0,69,4.8,0,1,80,66,0
5505,8.5,2,3,0,85,4.7,1,1,73,85,0
7075,8.1,1,2,1,77,4.4,0,1,55,68,0
3365,6.6,1,3,2,90,4.3,1,1,82,80,1
8026,8.3,2,3,2,90,4.7,1,1,80,83,1
3196,7.6,0,1,0,75,4.3,1,1,55,66,0
8811,7.5,1,2,0,78,4.4,1,1,61,71,0
970,6.8,1,1,1,78,4.1,0,0,73,72,0
3735,7.7,1,3,2,78,3.9,1,1,59,65,0
926,7.5,0,1,0,66,3.5,0,0,60,73,0
9497,7.8,1,3,2,90,4.8,1,0,79,77,0
6452,8.4,2,3,2,90,4.6,1,1,74,80,0
8798,8.5,2,2,2,82,4.5,1,1,55,81,0
2852,7.3,1,3,0,90,4.7,1,1,76,88,0
5181,7.7,1,1,0,70,4.8,1,1,55,73,0
6724,7.3,1,2,0,80,4.1,0,1,55,69,0
9323,7.9,2,3,2,90,4.8,1,1,81,87,1
7811,7.6,1,1,0,71,4.1,0,1,58,59,0
4472,8.3,0,2,2,77,3.8,1,1,55,74,0
5169,8.2,2,3,1,90,4.7,1,1,79,85,1
4349,8.0,2,3,2,90,4.6,1,1,81,88,1
7904,6.5,0,1,1,68,3.5,0,1,62,69,0
3627,6.7,1,2,0,73,4.0,0,1,58,68,1
1790,7.7,2,1,0,80,3.8,0,1,55,64,1
8294,8.3,2,1,2,84,4.8,1,1,69,85,1
2060,8.4,0,3,2,87,4.8,1,0,82,75,1
4014,7.6,1,2,0,74,3.4,0,1,57,57,0
1903,7.7,0,1,1,78,4.1,0,0,58,75,0
5574,7.2,1,1,0,72,4.1,0,1,55,73,0
6926,8.4,0,3,0,77,4.6,1,1,79,84,1
76,6.5,1,1,0,63,4.5,0,1,57,68,0
2346,7.2,1,3,2,81,4.8,0,1,83,84,1
5485,7.9,0,3,2,88,4.6,1,1,70,80,0
431,7.9,2,3,2,86,4.7,1,1,69,82,1
4587,6.6,1,1,0,90,3.9,0,1,55,66,0
8100,7.4,1,1,0,74,4.0,0,1,55,61,0
8458,7.3,1,2,1,83,3.2,0,1,68,71,0
8157,8.3,2,3,3,90,4.8,1,1,76,77,1
7894,6.6,2,3,0,77,4.4,1,1,78,76,1
1554,8.2,2,3,2,81,4.8,1,0,80,79,1
241,7.6,1,3,0,82,4.5,0,1,56,72,0
784,8.4,2,3,1,89,4.6,1,1,74,70,0
3067,8.1,0,1,0,70,3.6,1,1,65,63,0
978,8.4,1,3,0,73,4.6,1,1,86,83,0
2942,6.5,1,2,2,70,4.1,0,0,68,68,0
5378,7.3,1,1,0,76,4.4,0,1,62,70,0
4731,6.7,1,1,1,75,3.8,0,0,65,71,0
1621,6.5,0,1,1,70,3.6,0,0,57,68,0
2147,8.5,2,3,1,90,4.7,1,1,75,88,1
1802,7.4,0,2,0,76,3.8,0,1,66,70,0
2096,8.2,0,2,2,83,4.8,1,1,78,82,1
6075,7.5,1,2,0,63,3.4,0,1,55,68,0
5246,8.4,0,2,3,84,4.4,1,1,55,82,1
1358,7.6,1,1,1,75,3.9,0,1,62,70,0
8064,6.5,1,1,1,83,4.2,0,0,58,76,0
6051,6.6,1,1,0,63,3.7,0,0,59,70,0
8369,8.6,1,3,3,84,4.5,1,1,73,85,1
6018,7.4,1,2,0,76,4.4,1,1,55,73,0
9932,7.9,1,2,0,83,4.5,0,1,78,75,1
8770,8.3,1,3,2,90,4.8,1,1,88,73,1
7504,8.0,2,3,2,87,3.7,1,1,72,83,1
1610,7.6,1,1,1,68,4.1,0,0,55,71,0
3097,7.8,1,1,0,78,4.4,1,0,56,66,0
9772,8.3,1,3,0,83,4.7,0,0,63,81,0
2416,8.2,2,3,2,87,4.8,1,1,87,88,1
2018,8.9,2,3,2,90,4.8,1,1,82,88,1
6019,7.4,0,2,0,72,3.5,0,1,67,66,0
4126,7.5,1,2,1,80,4.0,0,1,55,65,0
9803,7.3,1,2,0,74,3.6,0,1,77,63,0
3247,6.5,1,1,0,69,3.4,0,0,66,66,0
125,8.4,2,1,2,76,4.1,0,0,56,63,0
6426,7.7,1,1,0,78,3.2,0,0,55,59,0
5309,7.7,2,3,0,81,4.8,1,1,81,83,0
7464,7.7,1,3,2,90,4.6,0,1,81,79,1
9158,6.6,0,2,0,73,4.8,1,1,72,65,0
3342,7.9,2,3,3,82,4.6,1,1,83,86,1
599,7.0,1,3,0,82,4.6,0,1,71,72,0
2124,6.5,1,1,0,67,3.8,0,0,56,64,0
9499,7.0,1,2,0,81,4.5,0,1,81,61,0
7686,6.7,1,2,1,81,4.5,1,1,71,83,1
7050,7.7,1,2,0,83,4.0,1,1,68,69,0
9662,7.4,1,2,1,81,4.2,0,1,56,73,0
2198,7.6,0,2,2,78,4.4,1,1,80,71,0
4052,7.8,2,3,2,88,4.5,1,1,71,85,1
6055,8.7,1,2,0,69,4.6,1,1,65,81,1
3363,8.1,1,2,0,79,4.1,1,1,85,68,1
6852,7.6,1,3,2,81,4.8,1,1,78,87,1
726,6.8,1,2,0,67,4.8,0,0,55,73,0
4935,6.7,1,2,1,68,4.3,0,1,56,68,0
979,7.5,1,1,0,69,4.3,0,0,62,62,0
809,8.4,1,3,2,90,4.7,1,1,79,88,1
9604,8.4,2,2,0,84,3.9,1,1,76,68,0
1476,7.6,1,3,0,82,4.3,0,1,73,87,0
5936,7.3,1,1,1,78,4.2,1,1,69,72,0
9037,6.9,1,1,1,84,4.7,1,0,55,73,0
7336,7.8,1,2,1,68,3.9,0,0,61,63,0
3963,8.7,2,3,0,90,4.8,1,0,76,78,1
6423,8.2,1,3,0,90,4.7,1,1,55,70,1
4906,7.4,1,1,0,80,4.1,0,1,75,68,0
1236,8.5,1,1,1,81,4.7,1,1,77,59,1
1226,7.6,1,1,1,70,3.6,1,1,55,74,1
8050,7.9,0,3,2,83,4.8,1,1,73,79,1
9279,7.8,1,3,2,88,4.3,1,1,84,86,1
8672,8.3,1,2,0,72,3.9,1,1,74,79,1
5230,6.9,0,1,0,77,3.7,0,1,55,66,0
6951,7.5,1,1,1,67,3.8,0,0,59,63,0
3218,8.1,2,3,2,89,4.5,1,1,81,81,0
288,7.6,0,3,3,75,4.3,1,1,82,87,1
5024,7.5,0,1,2,81,4.1,1,1,84,81,0
2967,6.7,2,1,1,75,4.6,0,0,61,67,0
3165,6.8,0,1,0,72,4.0,1,1,80,65,1
6004,8.3,1,2,1,76,4.2,1,1,78,80,0
8888,8.3,1,2,2,85,4.6,1,1,75,81,1
1658,8.1,2,3,1,75,4.8,1,1,59,72,0
1976,8.2,2,3,2,90,4.8,1,1,84,85,1
2398,7.4,1,2,0,87,3.5,0,1,61,67,0
453,7.6,0,2,0,83,4.2,0,1,55,70,0
8031,8.3,0,1,2,85,4.7,1,1,83,68,1
4697,8.2,1,3,1,80,4.8,1,1,72,82,1
3682,8.4,0,3,2,90,4.8,1,0,80,82,1
423,6.5,1,1,1,82,3.4,0,0,56,66,0
9726,7.7,1,1,1,61,3.9,0,0,68,61,0
658,6.5,0,1,0,77,4.1,0,0,55,67,0
3302,6.9,1,3,1,79,4.2,1,1,73,71,0
6395,7.4,1,1,0,71,3.9,0,0,57,72,0
2846,6.5,1,3,0,64,4.6,0,0,71,64,0
8292,7.7,1,3,2,87,4.5,1,1,82,81,1
7498,6.6,1,1,0,73,3.1,0,0,58,61,0
1002,7.6,1,2,1,78,4.3,0,1,60,71,0
4199,6.9,1,1,1,64,4.1,0,0,64,66,0
2419,7.5,1,2,0,78,3.9,1,1,87,76,0
7483,7.7,1,2,1,74,4.6,1,1,64,57,1
5707,8.1,1,3,2,89,4.6,1,1,75,80,1
3848,8.6,2,3,2,89,4.8,1,1,80,85,1
962,7.3,1,1,1,83,3.9,1,0,67,70,0
1581,7.5,1,1,1,78,4.2,0,1,59,72,0
5008,6.5,0,3,0,88,4.8,1,1,85,84,1
2207,8.0,2,3,3,90,4.6,1,1,84,81,1
6313,7.4,1,1,0,68,4.4,0,0,56,64,0
9563,7.8,1,1,0,66,4.6,0,0,58,80,0
4232,8.6,1,3,2,90,4.8,1,1,74,84,1
758,7.7,0,1,1,76,3.9,0,0,58,66,0
2285,7.7,0,1,0,65,3.9,0,0,74,69,0
6664,7.4,1,3,1,78,4.3,0,1,71,62,0
4756,8.4,2,3,2,89,4.8,1,1,87,83,1
8212,8.0,2,1,2,90,4.6,1,1,87,85,0
808,8.3,2,2,1,81,4.3,1,1,73,72,0
6576,8.2,2,3,2,90,4.8,1,1,73,88,1
7720,8.8,1,2,0,76,4.2,1,0,61,67,0
1957,7.7,1,1,0,79,4.3,0,1,71,85,1
2446,8.7,0,3,2,81,4.5,1,1,80,66,1
5876,8.6,2,3,2,84,4.8,1,1,79,87,1
8164,8.2,0,3,0,81,4.2,1,1,68,85,1
6139,7.3,1,1,1,60,4.6,0,1,55,61,0
2403,8.2,2,3,0,87,4.7,1,1,83,88,1
1074,8.3,2,3,2,90,4.7,1,1,82,83,0
6558,6.9,0,2,0,71,4.0,0,1,55,71,0
4241,7.5,1,1,0,71,4.3,0,0,57,78,1
8510,8.4,1,3,0,75,4.6,1,1,81,84,0
2092,7.6,1,1,1,77,4.0,0,1,55,74,1
4528,7.5,2,1,0,70,4.6,1,0,73,79,0
7203,8.3,1,3,1,90,4.8,1,1,71,84,0
6796,7.6,0,3,2,83,4.8,0,1,76,71,1
7238,6.8,1,2,1,79,4.6,0,0,63,78,0
7423,7.5,0,1,1,66,4.1,1,1,58,67,0
6850,8.0,2,3,2,90,4.8,1,1,75,86,1
6837,7.7,2,3,2,90,4.8,1,1,84,88,0
1004,8.1,0,1,0,85,4.5,1,1,79,82,1
9100,6.5,1,1,1,76,4.3,1,0,60,63,0
6563,8.6,2,3,2,90,4.8,1,1,88,87,1
5615,8.3,1,1,2,74,4.1,1,1,55,66,0
4652,7.5,1,2,0,76,4.7,0,1,59,73,0
5314,8.4,2,3,2,83,4.5,1,1,74,86,1
1486,7.9,0,2,0,83,4.0,0,1,62,69,0
7608,7.6,1,1,0,69,4.0,0,1,59,65,0
1412,7.0,1,1,1,70,4.0,0,1,56,65,0
9304,7.7,0,1,1,76,4.2,0,0,56,68,0
710,8.4,1,3,1,79,4.1,0,1,83,87,1
9807,8.1,2,3,2,77,4.8,1,0,78,78,0
8043,8.1,2,3,2,90,4.8,1,1,83,84,1
7212,8.0,1,1,2,79,4.6,0,0,58,70,0
3077,8.0,0,2,2,75,3.8,1,0,76,82,0
8315,8.0,1,3,2,78,3.7,0,0,55,71,0
4102,7.4,1,3,0,81,4.6,1,1,80,71,0
5115,7.5,1,3,2,78,4.7,1,1,79,81,0
2723,8.3,2,2,0,78,4.1,0,1,60,83,1
9360,7.6,1,2,1,75,4.1,0,0,55,74,0
1269,7.5,1,2,0,80,4.0,1,1,58,82,0
2463,7.9,0,1,0,64,4.1,1,1,63,67,0
5465,6.5,1,3,3,84,4.5,0,1,76,72,0
269,8.5,1,3,0,82,4.4,1,1,68,88,1
3581,8.3,2,3,2,90,4.5,1,1,63,82,0
5350,7.7,1,1,0,71,3.5,0,1,59,64,0
7291,8.5,2,2,2,90,4.8,1,1,78,77,1
5158,7.8,2,1,2,90,4.7,1,0,81,85,1
6602,7.5,1,3,1,77,4.8,0,1,69,73,1
2822,8.6,2,3,2,79,4.8,1,1,78,78,1
5808,7.3,0,1,1,75,3.2,0,1,56,63,0
590,7.8,1,2,0,81,3.9,0,0,63,71,0
5956,7.9,1,3,0,81,3.2,0,1,74,78,0
5255,7.4,0,1,0,61,3.7,0,1,57,63,0
6662,7.6,2,3,0,81,3.9,1,1,68,80,1
7657,8.4,1,3,2,80,4.5,1,1,71,64,0
8726,6.5,2,1,0,75,4.0,0,0,55,70,0
6897,7.7,1,3,3,90,4.8,1,1,82,73,0
7595,7.7,1,1,0,69,4.4,0,0,59,66,0
2029,8.2,2,3,2,89,4.8,1,1,74,87,1
6819,7.5,0,1,0,81,4.7,0,1,55,70,0
678,7.3,1,1,0,72,3.9,1,0,70,59,0
5764,8.3,2,3,2,90,4.8,1,1,87,76,1
1233,7.0,0,1,2,72,4.0,1,1,56,62,0
5297,8.2,0,3,2,84,4.0,1,1,80,86,1
7104,8.6,2,3,2,89,4.8,1,1,86,86,1
5035,7.6,1,1,1,81,4.0,0,1,65,65,0
5453,7.5,1,2,1,81,4.2,0,1,61,68,0
2433,6.5,0,1,1,76,4.7,1,0,82,64,0
6320,6.5,1,1,0,87,4.3,0,0,55,74,0
6120,7.8,1,3,0,90,3.7,1,1,71,85,0
9159,7.4,1,2,0,85,4.6,0,0,55,63,0
9954,8.4,2,3,2,90,4.8,1,1,79,85,1
897,7.1,1,2,0,84,4.6,0,1,71,61,1
1612,8.3,2,2,2,68,4.8,1,1,61,84,1
6475,6.8,1,1,0,90,4.5,0,1,73,57,0
7662,6.8,0,1,0,72,4.2,0,0,55,69,0
7461,7.1,1,1,1,71,4.2,1,1,65,69,0
3807,6.5,1,2,1,82,4.1,0,1,69,84,0
8274,6.7,1,1,0,74,3.5,0,0,65,62,0
9452,8.9,2,3,2,90,4.8,1,1,78,84,1
4702,7.5,1,1,1,82,4.6,0,1,55,65,0
3962,6.5,1,1,0,67,4.2,0,0,57,61,0
5418,7.6,1,1,0,79,4.8,0,1,69,71,0
891,8.3,2,3,2,90,4.7,1,1,76,88,1
5000,8.1,0,2,1,88,4.8,0,1,62,81,1
7507,7.5,1,1,0,74,3.5,0,1,60,68,1
7882,8.5,2,1,0,83,4.7,0,1,70,71,0
5096,7.7,0,1,0,79,4.0,0,1,59,59,0
6933,8.1,1,3,1,90,4.8,0,0,87,84,1
9618,7.4,0,3,0,79,3.3,0,1,62,64,0
2800,6.9,0,1,0,70,4.3,0,0,57,63,0
585,8.1,2,3,2,90,4.4,1,1,81,87,1
3269,8.2,2,3,2,82,4.5,1,1,72,88,1
3933,6.9,1,1,1,69,4.1,1,1,55,67,0
1261,8.3,2,3,2,81,4.7,1,0,89,85,1
6206,8.3,1,1,2,82,4.3,1,0,55,83,0
311,7.6,1,1,0,66,4.1,0,1,62,73,0
7790,7.9,2,1,1,70,4.7,0,0,61,63,0
6459,7.4,2,3,2,80,4.6,1,1,79,73,0
6207,8.4,0,3,2,86,4.8,1,1,75,86,1
5883,6.9,1,1,0,76,4.0,0,0,55,66,1
4669,7.5,1,1,1,77,4.1,1,0,77,67,0
4299,8.5,1,3,2,80,4.8,1,1,84,87,1
3784,7.9,0,2,1,70,3.9,0,0,59,68,0
1009,7.1,0,1,0,68,3.6,0,1,73,72,1
8355,7.7,1,3,1,82,4.5,1,1,68,79,0
2186,6.9,1,1,0,76,4.3,0,1,60,64,0
3624,6.6,1,2,0,83,4.2,0,1,82,71,0
7040,7.3,1,2,1,66,3.7,0,0,55,74,0
4923,8.5,2,3,2,90,4.6,1,1,80,87,1
9674,8.2,2,2,3,84,3.9,0,1,71,84,0
7951,8.3,1,3,2,88,4.8,1,1,76,86,1
6126,7.5,0,1,0,83,3.8,1,1,61,67,0
4757,7.8,1,1,0,79,4.6,0,0,76,63,0
5075,6.5,1,2,0,87,4.3,0,0,63,68,0
91,7.6,1,1,0,80,4.5,1,1,66,67,0
5975,7.6,0,2,1,68,4.3,1,1,62,74,0
6419,9.0,0,1,1,70,3.5,1,0,56,61,1
8641,8.3,1,3,2,90,4.5,1,1,76,81,1
8691,6.7,0,1,1,68,3.4,0,0,65,69,0
2118,7.8,0,1,0,81,4.2,0,0,63,58,0
2938,8.3,1,3,2,90,4.8,1,1,79,84,1
6843,6.5,1,3,0,79,4.3,1,1,55,85,1
984,8.4,1,3,2,90,4.8,1,1,80,78,1
7261,6.8,2,2,0,76,4.2,0,1,59,65,0
9986,8.5,2,3,2,90,4.8,1,1,81,80,1
2926,7.2,1,1,1,62,4.0,0,0,74,63,0
6062,8.1,2,3,2,89,4.8,1,1,89,71,0
3215,8.6,1,3,2,87,4.8,1,1,75,85,1
6448,7.6,1,2,0,88,4.7,0,1,83,86,1
6780,8.5,2,3,2,90,4.8,1,1,84,88,1
7039,7.5,1,2,0,90,4.6,0,1,65,68,0
5664,6.5,1,1,1,81,4.7,0,1,62,63,0
628,7.5,1,2,1,90,4.3,1,1,59,84,1
8009,8.0,1,3,1,76,4.6,0,0,70,67,0
5126,7.6,1,2,0,77,4.0,0,1,64,65,0
4766,6.7,1,1,0,82,3.7,0,1,55,58,0
8144,7.4,1,2,1,86,4.5,0,1,82,65,0
9595,8.3,1,1,1,68,4.3,1,1,79,66,0
1270,8.0,2,3,1,85,4.8,1,1,72,82,0
129,7.4,1,1,1,64,4.3,0,1,73,73,0
6113,8.2,1,3,0,78,4.2,1,1,60,66,1
1712,7.6,1,2,1,83,4.6,1,1,86,64,0
7863,7.5,1,2,1,82,4.0,0,0,63,63,0
4236,8.4,1,2,2,79,4.2,1,0,77,81,0
5193,6.5,1,2,0,70,3.4,0,0,58,72,0
2399,6.7,1,1,1,69,4.0,0,0,55,67,0
5435,7.7,1,2,0,78,3.8,0,1,61,70,0
6058,7.5,1,3,0,71,4.2,0,1,65,67,0
9319,6.5,0,2,1,71,3.8,0,1,55,72,0
1187,7.6,1,1,0,71,3.8,0,0,55,70,0
6014,6.7,1,1,0,60,4.0,0,0,61,62,0
9794,8.3,0,2,0,77,4.1,1,0,60,79,0
6015,7.9,1,2,0,85,4.1,1,1,59,64,0
1978,7.9,1,2,0,90,4.8,1,1,76,80,1
9888,8.2,0,2,2,79,4.5,1,1,55,86,0
4248,8.1,1,3,0,81,3.7,0,1,55,75,0
7673,6.5,1,1,1,75,3.8,0,1,56,64,0
916,6.5,1,1,0,78,3.5,0,1,58,73,0
1306,8.2,1,3,2,90,4.8,1,1,64,87,0
5456,8.7,2,3,2,83,4.0,1,1,77,83,1
3050,7.8,2,3,2,90,4.5,1,1,82,82,1
9522,6.7,1,2,1,77,4.5,1,1,75,84,0
1274,8.1,1,1,2,72,4.1,1,0,64,65,0
8056,7.6,2,3,2,90,4.8,1,1,89,84,1
2797,7.0,0,1,0,69,4.5,1,0,62,67,0
1399,6.5,1,2,1,81,3.9,0,1,75,82,0
3359,6.8,1,1,0,76,4.3,0,0,67,65,0
184,7.7,1,1,0,71,4.7,0,1,57,69,0
6868,7.5,1,2,1,90,4.8,1,1,61,82,1
5696,7.2,1,3,1,71,4.4,1,1,58,68,0
8836,8.0,2,3,2,90,4.8,1,1,75,83,1
9627,7.6,2,2,2,89,4.6,1,1,68,79,1
6171,8.3,2,1,1,77,4.1,1,1,72,68,0
6988,6.7,1,2,0,80,3.5,0,0,59,73,0
4568,7.0,1,2,2,82,3.9,0,0,62,64,0
8956,8.6,2,3,3,83,4.6,1,0,86,84,0
2657,6.5,0,1,2,63,3.9,0,0,59,70,0
8310,7.9,1,3,2,75,4.6,0,1,82,84,1
6858,8.4,1,3,2,88,4.8,1,1,73,84,0
1962,7.8,1,2,0,90,4.0,1,1,81,79,0
6384,6.5,1,2,1,70,3.9,1,1,74,85,0
8854,7.6,2,1,0,79,4.8,1,1,55,70,0
9974,7.7,1,2,1,68,4.2,0,1,55,85,0
1252,7.2,0,1,0,79,3.8,0,1,81,70,0
3177,6.8,1,2,0,67,4.1,0,1,57,65,0
7761,8.0,1,3,0,86,4.2,1,1,73,88,1
5014,8.2,1,1,0,71,3.6,1,1,55,65,0
9706,8.2,1,2,1,79,4.2,1,1,74,82,1
6540,7.5,1,2,1,74,4.2,1,0,76,80,0
3290,7.4,1,1,1,66,4.2,0,1,56,62,0
6449,7.3,1,1,1,70,4.5,0,1,68,73,0
8727,8.0,2,3,2,89,4.8,1,1,79,80,0
7612,8.1,0,2,0,77,3.8,1,1,84,62,0
6276,7.7,1,2,0,82,4.1,0,1,57,68,0
6888,7.7,1,1,1,69,4.5,0,1,55,60,0
1052,7.5,1,1,1,64,3.3,0,0,68,58,0
4070,6.6,1,1,1,66,3.9,1,1,57,67,0
6023,7.6,1,1,0,72,4.2,0,1,74,69,0
5553,7.6,1,1,0,77,4.5,1,1,70,71,0
273,7.7,1,2,0,81,3.8,1,1,65,59,0
2043,7.6,0,1,0,63,4.4,0,1,61,71,1
4764,7.5,1,1,0,64,4.0,0,0,58,71,0
8998,7.5,1,2,0,60,3.6,0,1,55,67,0
5205,7.3,1,1,0,66,3.7,0,0,59,68,0
9510,7.6,1,1,1,74,4.5,0,0,55,65,0
1087,8.4,0,3,0,75,4.6,1,1,73,83,1
8374,8.5,2,3,2,90,4.1,1,1,77,78,1
7733,8.3,2,3,2,90,4.8,1,1,79,88,1
7516,8.1,2,3,2,90,4.8,1,0,79,88,1
6679,8.0,1,3,2,90,4.0,0,1,78,86,1
4323,7.9,1,3,1,71,4.6,1,1,57,68,0
6947,8.2,1,3,0,90,3.9,1,1,75,87,0
7748,6.7,0,1,1,76,3.9,0,1,55,65,0
6773,7.4,0,1,0,76,4.3,0,1,65,68,0
5519,8.0,0,3,1,90,4.8,1,1,74,88,0
5118,6.8,0,1,0,73,4.5,0,0,59,60,0
6180,7.6,2,1,1,66,3.7,0,0,64,71,0
4710,8.4,2,3,3,90,4.6,1,1,70,78,1
8122,7.8,1,3,0,75,4.2,1,1,82,82,1
5970,8.3,1,1,0,89,4.5,1,1,55,70,0
6785,7.4,1,2,2,74,4.5,1,1,78,83,0
3479,7.6,1,1,1,71,4.2,0,0,57,75,0
8415,7.9,1,3,0,85,4.8,1,1,78,87,1
3925,8.1,1,3,2,84,4.8,1,1,82,84,0
1749,7.5,1,1,1,61,4.2,1,0,64,64,0
733,6.5,1,1,1,82,3.4,0,0,55,72,0
2554,8.0,1,3,2,90,4.8,0,1,85,88,1
5459,8.5,2,3,2,90,4.8,0,1,90,83,1
5874,6.5,1,1,1,75,3.6,0,1,60,64,0
2663,6.5,1,1,1,72,4.4,0,0,58,67,0
9399,8.0,2,3,2,90,4.8,1,1,83,86,1
6456,7.6,1,1,1,68,4.3,1,1,64,71,0
3114,8.3,1,3,2,89,4.8,1,1,86,86,1
3304,7.5,0,1,0,75,3.7,0,0,61,70,0
1345,8.2,2,3,2,90,4.8,1,1,82,88,1
1691,8.2,2,3,2,90,4.8,1,0,75,80,1
7181,7.4,0,2,0,69,4.2,0,1,59,62,0
6500,6.9,2,3,2,86,4.8,1,1,79,85,1
3309,8.2,0,3,2,90,4.8,1,1,78,87,1
1505,7.9,1,3,2,85,4.6,1,1,71,88,1
1807,8.2,0,3,2,90,4.8,1,1,79,81,1
8470,7.9,1,1,0,90,4.5,1,1,73,82,1
5370,7.6,2,2,0,84,4.3,0,0,64,65,0
3792,7.5,1,1,1,73,4.1,1,0,59,79,0
9521,8.1,1,1,0,81,4.7,0,1,55,69,0
7330,7.9,1,3,0,82,4.7,1,0,57,72,0
5910,7.5,0,2,1,80,4.7,0,1,82,82,1
6826,7.8,1,3,2,73,4.1,1,1,73,81,1
7264,6.8,1,1,0,60,3.5,0,1,55,57,0
1849,6.5,1,1,0,60,3.6,0,0,58,67,0
4513,6.9,1,3,0,77,4.8,1,1,80,80,1
2432,7.4,1,1,1,69,3.9,1,1,63,66,0
4661,7.5,1,1,1,69,3.4,0,1,59,71,0
8886,8.0,1,2,1,77,4.5,0,0,61,70,0
5585,7.6,2,1,0,73,4.0,0,1,82,75,1
143,8.4,1,3,2,90,4.6,1,1,67,80,1
8761,8.3,2,3,0,88,4.8,1,1,77,81,0
9212,8.4,0,3,2,90,4.8,1,1,83,85,1
5265,7.7,1,2,0,81,3.9,1,1,75,77,0
3410,8.0,2,1,0,82,4.6,1,1,61,79,1
1118,7.8,1,1,1,78,4.5,0,1,78,66,0
1757,7.8,2,3,2,90,4.8,1,1,74,88,1
498,7.7,0,3,2,86,4.7,0,1,79,67,0
8032,6.9,0,1,1,65,4.1,1,1,70,61,1
871,7.2,1,1,1,69,4.3,0,0,58,62,0
3358,7.7,2,1,0,85,4.4,1,0,66,75,1
913,8.3,0,3,2,84,4.3,0,0,81,82,0
722,7.6,1,2,0,86,4.0,1,1,62,70,0
2806,7.4,2,3,2,75,4.2,0,1,80,66,0
9944,8.2,2,3,1,83,4.3,0,1,57,62,1
887,7.6,1,2,0,60,3.9,0,0,55,63,0
9593,7.5,1,3,2,88,4.5,1,1,70,84,1
6588,8.4,1,3,2,90,4.8,1,1,86,85,1
8101,8.3,2,3,2,84,4.4,1,1,83,84,1
1521,7.9,1,1,0,82,3.7,0,0,55,72,0
8690,8.7,1,2,2,84,4.8,1,1,84,77,1
2747,7.7,2,3,0,71,3.8,0,0,73,74,0
6701,8.2,2,3,2,90,4.8,1,1,81,88,1
5776,7.5,1,1,0,72,4.4,1,1,55,61,1
315,6.5,1,1,0,79,3.6,0,1,55,64,0
1800,6.7,0,2,0,66,3.9,0,0,58,68,0
328,8.7,1,3,0,86,4.5,1,1,77,81,1
5643,7.7,0,1,1,87,3.9,1,0,75,82,0
4205,8.5,1,3,2,90,4.8,1,1,83,84,1
3130,7.3,0,1,0,75,3.9,0,1,57,63,0
6861,6.8,0,2,1,74,3.7,1,1,61,65,0
9906,8.1,1,2,0,78,4.3,1,1,71,83,0
3969,7.5,0,3,2,72,4.7,1,1,72,82,1
5744,8.7,1,3,3,88,3.8,1,1,68,82,0
6227,6.6,1,1,2,72,4.8,0,0,65,66,0
1974,6.5,1,1,0,85,3.7,0,0,60,74,0
337,8.1,1,3,2,90,4.7,1,0,72,87,1
2765,8.5,1,1,2,90,4.7,1,1,75,88,1
7661,6.5,1,1,0,66,3.9,0,0,55,73,0
276,6.5,2,2,2,79,4.5,1,1,83,87,1
2986,6.8,1,1,1,84,4.2,0,0,55,69,0
5647,8.3,1,3,1,73,4.7,1,0,71,65,0
5850,8.4,1,1,3,83,4.6,1,0,74,62,0
3478,8.2,1,1,0,77,4.1,1,1,79,65,0
7559,8.2,1,2,2,81,4.8,1,1,75,87,1
3559,6.9,1,2,0,79,4.2,1,1,77,63,0
2810,6.5,1,1,0,77,3.9,1,1,78,67,0
9114,7.5,2,3,0,81,3.9,1,1,65,65,0
4862,7.5,0,2,0,67,4.3,1,1,55,68,0
6587,7.4,1,2,1,67,3.6,0,1,58,67,0
3417,7.7,2,3,0,83,4.6,1,0,80,75,0
308,6.8,0,1,0,77,3.3,0,0,64,69,0
3909,7.2,0,1,0,73,4.1,1,1,72,83,1
349,6.5,2,3,0,79,3.7,1,1,68,86,0
827,6.7,1,3,1,88,4.3,1,0,87,67,0
9502,8.0,2,3,2,90,4.6,1,1,73,85,1
4483,8.3,1,2,1,85,4.8,1,1,67,82,1
6577,8.8,0,3,2,77,4.5,1,1,83,82,1
3683,8.7,2,3,0,84,4.1,1,0,79,83,0
5877,7.5,0,2,0,81,4.3,1,1,63,61,0
8388,8.4,1,3,2,90,4.8,1,1,72,85,0
2054,8.0,2,3,2,83,4.6,1,1,72,85,1
72,6.7,0,2,1,79,4.1,0,0,78,67,0
5508,7.0,1,2,0,67,3.5,0,1,55,63,0
8515,7.7,0,1,0,89,4.2,0,0,55,70,0
7511,6.5,1,3,2,75,3.8,1,1,79,67,0
8152,7.8,1,3,1,75,4.6,1,1,83,80,1
1667,7.3,1,1,2,75,3.5,0,1,75,61,0
7862,8.0,2,3,2,86,4.8,1,1,78,85,1
9160,7.5,1,2,0,62,4.4,0,0,60,71,0
5689,8.3,0,2,2,81,4.4,1,0,68,87,1
1446,8.1,2,3,1,67,4.4,1,1,59,82,0
5228,8.2,2,3,2,90,4.8,1,1,70,84,1
6983,8.3,1,3,2,84,4.4,1,1,79,88,1
1696,8.4,1,3,0,85,3.9,1,1,77,73,1
2893,7.3,0,3,2,89,4.5,1,1,80,86,1
1575,7.5,2,3,2,79,4.1,1,1,75,70,1
3204,8.6,2,3,2,90,4.7,1,1,75,88,1
4406,8.8,2,2,2,89,4.8,1,1,86,85,0
1631,7.7,1,2,0,82,4.4,0,1,57,69,1
8381,7.6,1,1,0,79,4.2,1,0,57,61,0
1882,7.9,0,2,0,87,4.4,1,1,74,70,1
8822,7.4,1,2,0,75,3.9,0,1,69,70,1
6464,6.7,1,3,0,87,4.4,1,1,69,67,0
849,8.9,1,2,0,77,4.5,1,1,71,86,0
9924,7.3,0,2,1,69,4.1,0,1,63,67,0
6189,7.6,1,1,1,76,4.0,0,1,83,68,0
5870,6.7,0,2,0,74,3.6,0,1,82,69,1
2878,7.3,1,2,0,66,4.6,0,1,59,72,0
187,6.5,1,1,1,68,4.1,0,0,55,65,0
3780,7.2,1,1,0,83,4.1,0,1,77,75,0
1831,8.2,2,3,2,90,4.8,1,1,86,86,1
8326,8.7,1,3,2,79,4.6,1,1,76,88,0
9242,8.1,2,3,2,88,4.8,1,1,74,81,1
6379,8.1,1,3,0,82,4.4,1,1,69,83,0
1235,7.6,1,2,1,82,4.7,1,1,86,65,0
6965,8.2,2,3,2,90,4.8,1,1,81,82,1
3916,8.5,2,3,2,88,4.7,1,1,71,84,1
447,7.7,1,3,1,75,4.6,1,1,74,63,0
845,7.4,0,2,0,88,3.6,0,0,75,68,0
8063,8.2,1,1,1,69,4.2,0,1,76,65,0
5403,8.6,2,3,2,87,4.8,1,1,81,88,1
2441,8.0,0,3,2,76,4.7,1,1,77,82,1
3104,7.9,2,1,1,80,4.7,1,1,85,84,1
8586,8.2,2,3,2,88,4.8,1,1,79,86,1
6792,6.7,0,1,0,63,3.4,0,0,69,69,0
5651,7.6,1,1,1,71,4.2,1,1,63,63,0
1295,7.6,1,1,1,66,4.5,0,1,55,68,0
5080,8.4,2,3,2,90,4.8,1,1,80,85,1
9017,6.5,1,2,1,83,4.1,0,1,77,72,0
5068,8.6,1,3,2,90,4.6,1,1,85,81,1
3443,7.8,1,3,2,90,4.8,1,1,86,70,1
8452,7.4,0,1,0,68,4.1,0,1,81,73,0
7274,6.5,2,3,0,76,3.8,0,1,86,70,0
6106,8.1,2,3,1,79,3.9,1,1,82,80,1
777,8.1,0,3,2,90,4.2,1,1,69,88,1
9717,8.0,0,3,1,82,4.8,1,1,70,85,0
2154,6.6,1,2,1,69,3.6,0,1,55,70,0
4921,7.3,1,2,1,67,4.6,0,0,59,80,0
5361,8.0,1,3,0,79,4.8,1,1,77,74,0
9736,6.5,1,3,2,85,4.8,1,1,74,82,0
5958,7.6,1,2,0,71,3.5,0,1,75,70,0
8412,7.7,1,3,2,76,4.4,1,1,61,83,0
8433,7.0,1,1,1,73,4.6,0,0,56,62,0
3184,7.9,1,3,2,88,4.8,1,1,77,88,0
6793,7.6,1,2,0,84,4.4,1,1,72,86,1
3200,8.3,1,3,3,90,4.8,1,1,67,85,1
9370,7.4,0,1,1,72,3.5,0,1,66,61,0
1290,7.0,0,2,1,67,3.8,1,0,75,67,0
4582,8.3,1,3,0,84,4.4,1,1,82,80,1
6193,8.4,1,3,0,85,4.6,1,1,82,80,1
8936,6.9,0,2,0,77,4.2,0,0,70,68,0
7150,8.6,1,3,2,85,4.8,1,1,82,84,1
9847,8.3,2,2,0,74,4.8,1,1,57,68,1
4107,8.4,1,2,2,84,4.4,1,1,79,83,1
4127,8.6,2,3,2,90,4.8,1,1,82,86,1
8301,8.2,2,3,2,73,4.3,1,1,55,70,0
3967,7.7,1,3,2,87,4.8,1,1,78,86,1
1880,8.3,2,1,2,72,4.0,1,1,76,70,0
8497,8.2,2,3,2,90,4.6,1,1,75,83,1
9300,6.5,0,1,1,75,3.4,0,0,58,62,0
6349,8.6,2,3,2,88,4.7,1,1,73,84,0
3588,7.4,1,2,1,82,4.0,0,0,58,62,0
7373,6.6,1,1,0,73,4.5,1,0,72,66,0
3866,8.2,2,3,3,88,4.5,0,1,74,85,0
8488,7.3,1,2,1,80,4.3,1,1,55,72,1
4132,8.6,2,3,2,90,4.7,1,1,80,88,1
1037,8.3,2,3,2,87,4.8,1,1,82,84,1
637,7.7,1,2,0,81,4.4,1,1,55,82,1
6154,7.9,1,3,0,83,4.3,0,1,55,74,0
4135,7.2,1,1,1,66,3.5,0,0,55,74,0
5339,6.7,0,1,2,69,4.4,1,0,81,59,0
1084,7.4,0,1,1,73,4.4,0,0,55,57,0
862,7.6,0,1,1,84,4.3,0,0,55,68,0
904,8.5,2,2,0,86,4.3,1,1,80,86,1
192,7.8,2,2,2,80,4.6,0,1,59,74,1
110,8.7,2,3,2,90,4.8,1,1,79,85,1
4456,8.0,2,2,2,86,4.5,1,1,76,85,1
1943,7.6,0,1,0,81,3.9,1,1,61,83,1
5857,6.5,0,3,1,70,3.3,1,1,68,66,1
4332,7.4,1,2,1,78,4.4,0,1,81,68,0
8542,7.8,1,3,2,90,4.8,1,1,80,84,0
2041,7.9,1,2,0,68,3.7,0,0,55,59,0
7332,8.0,1,2,1,78,3.6,1,1,79,83,0
7318,8.4,1,3,0,73,4.5,1,1,82,83,0
7780,8.1,1,3,2,78,3.7,1,1,73,83,1
4660,7.7,1,1,0,63,3.9,0,0,65,68,1
7314,6.6,1,1,0,74,3.6,0,0,55,67,0
2776,7.0,1,2,1,78,4.0,0,0,55,71,0
4146,7.6,1,3,1,77,4.6,1,1,73,79,0
2324,7.7,1,1,0,75,3.6,0,1,59,71,0
763,7.7,1,1,0,70,3.9,0,1,55,67,0
2618,6.6,1,1,0,72,4.1,1,0,58,64,1
2412,8.7,1,2,2,74,4.1,1,1,75,87,1
1095,8.8,2,3,2,90,4.8,1,1,72,88,1
6174,8.6,0,3,2,90,4.8,1,0,81,85,1
7049,6.7,0,1,0,68,3.5,0,0,63,68,0
9273,8.3,1,3,1,88,4.8,1,1,81,85,1
3136,7.5,1,2,0,81,4.0,1,1,71,88,1
7788,6.5,0,2,1,72,3.0,0,1,59,76,0
5041,8.3,2,2,0,79,4.5,1,1,82,66,1
3806,7.6,1,2,1,67,4.5,1,0,61,66,0
885,6.6,1,2,1,74,3.7,0,0,55,66,0
2655,8.5,1,3,3,88,4.4,1,1,75,83,1
5922,6.5,0,1,1,66,4.1,0,0,67,67,0
6188,8.8,1,3,2,90,4.8,1,1,81,84,1
8086,7.7,1,1,0,70,4.4,1,1,65,70,0
6743,7.8,1,2,0,80,3.8,0,1,64,60,1
7627,7.4,1,2,0,73,4.2,0,0,55,61,0
5681,8.6,2,3,2,90,4.6,1,1,76,85,1
7008,6.5,2,3,0,77,4.3,0,1,87,67,0
9687,8.4,2,1,0,90,4.4,1,1,72,82,1
2203,6.8,0,1,1,79,4.2,1,1,60,82,0
6108,7.8,0,3,1,87,4.4,1,1,71,70,0
6418,8.3,1,3,1,88,4.8,1,1,79,86,1
1263,7.4,1,2,2,83,4.4,1,1,56,64,1
8380,8.3,2,3,1,79,4.4,1,1,75,85,0
976,8.0,2,2,2,83,4.5,1,1,72,88,0
5832,8.3,1,3,0,68,4.6,1,1,78,73,1
4926,7.6,1,2,1,67,4.4,1,1,61,73,1
942,8.3,1,3,0,75,3.9,1,1,76,81,1
4724,7.5,1,1,0,81,4.2,0,1,55,59,0
2388,7.6,1,1,1,76,4.2,1,1,67,65,1
9729,6.5,1,1,2,81,3.8,0,0,61,63,0
5022,8.4,2,3,2,90,4.8,1,1,85,81,1
4392,6.6,2,3,0,75,3.9,1,1,55,81,0
5149,8.7,2,3,2,90,4.8,1,1,73,84,1
3222,8.3,1,3,2,83,4.6,1,0,69,87,1
3883,8.3,1,3,1,79,4.5,1,1,72,87,1
9439,8.5,2,1,2,86,4.4,1,1,71,84,1
6625,8.5,1,2,1,60,4.8,0,0,66,67,0
5919,7.4,0,1,0,65,3.4,0,0,55,62,0
2790,7.5,1,1,1,77,3.8,0,1,63,65,0
945,7.2,0,2,2,90,4.8,1,1,82,75,1
8909,8.6,1,3,2,87,4.8,1,1,82,88,1
1858,6.5,2,3,0,90,4.6,1,1,75,67,1
9081,6.9,1,1,0,78,3.9,1,1,73,62,0
4109,8.3,2,3,2,89,4.8,1,1,68,87,1
8514,7.4,1,1,1,69,3.9,0,0,55,66,0
3256,8.8,2,3,2,90,4.8,1,1,84,83,1
2691,6.5,1,2,1,73,4.1,0,1,65,68,0
9513,8.2,1,2,1,71,4.6,1,1,87,85,0
6962,8.8,1,3,0,86,4.6,0,1,69,72,1
1320,7.9,1,3,0,89,4.5,1,1,59,84,1
8883,6.6,1,3,2,79,4.6,1,1,78,75,1
9881,7.6,1,2,0,71,4.6,0,1,55,68,0
5163,7.6,2,1,1,63,4.8,0,1,78,71,1
5830,7.8,0,3,3,85,4.8,1,1,80,81,1
7954,6.6,1,1,2,67,4.0,0,0,55,67,0
5959,8.3,1,1,0,69,4.5,0,1,55,65,0
9272,7.5,0,1,0,72,3.7,0,1,57,65,0
3476,8.2,1,3,2,90,4.8,1,1,85,84,1
3506,7.3,1,1,0,66,4.3,0,1,55,68,0
4750,8.3,1,1,0,80,3.6,0,1,80,75,0
2478,8.3,2,3,2,85,4.5,1,1,87,80,1
9491,6.5,1,1,1,60,4.2,0,0,57,60,0
6616,6.7,1,2,1,64,3.1,0,1,55,68,0
7414,7.6,1,1,0,63,3.3,0,0,63,72,0
7587,8.1,2,3,2,87,4.8,1,0,84,86,1
5345,8.5,1,3,0,86,4.5,1,0,79,78,1
9864,8.4,1,2,1,83,3.7,0,1,55,66,0
7112,8.2,1,1,0,73,4.5,0,1,55,68,0
1875,6.5,0,3,2,86,4.6,1,1,76,83,0
8517,7.4,2,3,2,80,4.8,1,1,70,67,0
5271,6.9,1,3,0,90,3.8,1,1,80,78,1
5097,8.4,2,3,2,90,4.7,1,1,79,87,1
2905,6.7,1,1,0,76,4.2,0,1,55,66,0
571,7.8,0,3,2,90,4.7,1,1,81,82,1
1449,8.2,0,3,1,78,4.2,0,0,76,78,0
5965,8.6,2,3,2,90,4.8,1,1,88,86,1
6243,7.4,1,1,1,84,4.1,0,1,55,70,0
6348,7.7,1,1,0,85,3.9,0,0,57,59,1
7875,7.6,0,1,0,83,4.0,0,1,79,86,0
9817,6.5,0,3,2,87,4.8,1,0,79,64,0
3227,8.2,2,1,2,74,3.9,0,0,79,64,0
9745,8.9,2,3,1,90,4.3,1,1,61,83,1
3979,8.5,2,2,2,90,4.7,1,1,73,69,0
4384,7.1,1,1,0,79,4.3,1,1,69,69,1
7857,8.3,1,3,0,84,4.4,1,1,73,84,0
3540,8.6,2,3,0,71,4.2,1,1,79,86,1
5683,7.4,1,2,0,76,4.5,0,1,55,72,0
2828,7.8,1,1,1,83,4.0,0,1,67,69,1
7659,7.3,0,2,2,86,4.8,1,1,74,86,1
4997,7.7,1,3,2,81,4.7,1,1,73,66,0
1339,6.5,1,1,0,67,4.6,0,1,55,74,0
3263,8.6,1,2,2,80,4.8,1,1,73,80,0
6387,6.5,0,1,0,69,4.4,0,0,57,66,0
7952,8.2,2,3,2,90,4.7,1,1,89,78,1
651,8.1,1,3,0,90,4.8,1,1,83,83,0
2903,8.2,1,3,3,82,4.0,1,1,80,84,0
2259,8.3,1,2,0,82,4.6,1,1,85,86,1
7403,8.1,0,3,2,82,4.8,1,0,82,83,1
3522,7.8,1,1,2,65,4.1,0,0,55,66,0
2731,6.6,1,2,1,62,3.4,0,1,58,62,0
5497,8.4,2,3,2,85,4.7,1,1,87,85,0
4479,8.3,2,1,1,81,4.0,1,1,55,70,1
1597,7.3,1,2,1,69,4.3,1,0,55,72,0
7067,7.6,1,3,0,82,4.8,1,1,61,75,1
2585,8.8,2,3,2,85,4.7,1,0,86,86,1
5442,6.6,2,2,0,73,4.1,0,0,59,68,0
3197,7.6,2,3,1,89,4.5,1,0,72,84,1
8524,7.5,1,1,1,81,4.0,0,1,75,61,0
7683,7.4,1,1,0,82,4.7,1,1,84,87,0
5377,7.5,1,1,0,76,4.0,0,0,68,65,0
1259,8.1,2,3,2,86,4.8,1,1,75,86,1
5278,7.4,1,2,1,68,4.2,1,1,72,66,0
992,7.9,1,2,2,76,4.5,1,1,55,58,0
3505,8.7,1,3,2,90,4.8,1,1,80,83,1
114,8.6,2,3,0,81,4.7,1,0,71,83,1
920,7.8,0,3,0,69,4.2,1,1,73,71,1
2510,7.3,1,1,1,66,3.6,0,1,55,65,0
9405,7.5,1,2,0,71,4.7,0,0,57,87,0
166,6.5,0,1,1,79,3.9,0,0,55,66,0
5264,6.6,1,2,0,77,4.1,0,1,72,69,0
4604,8.1,1,2,0,68,4.7,0,1,67,87,1
950,8.0,0,3,0,88,4.6,1,1,84,70,1
4595,8.4,2,1,0,86,4.6,1,1,57,82,0
5728,8.2,2,1,3,88,4.2,1,1,61,86,1
3771,8.8,1,3,2,90,4.8,1,1,85,83,1
2507,8.3,1,0,0,73,4.6,1,1,70,85,1
5108,7.7,1,3,2,90,4.7,1,1,82,73,1
2851,6.8,1,2,0,67,3.2,0,0,55,68,0
6486,8.4,1,3,2,90,4.8,1,1,76,84,1
5363,8.3,1,2,1,81,4.6,1,1,68,66,1
7443,6.5,1,2,0,61,4.5,0,0,75,68,0
4447,8.2,1,1,1,69,4.2,0,0,58,62,0
4461,8.2,2,3,2,90,4.8,1,1,85,80,1
9514,8.3,1,3,1,86,4.3,0,1,70,70,1
2506,8.3,1,3,2,90,4.8,1,1,85,86,1
1115,8.0,1,3,2,89,4.8,1,1,70,81,0
8398,6.5,1,2,0,76,4.5,1,1,75,82,0
299,8.1,0,3,2,90,4.8,1,1,69,84,0
1676,7.5,1,2,1,74,4.7,0,1,55,60,1
3348,7.6,1,1,1,67,4.5,0,0,55,74,0
2736,8.1,2,3,2,90,4.7,1,1,76,88,1
7820,8.3,2,3,2,90,4.8,1,1,87,81,0
4989,7.7,1,1,1,68,4.6,1,0,65,65,0
9895,7.8,2,3,0,88,4.5,0,1,74,69,1
5818,8.3,2,3,1,90,4.8,1,1,69,83,1
4326,6.9,1,1,1,73,3.6,0,0,71,57,0
6720,7.5,2,2,2,78,4.2,0,0,59,71,0
8787,7.7,0,1,1,85,4.4,0,1,61,65,1
4551,6.6,1,3,0,87,4.7,1,1,83,84,1
8573,8.7,0,3,2,90,4.8,1,1,71,83,1
7848,7.2,2,3,0,86,4.8,1,1,81,82,1
2104,6.5,1,2,0,77,3.5,0,1,57,68,1
5814,7.6,1,1,2,75,4.8,0,1,60,68,0
9105,7.5,1,1,1,63,3.7,0,1,57,66,0
7454,7.5,2,3,0,84,4.5,1,1,71,68,0
1838,7.5,1,2,1,72,4.3,0,1,57,67,0
7903,7.4,2,1,0,73,4.1,1,1,78,79,0
8319,7.9,0,2,2,81,4.3,1,0,84,61,0
8724,7.5,1,2,1,73,4.2,1,1,72,64,0
608,7.7,1,1,1,78,4.2,1,1,66,67,0
8375,8.5,1,1,2,88,4.5,1,1,76,79,1
1094,8.7,1,2,0,78,4.4,1,1,71,80,1
6388,7.0,1,3,0,82,4.7,1,1,60,67,1
6506,8.2,2,2,2,78,4.0,0,0,65,63,0
8965,8.4,2,2,2,84,4.7,1,1,85,82,1
4488,7.6,1,1,0,88,4.2,1,1,55,57,1
161,6.5,0,3,0,71,3.6,0,1,57,74,0
204,8.2,0,2,1,82,4.5,1,1,78,87,1
7041,8.6,1,3,2,70,4.3,1,1,80,87,1
5894,8.0,2,1,2,89,4.2,0,1,68,82,0
4934,7.5,1,2,1,90,3.8,1,1,82,86,1
2935,7.5,0,2,0,63,4.5,1,1,56,62,1
7323,8.4,1,1,1,70,4.2,0,0,62,68,0
2436,8.0,1,2,0,61,3.6,1,0,59,64,0
1231,6.5,1,1,0,75,4.5,0,0,59,66,0
8676,8.4,1,2,0,79,3.4,1,1,72,88,1
3047,7.6,0,1,0,71,4.0,0,1,58,66,0
9655,7.7,2,2,2,80,4.4,0,1,71,73,1
8420,7.0,0,3,0,75,3.9,0,0,56,70,1
7667,6.7,0,1,1,71,4.2,0,0,55,69,0
6408,6.8,1,1,0,74,4.3,0,1,61,68,0
4252,8.3,1,3,2,87,4.8,1,1,73,85,1
5578,7.0,1,1,1,74,4.4,0,1,64,61,0
3294,7.5,1,1,1,64,4.3,0,0,55,71,0
4035,6.7,1,1,0,73,4.6,1,0,67,68,0
8113,8.2,2,3,2,90,4.6,1,1,85,85,1
4291,6.5,1,1,0,74,4.2,0,1,57,71,0
4335,8.4,2,3,2,90,4.8,1,1,87,80,1
5932,7.6,1,2,1,81,3.9,0,0,74,66,0
3878,6.6,1,1,0,66,3.5,0,0,66,72,0
5429,7.6,1,2,1,65,4.2,0,1,62,62,0
4754,8.4,0,3,0,83,4.5,1,1,85,67,1
4887,8.1,2,3,2,90,4.8,1,1,71,86,1
858,6.5,0,3,2,90,4.8,1,1,82,86,1
8234,8.3,1,2,1,80,4.3,1,1,71,84,1
8376,9.0,2,3,2,90,4.8,1,1,76,83,1
2562,8.4,0,2,2,86,4.7,1,1,66,87,0
3802,6.5,0,1,1,80,3.6,0,1,68,65,0
2641,8.0,0,1,0,81,3.1,0,0,65,59,0
9664,8.3,2,3,2,90,4.8,1,1,79,84,1
4491,7.6,0,2,1,60,4.3,0,1,55,60,0
2348,8.2,2,3,2,86,4.7,1,1,84,88,1
650,7.6,0,1,2,74,4.6,1,1,76,67,1
2782,8.4,1,3,1,79,4.0,1,1,80,83,0
5653,7.6,0,1,2,75,4.2,1,0,77,83,0
8544,6.6,1,1,0,74,3.8,0,1,64,76,1
8678,7.7,1,3,0,80,4.8,1,1,73,82,0
6434,6.5,1,1,0,70,3.8,0,1,59,68,1
616,8.0,2,3,2,90,4.8,1,1,75,88,1
8449,6.6,1,1,0,69,3.9,0,1,65,66,0
2576,8.2,2,3,0,81,4.7,1,0,79,61,0
54,6.5,1,2,1,80,4.5,1,1,72,67,0
3341,8.4,0,2,1,87,4.4,0,1,72,68,1
7038,7.8,1,3,1,70,4.3,0,0,65,61,0
1706,6.6,2,1,1,77,3.4,0,0,66,66,0
9061,8.1,1,3,2,75,4.7,1,1,76,68,0
9353,8.7,0,3,2,85,4.5,1,0,71,83,0
1494,7.6,2,3,3,72,4.0,1,0,74,77,0
9964,6.5,2,1,0,65,3.3,0,0,55,70,0
5633,6.6,0,1,1,69,4.2,0,0,55,68,0
804,7.7,1,1,0,79,3.9,0,1,55,72,0
4954,7.4,1,2,0,69,4.1,0,0,58,71,0
6934,7.6,1,1,0,76,3.9,0,1,57,68,1
7105,7.0,1,1,0,65,3.8,0,0,62,63,0
991,7.6,0,3,2,85,3.7,1,1,80,83,0
2775,9.0,0,3,2,86,4.8,1,1,79,86,1
7471,8.2,1,3,1,79,4.6,1,1,73,84,0
6420,7.7,0,1,1,75,3.6,1,1,56,65,0
3514,8.0,0,1,1,81,4.0,0,0,55,73,0
5479,7.9,1,3,2,82,4.4,1,1,70,86,0
8401,8.2,1,3,0,82,4.7,1,1,78,85,1
220,7.9,2,2,2,88,4.8,1,1,81,85,1
6970,7.9,1,1,0,66,4.5,0,0,63,62,0
1289,7.8,2,3,0,83,4.6,1,1,79,69,1
3164,6.5,1,1,0,88,4.0,1,1,58,70,1
4679,6.5,0,2,0,70,4.4,1,1,55,71,0
2619,7.4,1,0,1,67,3.6,0,0,55,63,0
3613,8.2,2,2,2,87,4.4,1,1,78,83,1
44,8.6,2,3,2,88,4.7,1,1,80,87,1
8095,8.6,1,3,0,86,3.8,1,1,78,72,0
8373,8.4,1,1,2,69,4.4,0,0,76,65,0
3793,7.6,1,1,0,74,4.4,1,1,55,68,1
3572,7.1,2,1,1,77,4.4,0,1,75,82,1
9981,8.6,1,2,0,87,4.3,1,1,69,69,0
1504,7.3,0,1,1,80,4.1,0,0,55,70,0
5557,8.1,1,1,3,75,4.0,0,0,55,66,0
9831,6.8,1,1,1,89,4.6,0,1,56,70,0
3440,7.5,0,1,0,67,4.5,0,0,87,70,0
1893,8.1,0,1,0,83,4.2,1,1,71,83,0
9324,7.6,1,2,0,79,4.3,0,1,58,67,0
5256,7.8,1,3,3,84,3.9,1,1,64,72,0
1956,7.8,1,1,1,87,4.2,1,1,59,86,1
5168,8.8,2,3,2,84,4.3,1,1,82,81,1
4815,8.3,1,3,0,82,4.6,1,1,73,88,0
6265,7.5,1,1,1,70,4.1,1,1,56,63,0
1506,6.9,0,3,0,76,3.8,0,1,81,73,0
671,7.3,1,1,1,88,4.1,0,0,55,68,0
8908,7.4,1,3,1,68,3.4,1,1,60,74,0
7056,6.5,2,1,2,85,4.7,0,1,66,85,0
898,6.5,1,1,0,68,4.1,0,1,55,64,0
6179,7.7,1,3,2,90,4.5,0,1,72,88,1
2667,8.2,2,3,2,90,4.8,1,1,73,83,1
3194,8.1,2,2,0,78,4.8,1,0,58,79,0
2891,6.5,1,2,1,63,4.0,1,0,56,66,0
7774,8.3,1,2,0,75,3.8,0,1,55,67,0
2622,7.5,1,1,1,69,3.7,0,0,55,63,0
6009,7.4,1,2,0,65,4.6,0,0,79,68,0
5957,7.5,1,2,0,89,4.7,1,1,85,84,1
3,7.3,1,2,2,82,4.8,1,0,79,80,0
2371,7.5,0,2,1,73,3.6,0,0,56,71,0
7915,7.5,1,3,2,80,4.6,0,0,73,80,1
1770,7.8,0,2,0,79,4.1,0,1,57,63,0
8507,7.7,0,1,1,67,3.4,0,0,65,64,0
6026,8.0,0,1,1,75,4.1,1,0,83,64,0
532,7.7,2,1,0,75,4.4,1,0,81,82,0
8725,8.3,2,3,2,90,4.6,1,0,74,84,1
8650,8.0,0,2,1,74,4.1,1,1,57,87,1
7874,7.9,1,2,2,87,3.6,1,0,80,88,1
8891,7.5,1,2,2,87,3.9,1,1,81,70,0
3121,7.4,1,1,0,68,3.5,0,0,61,70,0
9023,6.5,1,2,1,76,4.1,1,0,56,70,0
732,7.9,2,3,2,90,4.8,1,1,82,84,1
3407,8.1,2,3,2,78,3.4,1,1,83,81,1
2340,8.6,1,3,1,88,4.8,1,1,71,80,0
5968,8.4,2,3,2,83,4.6,1,1,81,87,1
6581,8.4,1,3,0,80,4.7,1,1,71,87,1
2566,8.3,1,2,0,76,4.4,1,1,82,84,1
7727,8.6,1,3,2,90,4.6,1,1,88,85,1
7821,8.3,2,3,0,85,4.8,1,1,75,83,1
6714,7.6,2,3,2,90,4.7,1,1,89,82,1
6996,7.6,1,3,1,80,4.3,0,1,55,83,0
6943,6.5,1,1,0,72,4.0,0,1,56,71,0
7795,8.2,2,3,2,90,4.8,1,1,83,82,1
8976,8.5,1,3,2,80,4.6,1,1,74,68,1
1256,7.6,1,3,0,83,4.3,1,1,81,81,1
2105,7.5,0,1,1,79,4.4,0,1,76,71,0
6735,7.6,1,3,0,80,4.7,1,1,77,84,1
9779,7.9,1,3,2,90,4.8,1,1,82,80,1
6225,7.5,1,1,2,68,3.9,1,1,80,78,0
9151,6.5,1,2,1,69,4.1,1,0,55,68,0
4995,6.9,0,1,0,81,4.0,0,1,74,71,0
8970,7.9,1,2,1,81,4.8,0,1,74,65,0
6840,6.8,1,1,0,69,3.3,0,0,63,63,0
5058,6.8,1,1,0,76,4.0,0,0,60,58,0
5847,8.1,2,3,2,90,4.8,1,1,81,86,1
4435,7.8,1,3,2,84,4.6,1,1,66,84,1
3485,7.7,0,2,0,76,4.7,1,0,67,81,1
9494,8.5,2,3,2,90,4.6,1,1,81,76,1
5319,7.1,1,2,0,80,3.5,0,0,55,66,0
3817,7.8,0,2,0,86,3.5,0,1,72,85,0
5730,8.5,0,3,0,84,4.5,1,1,73,65,1
8904,8.3,1,1,1,71,3.9,1,0,55,59,0
7841,7.7,1,1,1,78,4.8,0,0,65,72,0
9890,8.2,0,3,2,90,4.7,1,1,76,85,1
1622,8.3,2,3,2,79,4.7,1,1,72,69,1
9424,7.7,1,2,1,69,4.2,0,0,59,59,0
6308,8.9,1,3,2,90,4.3,1,1,66,83,1
9305,6.5,1,1,1,77,4.2,0,1,55,71,0
8903,7.4,1,1,2,90,4.3,1,1,72,85,1
1097,8.1,2,3,2,90,4.6,1,1,82,88,1
8058,8.3,1,3,2,90,4.7,1,1,69,80,1
9482,7.9,1,2,2,78,3.9,1,1,75,70,0
2464,7.6,1,2,1,86,4.4,1,1,90,79,0
8290,7.4,0,2,2,82,4.8,1,1,88,66,1
1789,6.7,2,1,2,72,4.5,0,1,77,69,0
251,8.4,2,3,1,76,4.1,1,1,68,64,0
9927,8.2,1,3,1,69,3.8,0,1,55,85,0
6192,6.8,0,3,0,70,3.9,1,1,61,67,0
9651,8.4,2,3,2,80,4.7,1,1,77,81,1
193,7.5,1,2,0,77,4.2,1,1,58,63,0
821,7.9,1,2,1,82,4.5,1,1,67,63,0
9628,8.4,1,3,0,82,4.5,1,1,80,64,1
5715,7.9,1,3,2,90,4.4,1,1,80,84,1
7196,8.2,1,2,2,90,4.8,1,1,71,88,1
5716,7.5,1,2,1,65,4.1,0,0,68,73,0
4401,6.6,1,1,0,86,4.4,1,1,68,69,1
9291,8.2,0,2,0,78,4.8,1,1,71,70,1
5389,8.4,1,2,1,73,4.0,1,0,81,63,0
4167,7.5,0,1,0,76,4.4,0,1,55,65,0
4952,6.5,2,1,1,73,4.3,1,0,86,81,0
2688,8.5,2,3,1,90,4.7,1,1,72,77,1
4391,8.2,1,3,2,85,4.6,1,1,76,85,0
5861,6.8,0,1,2,71,4.2,0,0,70,62,0
5982,7.5,0,1,0,80,3.9,0,1,61,62,0
4928,8.4,1,3,0,86,4.7,1,1,80,70,1
6736,7.9,0,1,0,78,4.4,1,1,77,73,0
2608,8.5,1,1,0,80,4.6,0,0,61,69,0
7467,8.4,1,2,2,86,4.2,1,1,80,82,0
239,8.5,2,3,2,90,4.8,1,1,80,79,1
4016,6.5,1,2,1,76,4.2,1,1,59,84,0
9263,7.8,1,1,0,70,4.2,0,1,63,65,0
2978,6.8,1,1,2,84,4.5,1,1,69,88,0
5713,7.8,1,1,1,70,4.1,0,1,79,66,0
9857,7.9,0,1,0,79,4.2,0,0,55,62,0
5474,7.4,1,2,0,82,4.3,0,1,60,66,0
946,7.7,0,1,0,67,3.5,0,0,55,61,0
8252,7.5,2,1,1,78,4.3,0,1,55,71,0
7682,6.8,1,1,0,74,4.3,0,1,59,67,1
5098,8.3,0,1,0,73,3.8,1,1,72,80,0
6806,7.8,1,2,1,80,4.2,1,1,57,82,0
5804,8.0,1,3,2,77,4.5,1,1,79,71,0
3553,7.2,0,2,1,86,4.2,1,1,55,70,0
9970,8.5,1,3,0,85,4.2,1,0,79,85,0
3361,7.9,0,2,0,70,4.7,1,1,77,85,1
8250,6.7,0,1,1,68,4.3,0,0,68,62,0
2411,8.4,0,3,0,80,4.3,1,1,82,83,0
4508,7.4,1,1,0,70,4.0,0,1,55,67,0
8463,8.2,1,3,0,88,4.2,1,1,66,88,1
3983,8.4,0,3,0,90,4.8,1,1,77,84,1
147,7.9,1,1,1,62,4.6,1,1,87,82,0
6649,6.7,1,1,0,78,3.7,0,1,77,83,0
2295,8.4,2,3,2,90,4.5,1,0,75,86,1
2254,8.0,2,3,0,90,4.4,1,1,72,85,1
3612,8.3,2,3,0,90,4.6,1,1,75,71,0
5354,7.4,1,2,1,71,4.7,0,1,74,63,0
1737,8.5,2,3,2,90,4.8,1,1,72,83,1
7916,8.0,1,3,3,85,4.7,1,1,79,84,0
7660,8.3,0,3,3,89,4.8,1,1,74,74,1
115,6.7,2,1,2,76,4.8,1,0,55,78,0
8861,8.4,1,1,2,86,4.7,1,0,69,71,0
5650,6.6,1,3,2,89,4.5,1,1,71,88,1
9845,8.3,2,3,2,90,4.7,1,1,84,83,1
499,7.5,0,2,0,71,3.4,0,0,55,62,0
7823,8.3,1,3,1,81,4.8,1,1,65,83,0
721,8.1,1,3,2,90,4.6,1,1,79,88,1
7259,7.5,1,1,1,72,3.8,0,1,55,68,0
8844,7.4,1,2,2,82,4.3,1,1,77,72,0
5731,8.0,2,3,2,90,4.8,1,1,77,82,1
3090,7.1,1,1,1,72,3.9,0,0,57,57,0
7227,8.2,1,3,0,90,4.4,0,1,70,84,0
7307,7.8,2,2,1,79,4.6,1,0,79,71,0
6509,8.4,1,1,1,74,3.7,0,1,55,72,1
597,8.4,1,3,2,90,4.6,1,1,82,88,1
9093,7.8,2,3,2,86,4.2,1,0,83,81,1
6096,8.2,2,2,0,86,4.5,1,1,55,83,1
6054,7.5,1,1,0,76,4.2,0,0,63,73,0
5165,6.5,1,3,1,86,4.5,1,1,82,82,1
1648,7.3,1,1,1,72,4.1,0,1,61,70,0
8168,8.1,2,3,2,90,4.8,1,1,89,84,1
6921,8.2,1,1,0,79,4.6,1,0,56,61,0
2701,6.7,1,1,0,86,4.8,0,1,55,64,1
8204,7.6,1,2,1,77,4.4,1,1,76,87,0
1701,7.5,1,1,2,84,4.7,1,1,66,83,0
8944,7.2,1,1,1,74,3.9,0,1,57,69,0
5405,7.2,1,1,1,79,4.3,0,0,55,75,0
7220,8.1,0,2,1,85,4.8,1,0,87,80,0
7503,8.8,2,3,2,90,4.7,1,1,74,86,1
2943,7.7,1,1,0,67,3.6,0,0,57,64,0
6302,7.5,2,3,2,85,4.3,1,0,78,81,0
87,8.1,0,2,1,84,3.8,0,0,71,68,0
2309,8.0,2,1,0,77,4.5,0,1,59,65,0
2678,7.2,1,2,3,78,4.5,1,1,70,74,0
8217,6.5,1,1,1,80,3.6,0,0,57,67,0
7730,8.3,2,3,0,90,4.8,1,1,75,86,1
2595,7.7,1,1,0,73,4.0,1,1,65,75,1
5885,8.4,0,2,3,90,4.3,1,1,75,84,1
1030,6.9,1,1,0,70,4.6,1,1,65,82,1
137,8.2,2,3,2,90,4.4,1,1,90,81,1
6832,8.5,2,3,2,90,4.8,1,1,80,80,0
7815,8.1,2,2,1,76,4.8,1,1,71,81,0
2855,8.5,2,3,0,89,4.8,1,1,82,70,1
4410,6.8,1,2,0,73,4.3,0,1,79,62,1
1201,6.7,1,1,2,90,4.2,1,0,79,88,0
4718,7.0,0,2,1,73,3.9,0,0,64,59,0
9518,7.8,1,2,0,83,3.5,0,0,57,63,0
6595,8.1,1,2,1,83,4.6,0,1,82,81,0
567,7.3,0,2,1,78,4.8,0,1,83,72,0
7329,6.6,1,1,0,83,4.4,0,0,55,62,0
5431,8.1,0,3,1,80,4.6,1,1,80,81,1
3928,9.0,1,3,2,90,4.8,1,1,77,78,1
6056,7.6,1,3,1,79,3.9,1,1,70,85,1
7590,7.9,1,0,3,90,4.8,1,1,68,88,0
7123,7.6,1,3,2,90,4.8,1,1,72,71,1
6573,7.4,1,2,1,79,4.1,0,1,61,82,0
6536,7.9,1,3,2,83,4.8,1,1,58,81,0
8914,6.5,0,2,0,83,4.6,1,1,55,65,0
8276,7.6,1,2,1,81,4.4,1,1,75,88,1
2331,7.4,2,2,1,78,4.3,1,0,68,69,0
3516,7.6,1,2,0,75,3.5,0,1,61,76,0
2188,8.6,1,2,2,85,3.7,1,1,81,83,0
196,8.4,1,1,2,87,4.1,0,0,78,70,0
7258,6.6,1,1,0,71,3.1,0,1,64,67,0
5667,7.4,1,1,1,60,4.3,1,1,80,75,0
5060,7.7,1,1,0,71,4.3,0,1,55,66,0
803,7.6,1,1,0,70,4.0,0,1,55,57,0
8849,8.1,2,1,2,72,4.1,1,0,59,69,0
9929,8.3,2,3,2,90,4.8,1,1,82,84,1
2069,7.5,1,3,0,83,4.8,1,1,73,87,1
9083,7.2,1,1,1,72,3.7,0,0,57,65,0
8745,7.6,0,1,1,80,3.9,0,0,55,66,0
645,8.5,2,3,2,88,4.6,1,1,85,84,1
9375,8.4,2,1,1,83,3.5,1,1,56,81,1
5104,8.3,1,3,2,90,4.7,1,1,86,86,1
5461,6.6,1,1,1,80,3.9,1,1,84,81,0
1638,6.5,1,2,0,79,4.5,0,0,61,57,0
121,8.7,2,3,2,81,4.7,1,1,85,79,1
2982,7.7,0,1,1,77,3.3,0,0,56,68,0
5070,8.2,2,3,2,84,4.8,1,1,71,83,1
3075,8.7,2,3,2,86,4.8,1,1,81,84,1
8928,8.3,2,3,0,82,4.5,1,1,74,70,0
3279,8.3,2,2,0,76,3.9,0,0,83,80,0
2136,7.7,0,2,2,83,4.5,1,1,63,82,1
8942,8.0,2,3,0,84,4.6,1,1,88,81,0
4971,7.5,1,1,0,63,4.5,0,1,59,58,0
6196,7.7,1,2,1,68,4.5,0,1,56,63,0
135,8.0,0,1,0,60,4.0,0,0,57,70,0
7732,7.4,1,1,1,73,4.8,1,1,61,69,0
5325,8.1,2,3,2,90,4.8,1,1,75,88,1
9641,7.6,0,1,1,82,4.1,0,0,61,69,0
6161,7.7,1,2,1,79,4.6,1,1,68,70,0
2560,8.4,1,3,2,90,4.8,1,1,87,83,1
63,7.2,1,2,0,74,4.1,0,0,70,65,0
1359,8.4,1,3,2,90,4.8,1,1,69,82,1
6726,6.7,1,1,1,67,4.3,0,0,57,60,0
2468,7.9,1,1,1,89,4.0,0,1,81,70,0
680,7.6,1,3,0,69,4.3,0,1,73,72,1
6798,7.5,1,1,0,68,3.6,0,1,67,66,0
742,7.9,2,3,2,80,4.3,1,1,78,65,1
5308,7.4,1,1,1,68,4.3,1,0,60,69,1
7628,8.7,1,3,2,80,4.1,1,1,70,88,1
3642,7.4,1,2,0,84,4.5,1,1,61,66,0
445,6.5,1,1,1,60,3.8,0,0,56,62,0
8141,8.3,2,3,2,90,4.4,1,1,78,87,1
3259,6.7,0,1,1,66,3.9,0,1,55,61,0
4664,7.0,1,1,1,63,3.7,1,1,55,73,0
1874,8.2,2,3,2,90,4.8,1,1,89,87,1
6367,7.3,0,1,0,85,4.2,0,1,73,68,0
2597,7.5,1,2,1,77,4.6,1,1,84,65,0
1718,6.7,1,1,1,64,4.2,0,1,69,68,0
2913,7.8,2,3,2,83,4.8,0,1,74,83,0
2844,8.1,1,3,1,68,4.7,0,1,59,68,0
4028,7.6,1,1,0,72,4.0,0,1,55,67,0
5489,7.6,1,2,2,82,4.8,1,1,64,80,0
8635,8.5,2,3,2,90,4.5,1,1,85,88,1
8038,8.1,1,2,0,83,4.1,1,0,66,66,0
9233,7.6,0,1,0,83,3.8,0,1,56,66,0
490,8.3,1,3,0,82,4.8,1,1,71,88,0
494,7.7,1,2,0,82,4.3,0,1,77,67,0
691,8.5,2,2,2,84,4.5,1,1,81,84,1
3822,7.1,1,1,2,78,4.6,1,1,72,82,1
603,8.5,2,3,0,89,4.8,1,1,79,80,1
1912,7.1,1,3,0,81,4.2,1,1,62,88,1
1015,8.0,2,2,2,83,3.3,1,1,65,69,0
6157,7.8,1,2,0,86,4.6,0,1,56,66,0
1994,7.6,2,1,0,77,4.2,0,1,72,68,1
5770,7.6,1,3,2,84,4.6,1,1,67,86,1
3758,8.1,1,3,2,82,4.2,1,1,72,67,0
2367,7.7,1,3,2,86,4.5,0,1,65,88,0
5284,8.2,1,1,2,87,4.3,1,0,69,86,0
4371,6.6,0,2,0,64,3.8,0,1,55,70,0
6884,8.3,2,3,3,88,4.8,1,1,78,84,1
7012,6.5,0,1,0,65,4.5,0,0,59,69,0
1362,8.8,0,2,1,73,4.8,1,0,81,83,0
8462,8.5,1,3,2,90,4.8,1,1,82,88,1
1527,7.8,2,3,2,90,4.8,1,1,90,78,1
1328,6.5,1,1,1,67,3.6,0,0,58,67,0
8508,6.5,0,3,1,82,4.6,0,0,57,66,0
9032,8.0,2,3,2,83,4.5,1,0,79,81,0
1552,7.7,1,2,2,81,4.0,0,1,57,67,1
7770,7.7,1,1,1,73,4.0,0,1,58,67,0
9909,8.5,1,3,2,88,4.6,1,1,73,84,0
1338,7.5,2,3,1,90,4.4,0,1,81,81,0
3902,8.3,2,3,2,77,4.2,1,1,65,83,0
3011,6.5,1,2,1,82,4.4,0,1,55,69,0
5042,6.5,2,1,2,79,4.4,0,0,55,66,0
8826,8.2,2,3,0,89,4.4,1,1,84,86,0
2251,6.5,1,2,1,66,4.2,0,0,55,72,0
6534,7.6,1,1,1,66,3.6,0,1,67,65,0
5040,7.5,1,3,1,83,4.4,1,1,77,87,1
2347,6.9,1,1,1,76,4.8,1,1,58,66,0
9283,8.8,0,3,0,88,4.6,1,1,65,84,1
5486,8.2,1,1,1,76,4.1,0,0,58,80,0
2785,7.4,1,3,0,85,4.6,0,0,62,65,0
5120,7.9,1,3,2,89,4.6,1,1,83,86,1
7551,7.5,1,2,0,82,4.1,0,0,64,61,0
5556,6.5,0,1,2,76,4.1,1,1,79,65,0
5600,8.6,1,3,2,76,4.0,0,0,71,88,0
7631,8.5,1,3,3,84,4.6,1,1,69,88,1
151,8.4,2,3,2,90,4.8,1,1,90,85,1
2805,7.4,1,1,1,77,4.1,0,0,55,64,0
5875,7.5,0,1,0,72,3.9,0,1,65,70,0
2087,7.8,2,3,2,90,4.8,1,1,79,87,1
3752,7.6,0,1,2,83,4.7,0,1,77,69,1
5613,7.7,1,2,0,80,4.6,0,1,57,68,0
2260,8.2,2,3,2,90,4.8,1,1,80,86,1
4018,7.8,1,2,0,78,4.0,1,1,67,72,0
6114,8.3,1,3,2,89,4.8,1,1,79,81,1
6059,7.9,1,2,1,61,4.2,1,1,80,71,0
2425,7.6,1,1,1,68,4.0,0,1,61,68,0
8035,8.3,0,3,2,83,4.3,1,1,76,84,1
3857,8.5,2,3,2,90,4.8,1,1,78,87,1
860,6.5,1,2,0,84,4.3,0,1,80,69,0
8171,7.5,1,2,0,83,4.7,0,1,62,83,1
7592,7.7,1,1,0,75,4.0,0,1,61,71,1
8098,8.2,1,3,0,86,4.7,1,1,81,88,1
7321,6.5,1,1,0,71,4.3,1,1,62,70,0
8564,8.2,2,2,0,74,4.1,0,0,60,74,0
4740,7.9,2,3,2,90,4.8,1,0,88,77,1
8595,7.6,1,1,2,69,3.9,0,1,63,69,0
4463,8.0,1,3,2,79,4.8,1,1,83,85,1
5529,6.5,0,2,2,88,4.6,0,1,71,72,0
1365,8.4,1,1,2,82,4.8,1,1,63,67,1
1780,8.1,1,1,1,71,4.2,0,0,55,61,0
9222,7.5,0,1,0,68,3.4,0,0,61,59,0
4786,8.2,2,1,0,82,4.7,1,1,63,72,1
6335,7.6,1,2,1,75,4.1,1,1,64,67,0
1819,8.2,2,2,0,89,4.6,1,1,75,69,0
7800,6.9,1,3,0,81,4.6,1,1,62,76,1
4938,8.5,1,1,2,82,4.4,1,1,82,85,1
2705,7.5,1,2,2,72,4.1,1,1,66,70,0
5286,6.5,1,1,0,77,4.1,0,0,59,57,0
176,6.7,1,2,0,73,4.5,0,1,55,65,0
7482,7.6,1,1,0,73,4.2,0,0,56,66,0
2094,6.7,2,3,2,83,4.0,0,0,79,68,1
8751,7.3,0,1,0,78,3.6,0,0,56,70,0
3492,7.5,0,1,0,70,3.8,0,0,56,69,0
1921,8.1,0,3,0,69,4.1,1,0,67,59,0
83,8.2,2,3,2,76,4.5,1,1,73,82,0
817,7.4,1,2,2,85,3.5,1,1,57,68,1
8602,8.5,2,3,2,90,4.6,1,1,81,88,1
7355,7.5,1,2,0,66,4.2,0,1,55,65,0
4397,7.9,0,3,2,89,4.5,0,1,79,80,0
9182,7.6,1,1,0,72,4.5,0,0,55,57,0
5569,6.5,2,1,1,82,4.8,0,1,75,71,0
284,8.5,0,2,0,81,3.2,0,1,55,63,0
4121,8.4,1,1,2,90,4.8,0,1,66,87,1
7481,8.3,2,3,2,90,4.2,1,1,71,81,1
610,8.3,1,3,0,78,4.7,1,1,76,82,0
2916,8.4,2,3,2,90,4.6,1,1,74,85,1
1814,8.0,2,1,1,85,4.5,0,0,66,63,1
1272,7.5,1,1,0,68,4.1,1,1,55,67,0
5925,8.0,0,2,2,79,4.4,0,1,55,68,0
9596,7.0,1,3,1,80,4.8,1,1,59,68,1
2995,6.5,0,1,1,90,3.7,0,1,64,71,0
7110,6.5,2,2,0,68,4.0,1,0,69,69,0
8614,7.3,1,2,1,86,4.3,0,1,68,64,0
7357,7.7,2,2,2,85,4.7,1,1,83,82,1
2643,8.5,0,2,1,89,4.8,1,1,56,72,1
6554,8.5,1,3,2,78,4.8,1,1,76,84,1
4509,8.1,2,3,0,90,4.4,0,1,78,86,1
2306,7.3,1,1,1,64,4.1,0,0,59,60,0
6503,6.8,1,1,0,83,3.9,0,0,58,61,0
6261,7.0,0,1,0,62,4.7,0,1,57,72,0
4196,6.8,1,1,0,82,3.9,0,0,82,64,0
5563,6.7,1,2,1,82,4.3,1,1,77,80,1
4841,8.0,0,1,3,90,4.8,1,1,81,82,1
4656,8.3,1,1,2,79,3.7,1,1,82,76,1
8148,7.5,1,2,1,66,4.0,0,1,58,76,0
4169,8.4,0,3,0,90,4.4,1,1,71,83,0
3850,8.2,2,3,2,90,4.8,1,1,82,84,1
9848,7.6,1,1,1,82,3.9,0,1,55,70,0
8402,8.2,0,3,2,83,4.7,1,1,72,86,0
5254,7.5,0,1,0,66,3.7,0,1,61,66,0
7885,8.4,2,3,2,90,4.8,1,1,67,82,1
5534,8.2,2,2,2,80,4.5,1,1,80,85,1
2415,7.4,1,3,0,78,4.6,1,1,74,82,0
3555,8.7,2,2,2,73,4.1,0,1,58,66,0
4692,6.7,0,3,0,70,4.7,1,0,89,67,0
4499,8.0,1,3,0,81,4.3,1,1,72,71,0
2196,8.3,1,3,2,79,4.4,1,1,78,83,1
5046,8.3,1,3,0,77,4.8,1,1,74,57,0
2601,7.9,0,1,0,69,3.8,0,1,66,61,0
1519,8.0,2,3,2,90,4.8,1,1,90,87,1
4765,7.4,1,2,0,76,4.5,0,0,68,73,0
4315,6.6,1,1,1,60,3.9,0,0,61,73,0
3367,7.3,0,2,1,71,4.4,0,0,68,69,0
6066,7.5,1,1,0,78,3.6,0,0,57,68,0
6583,7.6,0,2,2,90,4.6,1,1,85,77,1
2634,7.5,1,1,0,80,4.7,0,0,56,82,1
7338,6.6,1,2,0,81,4.5,1,1,62,64,1
5634,8.2,2,3,2,86,4.4,1,1,79,85,1
9169,7.3,0,3,1,70,3.8,1,0,56,76,1
8790,7.7,2,3,0,81,4.7,1,1,66,80,1
2435,8.4,0,3,2,90,4.8,1,1,83,83,1
8278,8.6,0,3,2,90,4.7,1,1,71,88,1
6759,7.8,0,3,1,90,4.7,0,0,75,74,1
6612,8.6,1,3,2,82,4.8,1,1,88,81,1
4521,8.4,1,2,1,84,4.3,1,1,72,67,0
5588,7.6,1,1,1,72,4.6,1,1,56,66,1
3546,7.6,0,1,2,71,3.9,0,1,61,67,0
5966,7.6,1,2,2,80,4.5,0,1,68,86,0
5993,7.7,1,1,0,78,4.3,1,1,62,69,1
8806,6.5,1,1,1,69,3.7,1,0,62,65,0
5532,6.6,0,3,0,87,4.6,1,1,77,77,1
5445,6.5,1,1,0,71,4.2,1,1,55,75,0
518,7.7,2,3,0,78,4.1,1,1,70,81,0
6111,7.6,1,1,0,69,3.4,1,1,73,59,0
6865,6.5,1,2,0,78,4.0,1,1,57,78,0
7961,7.6,1,2,0,72,4.8,0,1,63,65,0
1416,8.2,1,2,0,73,4.5,1,1,69,73,0
4665,8.3,2,3,2,90,4.8,1,1,78,83,1
4457,8.3,0,3,2,90,4.3,1,1,63,88,1
2762,8.0,0,3,2,87,4.5,1,1,83,81,1
4856,7.5,1,2,0,70,3.4,0,1,55,66,0
128,7.4,0,1,0,79,4.3,0,0,63,73,0
3475,7.7,2,2,3,83,4.3,1,1,75,80,0
7970,8.4,2,3,2,90,4.8,1,1,82,88,1
4311,7.6,0,1,1,62,3.9,0,0,65,58,0
2439,7.4,0,2,0,76,4.5,0,1,72,85,0
3766,7.3,1,3,0,82,4.4,1,0,77,80,0
6877,6.5,1,1,0,79,4.2,0,1,61,59,0
5897,8.0,1,3,2,90,4.7,1,1,76,88,1
5841,8.4,0,2,2,80,3.9,1,1,76,80,1
8843,6.5,1,2,0,77,4.2,0,0,55,59,0
9771,8.1,1,3,2,90,4.6,1,1,76,86,0
1474,8.4,2,3,2,90,4.8,1,1,71,85,0
4822,8.4,2,3,2,90,4.6,1,1,69,82,1
6916,7.6,1,1,0,82,4.0,0,0,65,58,0
3561,6.5,2,3,2,86,4.4,1,1,76,81,0
3952,7.5,0,3,0,67,4.1,1,1,74,67,0
50,7.7,1,2,0,74,3.8,1,0,55,66,0
5438,8.1,2,3,2,90,4.7,1,1,75,86,1
9898,6.5,1,1,0,65,3.6,0,1,56,63,0
888,7.4,1,1,1,81,3.8,0,1,55,84,0
2617,7.4,2,1,2,90,4.7,1,1,81,88,0
517,7.3,1,1,1,69,4.2,0,0,55,65,0
3169,7.7,1,2,0,82,4.1,0,0,55,65,0
2950,7.3,0,1,1,80,4.5,0,1,55,69,0
1425,8.0,1,3,2,90,4.8,1,1,86,85,1
140,8.9,2,3,2,90,4.8,1,1,69,85,1
1925,7.4,1,1,1,78,4.3,0,1,55,66,0
2379,8.6,2,3,2,90,4.8,1,1,65,82,1
3198,8.4,0,1,2,76,3.4,0,1,77,85,1
5132,8.0,1,1,0,82,4.5,1,1,73,66,0
113,7.4,1,1,1,81,4.1,1,0,55,62,0
4560,6.9,1,1,0,67,3.8,0,0,70,60,0
4596,7.5,1,1,0,72,4.3,0,1,71,69,0
7998,8.5,2,2,0,79,3.7,1,1,55,83,0
3251,8.3,1,3,2,90,4.8,1,1,75,80,1
4691,8.3,2,3,0,84,3.9,1,1,55,86,1
8116,7.7,0,1,0,66,4.2,1,1,56,69,0
7768,6.8,0,1,0,60,3.9,0,0,67,61,0
4547,8.3,0,3,0,86,4.5,1,1,69,78,1
7085,6.7,1,1,1,77,4.7,1,0,69,70,0
3278,8.2,1,3,2,90,4.7,1,1,83,82,1
7543,7.8,2,3,1,90,4.0,1,1,81,84,0
6594,8.6,2,2,2,87,4.8,1,1,80,83,1
4069,8.2,1,3,2,90,4.6,1,1,86,86,1
4409,8.5,0,3,2,90,4.7,1,0,84,60,1
8645,8.5,2,3,0,90,3.8,1,1,87,84,1
8589,7.5,1,1,3,78,4.5,0,0,69,73,0
7385,8.6,2,3,2,90,4.8,1,1,81,87,1
3223,6.6,0,1,0,79,4.4,0,1,55,64,0
8211,8.1,2,3,0,84,4.8,1,1,83,82,1
452,8.6,0,2,1,90,4.6,1,1,56,87,1
3732,7.6,1,3,2,84,4.0,1,1,77,82,1
8954,8.4,2,3,2,87,4.6,1,0,83,87,1
4987,6.5,1,1,1,84,4.4,1,1,72,87,1
3664,7.3,1,2,0,82,4.6,1,1,71,70,0
2764,8.0,0,3,1,86,4.3,1,1,75,66,1
659,8.2,1,2,3,85,4.5,1,1,69,82,0
7679,7.6,1,2,3,81,4.6,1,1,73,82,0
7677,7.6,0,1,2,72,3.7,0,0,55,61,0
4621,8.0,1,1,0,81,4.4,1,1,70,71,0
1000,7.6,1,2,0,60,4.1,0,1,57,65,0
390,8.3,2,3,2,82,4.8,1,1,57,73,1
3408,7.9,1,3,2,90,4.7,1,1,83,82,1
1477,8.2,1,3,2,90,4.5,1,1,73,87,1
2241,7.8,1,1,0,73,3.2,0,1,57,69,0
2387,7.8,1,2,0,83,4.8,1,1,78,80,1
9140,6.7,1,1,0,85,4.0,0,1,58,71,0
993,7.8,1,1,2,82,4.3,1,1,59,65,1
4998,8.5,1,1,2,75,4.8,0,1,75,62,1
3923,7.8,1,1,0,71,4.0,0,1,55,65,0
2973,8.1,1,3,2,70,4.7,0,1,65,75,1
3387,8.8,2,1,2,83,4.8,1,1,84,83,1
7886,7.6,1,3,2,72,4.8,1,1,75,70,0
8813,7.8,1,3,0,76,4.4,1,1,74,74,0
4770,7.5,1,1,0,69,4.5,0,0,64,66,0
1294,8.2,0,3,2,82,4.7,0,1,81,82,1
1825,7.8,0,3,1,88,4.6,1,1,65,83,1
2874,7.3,1,2,0,81,3.7,1,1,68,85,0
4174,7.5,0,3,0,81,4.5,1,1,87,85,1
2536,8.1,1,3,2,90,4.8,1,1,86,80,1
9133,8.2,1,3,2,81,4.5,1,0,70,83,1
1908,7.6,1,1,1,72,3.3,0,1,58,61,0
43,6.7,0,1,1,72,4.4,0,0,55,60,0
9492,7.5,0,3,1,78,4.7,1,1,66,66,1
369,8.4,2,2,0,76,4.4,1,1,77,73,1
1152,7.7,1,1,0,84,4.7,1,1,71,63,1
7753,7.5,1,2,0,79,4.4,1,0,62,69,0
6359,6.7,1,1,0,90,4.3,0,0,80,82,1
5913,8.2,1,3,2,90,4.8,1,1,80,81,1
6508,7.1,1,1,1,76,4.3,0,1,78,71,0
7526,8.1,2,3,0,89,4.1,1,0,81,67,0
4161,8.1,2,3,3,90,4.5,1,1,83,88,1
4288,8.0,2,3,2,89,4.8,1,0,86,83,1
7776,8.6,2,3,2,90,4.8,1,1,85,81,1
6715,8.4,1,3,3,78,4.7,1,1,77,83,0
175,8.0,2,3,2,90,4.8,1,1,78,86,1
1904,8.4,2,3,2,90,4.8,1,1,79,86,1
1100,8.1,0,3,2,90,4.7,1,1,82,86,1
8115,6.5,0,1,0,73,3.7,0,0,57,67,0
3409,7.8,2,3,2,90,4.8,1,1,68,87,1
1539,6.7,0,1,0,66,3.7,0,1,55,66,1
2293,8.2,1,3,2,76,4.4,1,1,66,86,0
9301,7.5,1,2,0,87,3.9,0,0,55,63,0
1364,8.3,2,3,2,85,4.7,1,1,72,85,0
7189,7.6,1,1,0,88,3.9,0,1,55,68,0
6628,8.2,2,3,2,90,4.8,1,1,74,85,0
5261,7.4,1,2,2,78,4.5,0,1,55,75,0
6816,8.1,0,3,2,89,4.8,1,1,78,83,1
9462,8.2,2,2,1,87,4.5,1,1,70,70,0
681,8.2,2,1,2,71,4.2,1,1,85,85,0
9316,6.9,0,2,1,69,4.0,0,1,62,61,0
9299,6.7,1,1,1,71,3.8,1,0,56,70,0
3665,6.6,1,1,0,78,3.7,0,1,73,68,0
1662,8.6,1,3,2,90,4.5,1,1,84,88,0
509,8.2,1,1,0,79,4.2,0,0,72,69,0
167,7.3,1,1,1,71,3.6,0,0,65,64,0
5498,7.4,0,2,0,73,3.7,0,1,55,71,0
8300,6.8,2,1,0,65,4.6,1,1,55,63,0
1007,8.3,0,3,2,75,3.8,1,1,83,85,1
9740,8.3,2,3,0,90,4.8,1,1,84,86,1
1915,7.5,0,3,1,76,4.4,1,1,81,83,1
3495,8.4,2,3,2,89,4.4,1,1,78,84,0
9634,8.2,0,3,2,81,4.5,1,1,79,82,0
9751,7.5,1,1,0,69,3.9,0,1,55,72,0
6445,9.0,2,3,3,83,4.8,1,1,76,87,1
4991,6.6,0,1,1,68,3.8,0,0,64,67,0
2537,7.4,1,1,0,90,4.4,0,1,58,63,0
1105,7.5,0,1,1,67,3.6,0,0,63,72,0
3876,8.4,2,2,2,84,4.8,1,1,87,87,1
7524,8.1,2,3,2,83,4.5,1,1,83,82,1
1753,8.3,0,3,2,90,4.8,1,1,75,83,1
5311,7.5,2,1,0,74,4.6,0,0,55,63,0
7297,8.0,2,3,2,90,4.5,1,1,85,82,1
2917,8.1,0,1,0,71,4.0,1,1,60,69,0
8975,8.3,1,3,1,79,4.3,1,1,55,84,0
5755,7.1,0,3,0,80,4.4,1,0,80,83,1
153,7.8,0,1,0,81,3.9,1,1,79,65,1
7691,7.6,1,1,0,83,4.1,0,0,68,63,0
5680,7.5,1,1,1,73,3.5,0,1,58,69,0
3908,8.2,2,3,2,90,4.8,1,1,77,83,1
9136,7.5,1,2,0,89,4.5,1,1,79,83,1
2553,6.9,2,3,3,80,4.8,1,0,82,86,1
2774,7.7,0,3,0,83,4.5,1,1,80,82,0
6099,7.5,1,1,0,72,4.3,0,0,59,65,0
3552,7.5,2,2,1,90,4.2,1,1,82,74,0
3723,6.7,0,1,1,84,4.3,0,1,56,82,0
9871,7.5,0,2,0,62,4.3,0,1,81,69,0
521,7.5,1,1,0,71,3.7,0,1,55,61,0
8034,8.1,1,3,0,88,4.0,0,1,81,87,1
4539,7.8,1,1,0,77,3.8,0,0,55,57,0
6779,6.5,1,1,1,67,4.3,1,1,57,68,0
1823,8.1,1,3,2,79,4.6,0,1,64,80,1
4087,6.5,1,1,0,64,4.5,0,1,55,64,0
6149,7.7,2,3,2,90,4.8,1,1,82,81,1
8743,7.5,1,1,1,70,3.3,0,0,59,58,0
9473,7.9,1,3,0,82,4.4,1,1,76,83,1
7742,8.4,1,3,3,90,4.8,1,1,76,86,1
310,7.4,1,2,1,75,4.3,0,1,55,85,0
7721,8.5,1,0,2,77,4.6,1,1,73,83,1
8223,7.5,1,1,0,75,4.1,1,1,83,57,0
8657,7.6,2,2,0,77,4.4,0,1,72,74,0
3600,7.9,1,3,1,80,4.3,1,1,74,88,0
3623,7.5,1,1,1,78,3.9,0,0,55,64,0
3812,7.7,0,1,0,77,4.6,0,0,79,61,0
3451,7.3,1,1,0,76,4.3,0,1,63,69,0
4592,6.5,1,2,0,71,4.3,0,0,59,72,0
206,7.6,1,1,0,64,4.1,0,0,69,67,0
9841,6.5,1,1,2,85,4.6,1,1,55,65,1
1136,7.4,0,1,1,68,4.1,0,1,55,74,0
9385,7.6,1,1,0,72,3.9,0,0,55,62,0
2750,8.6,1,3,0,90,4.8,1,1,87,81,1
3614,7.6,1,2,0,82,4.3,0,1,64,71,0
306,8.0,1,2,1,80,4.3,0,1,71,61,0
1850,7.6,1,1,0,76,4.6,0,0,73,62,0
7670,6.7,0,2,1,71,3.7,0,0,55,67,0
1989,8.4,2,3,1,85,4.4,1,1,78,83,1
3241,7.6,1,1,0,77,4.4,0,0,55,65,0
2799,7.9,1,1,0,80,3.8,0,0,55,72,0
4516,7.7,1,1,1,67,3.9,0,0,55,66,0
5631,8.3,1,3,2,82,4.8,1,1,81,83,1
9373,8.2,2,1,0,87,4.8,1,1,74,85,1
3110,7.4,1,2,1,75,4.3,0,1,55,66,0
4940,7.6,1,3,0,90,4.8,1,1,75,85,1
4060,6.8,0,1,0,84,4.2,0,0,61,60,0
1988,7.5,0,2,1,67,4.4,0,1,55,68,0
7158,7.6,1,1,0,62,3.4,0,0,67,70,0
8875,6.5,0,2,0,77,4.4,0,1,55,65,0
6614,7.7,1,2,0,79,4.7,1,1,79,66,1
384,8.7,0,1,1,87,4.1,0,0,72,63,0
5635,7.6,0,1,2,75,4.5,0,0,80,66,0
4308,7.5,1,2,0,68,3.8,1,1,55,69,0
3389,6.6,0,1,3,75,3.9,0,0,56,73,0
3157,6.5,0,1,0,71,3.9,0,1,66,66,0
9996,7.5,1,1,2,72,3.9,1,0,85,66,0
2728,7.9,0,3,1,77,4.0,1,1,55,61,0
6334,7.5,0,2,0,69,4.3,0,0,55,70,0
9900,8.1,0,1,2,80,4.3,1,1,81,86,0
8752,7.5,2,2,1,68,3.7,0,0,59,62,0
8303,7.8,1,2,0,84,4.4,0,1,60,65,0
6038,7.6,1,1,0,74,3.8,0,0,56,67,0
3833,8.2,0,3,0,79,4.7,1,1,65,87,1
8918,8.2,0,1,3,84,4.8,1,1,88,69,1
4777,8.1,1,3,2,90,4.7,0,1,72,88,1
4277,8.3,1,3,0,84,4.7,1,1,77,86,1
254,8.1,0,2,2,80,4.4,1,0,82,85,1
7896,7.9,2,2,1,90,4.8,1,1,82,87,1
9591,8.5,1,3,0,90,4.8,1,1,78,82,1
7289,6.9,1,1,1,81,4.0,0,1,70,70,1
279,6.8,1,2,1,65,3.9,1,1,71,85,1
3253,7.7,1,2,1,69,4.8,1,1,61,70,1
2481,6.6,1,1,1,77,3.0,0,0,57,68,0
290,8.5,0,2,2,75,4.5,1,0,76,83,1
6087,8.1,2,3,2,90,4.8,1,1,89,85,1
3076,7.7,0,3,2,90,4.5,0,1,86,86,1
8124,7.6,1,3,0,77,4.3,1,1,70,83,0
7599,7.5,1,1,0,66,3.9,0,0,55,71,0
6404,8.0,2,3,2,71,4.1,1,1,77,83,0
5090,7.4,1,1,1,61,4.1,0,1,55,69,0
7284,7.3,1,1,0,74,4.3,0,0,57,69,0
9718,8.7,0,1,1,81,4.8,0,0,66,65,0
8403,7.0,1,2,0,77,4.1,0,1,66,73,0
6122,8.1,2,1,0,76,4.3,0,0,67,71,0
7755,7.7,0,2,0,77,4.1,0,0,65,69,0
271,8.4,1,2,0,79,3.8,0,1,60,64,0
6010,6.5,1,2,0,83,4.6,1,1,73,65,0
4571,8.6,0,2,1,79,3.8,1,1,69,86,1
9117,7.5,1,1,1,77,4.6,0,0,56,67,0
9804,7.5,0,1,1,71,3.6,0,1,59,64,0
2972,8.6,0,3,1,81,4.6,1,1,74,85,1
6194,8.6,1,3,2,90,4.7,1,1,84,84,1
8769,7.6,1,2,0,82,3.9,0,0,58,68,0
4208,6.9,1,2,2,77,4.0,0,1,55,64,0
3219,6.7,1,1,1,67,4.7,0,1,81,64,1
1392,7.7,0,1,0,71,4.2,0,0,60,71,0
3976,6.8,0,1,2,77,4.6,1,0,72,73,0
4317,7.3,1,1,0,76,4.2,0,1,55,66,0
7960,7.7,0,1,1,72,3.5,0,1,64,67,0
7345,8.3,2,3,2,90,4.8,1,1,84,88,1
7449,7.6,1,2,1,67,4.6,0,1,61,67,0
84,8.3,2,3,1,90,4.2,1,1,82,83,1
874,8.6,2,3,2,90,4.8,1,1,84,85,1
9606,7.5,1,1,1,68,4.6,1,1,58,66,0
7636,7.7,1,2,1,80,4.4,0,1,81,57,0
4558,8.6,2,3,1,90,4.3,1,1,71,82,1
4501,8.6,1,3,2,90,4.8,1,1,74,87,1
4648,8.4,1,3,0,81,4.7,0,1,55,87,0
2039,8.3,1,3,1,90,4.8,1,1,83,87,1
9695,8.1,0,3,2,90,4.8,1,1,83,86,1
6910,8.5,2,3,2,90,4.8,1,1,76,82,1
2451,8.0,1,3,2,82,4.8,0,1,61,87,1
3955,7.4,0,3,0,75,4.0,1,1,60,73,0
2330,8.0,1,3,0,83,4.1,1,1,82,83,1
9125,8.7,1,2,2,77,4.5,1,1,75,68,1
7045,8.6,1,3,2,86,4.7,1,1,82,85,1
5043,8.2,1,3,2,89,4.3,1,0,84,82,1
9365,6.5,1,1,0,64,3.7,0,0,55,59,0
4747,8.3,1,3,1,66,4.3,0,0,78,71,0
9368,8.1,1,3,0,90,4.8,1,1,74,84,1
9403,6.8,2,3,2,86,4.5,1,1,79,86,0
6492,8.2,1,1,2,79,4.8,1,1,61,58,0
6638,7.6,1,3,0,78,3.9,0,1,59,71,1
7226,7.7,0,1,2,68,4.2,1,0,75,71,0
2402,8.3,1,2,0,72,4.2,0,0,63,74,0
5521,7.6,1,3,2,88,4.5,1,1,75,84,1
1217,7.6,2,2,0,89,3.8,1,0,81,65,0
8696,7.5,1,1,0,90,4.6,0,1,68,73,0
6021,8.1,0,1,1,84,4.6,1,0,65,79,0
6866,8.8,2,3,2,90,4.8,1,1,70,83,1
1065,7.7,1,1,1,77,4.1,1,1,74,61,0
3787,8.3,0,2,0,67,4.4,1,1,81,77,0
4411,7.7,1,2,0,77,4.2,1,1,55,69,1
6860,7.6,1,3,0,80,4.8,1,1,71,85,0
6761,8.3,2,3,2,90,4.8,1,1,68,82,1
5524,7.9,2,1,0,81,3.7,1,1,79,66,1
5997,7.5,1,2,0,79,4.2,0,1,55,71,0
8834,6.5,1,2,0,76,4.3,0,0,58,66,0
5889,8.0,0,1,0,72,4.2,0,0,67,67,0
2162,7.4,1,2,0,66,4.7,1,1,63,65,0
3009,7.6,0,1,0,69,4.7,0,0,56,67,0
1106,7.7,1,3,2,90,4.7,1,1,80,84,1
6655,8.3,1,3,2,83,4.7,1,0,77,87,1
693,8.2,1,3,2,83,4.7,1,1,75,68,1
9958,7.5,1,1,0,73,4.4,1,1,64,64,0
4957,7.4,1,2,1,71,4.1,0,1,62,72,0
6598,7.5,1,1,0,82,3.3,1,1,81,66,0
8481,8.2,1,3,2,90,4.6,1,1,83,74,1
4370,7.8,1,1,1,73,4.0,0,0,58,61,0
2766,8.4,2,1,1,79,4.3,1,1,74,68,1
3930,8.3,1,2,1,78,4.7,0,1,74,64,0
7135,6.5,0,2,0,84,4.8,0,0,68,69,0
8736,7.2,2,2,2,87,4.4,1,1,72,70,1
7531,6.5,1,1,0,70,4.1,0,0,65,72,0
7529,7.3,1,1,2,82,4.0,1,1,59,75,0
629,8.3,2,3,0,90,4.8,1,1,78,83,1
2452,7.8,2,1,0,86,4.3,0,1,78,80,1
6240,8.1,1,3,2,82,4.8,1,1,80,68,1
7013,7.6,1,1,0,84,3.7,0,0,56,70,0
3825,8.5,1,1,0,85,4.5,1,1,73,88,0
8978,7.5,1,3,1,72,4.2,1,0,90,80,0
2653,7.8,2,3,2,90,4.6,1,1,79,88,1
9108,8.5,2,2,2,90,4.4,1,1,74,85,1
3744,7.4,1,1,0,84,4.1,0,0,55,70,0
2177,7.8,1,2,2,68,4.4,0,0,55,68,0
9907,8.1,2,3,2,90,4.7,1,1,74,82,1
9264,6.5,1,1,1,69,3.5,0,0,55,63,0
3319,6.5,1,1,1,78,3.6,0,1,86,67,0
6344,7.5,1,2,0,66,3.8,0,0,64,67,0
2788,8.6,1,3,2,87,4.1,1,1,80,86,1
4106,7.9,1,2,3,84,4.5,1,0,79,70,0
6356,8.2,1,3,2,90,4.4,1,1,82,85,0
1677,6.6,1,3,0,86,4.4,0,0,60,65,0
3948,8.0,2,3,2,90,4.3,1,1,75,82,1
4445,7.7,0,2,1,81,4.6,1,1,59,72,0
2937,6.9,1,1,0,67,4.1,1,1,62,71,0
9006,7.7,1,1,0,80,3.3,0,0,55,67,0
7767,6.5,1,3,2,85,4.8,1,1,55,70,0
5723,7.7,1,0,0,75,3.6,1,1,55,82,1
7442,7.9,0,3,1,82,4.0,0,1,82,67,1
2504,7.8,2,3,2,84,4.7,1,1,81,86,1
8483,8.2,2,3,2,90,4.5,1,1,86,81,1
2370,9.0,2,3,2,88,4.8,0,1,72,84,1
4968,8.0,1,3,2,90,4.8,1,1,69,85,0
5884,8.1,1,3,1,90,4.8,1,1,86,83,1
2218,6.7,1,1,1,70,4.5,0,1,75,72,0
5848,8.3,2,3,0,86,4.7,1,1,81,71,1
2219,7.5,0,1,1,71,3.4,0,0,66,74,0
3327,6.8,1,1,1,72,4.8,0,1,62,67,0
6734,7.3,1,2,3,81,3.8,0,1,76,64,0
3584,8.0,2,3,0,85,4.7,1,0,70,88,1
9825,6.6,1,1,1,74,3.6,0,0,59,78,0
3620,7.6,1,1,1,79,4.3,0,1,55,58,0
7708,6.6,1,1,1,85,4.1,1,1,80,85,0
6433,6.5,1,3,0,77,4.4,0,0,55,70,0
3116,7.4,0,1,1,67,3.4,0,0,62,64,0
86,6.7,1,3,0,87,4.6,1,0,81,69,0
5974,7.5,1,2,0,82,4.2,0,1,77,64,0
2802,8.4,2,3,2,90,4.8,1,1,82,80,0
3672,8.8,2,3,2,90,4.8,1,1,80,83,1
3668,8.4,2,3,2,90,4.8,1,1,78,76,1
9795,7.8,0,2,0,82,4.3,1,1,74,67,0
5159,8.2,1,2,2,78,4.1,1,1,70,82,0
5726,7.0,1,2,0,69,4.7,0,1,57,65,1
4591,8.5,2,3,2,90,4.8,1,1,80,82,1
2020,7.4,1,3,2,90,4.8,1,1,79,83,1
7832,7.4,1,2,2,80,3.9,0,1,77,88,1
2526,6.9,0,1,1,73,3.5,0,1,69,63,0
8287,8.4,2,3,2,90,4.3,1,1,87,85,1
9207,7.5,1,1,0,60,4.2,0,1,55,59,1
3213,7.5,1,2,2,82,4.1,1,1,83,69,0
520,7.9,2,3,1,82,4.2,1,1,83,69,0
5367,6.6,1,1,0,71,4.1,0,1,67,64,0
6763,7.4,1,2,2,77,4.1,0,0,55,71,1
2896,8.3,1,2,1,84,4.3,1,1,64,71,0
245,7.6,2,3,0,88,4.4,0,1,80,68,1
5931,6.8,1,1,0,80,3.6,0,0,66,69,0
4715,8.4,1,3,0,84,4.1,1,1,80,75,0
9568,7.5,2,2,0,65,4.3,0,0,67,69,0
3426,8.3,1,2,1,80,4.7,1,1,74,81,0
6932,8.1,2,1,0,71,3.4,1,0,66,67,0
6721,8.8,0,3,1,90,4.8,1,1,77,85,1
7411,7.6,1,1,0,60,3.6,0,0,55,64,0
6178,7.6,1,1,2,85,4.3,0,1,60,87,1
7251,7.5,2,2,0,72,4.2,1,1,77,86,1
5510,7.8,1,2,2,90,4.3,1,1,75,64,0
2002,8.1,1,2,0,83,4.6,1,1,75,75,0
886,6.5,0,2,0,78,4.5,0,1,55,68,1
870,8.4,1,3,2,88,4.8,1,1,80,85,1
9689,7.5,1,1,1,77,3.7,0,1,61,62,0
5721,8.8,2,3,2,90,4.8,1,1,73,80,1
357,8.9,2,3,2,89,4.6,1,1,71,83,1
9908,8.2,1,3,2,70,4.6,1,1,70,88,1
5452,7.4,1,3,1,81,4.4,0,1,70,67,0
8194,8.2,0,2,2,86,4.5,1,0,78,65,0
6439,7.9,2,3,2,90,4.7,1,1,87,83,1
7705,6.5,1,3,1,76,4.6,1,1,74,76,1
1276,8.5,2,3,0,90,4.8,1,1,73,88,1
1891,8.3,0,1,3,77,4.0,0,1,55,67,0
8687,8.6,2,2,1,78,4.0,1,1,81,77,0
6569,6.5,1,1,0,73,3.6,0,0,61,72,0
9624,7.6,1,2,0,66,3.5,0,1,57,62,0
3564,6.6,1,2,0,68,3.6,0,0,60,57,0
5788,8.2,1,1,2,72,4.1,0,1,79,69,0
4959,8.1,2,1,1,75,4.7,1,1,60,70,0
1547,7.3,1,1,1,84,3.9,0,0,55,62,0
2381,7.8,1,3,2,83,4.2,1,1,78,80,0
3824,6.7,0,2,1,63,4.4,0,1,59,61,0
3233,7.1,1,1,0,79,4.6,0,0,62,72,0
8400,8.2,2,3,2,90,4.8,1,1,80,88,1
3307,7.5,1,2,1,60,3.4,1,1,78,84,0
493,8.5,1,2,1,70,4.5,1,1,74,64,1
3500,7.7,1,1,1,79,4.0,1,1,84,65,0
6665,7.4,1,1,0,69,4.3,1,1,60,83,1
1117,8.3,0,1,0,79,3.5,0,1,70,70,1
5638,6.6,2,3,0,73,4.5,1,1,75,72,0
8775,8.4,1,2,1,74,4.3,0,0,57,68,0
6147,8.4,2,3,0,90,4.8,1,1,58,88,1
9868,6.5,0,1,2,77,3.6,0,1,73,82,1
8776,8.4,2,3,2,90,4.5,1,1,69,81,0
6708,8.2,1,3,2,90,4.3,1,1,77,87,1
9949,7.8,1,1,1,78,3.7,0,1,60,67,0
7966,7.3,1,2,1,68,4.3,1,1,62,71,0
3646,7.9,2,3,0,81,4.6,1,1,82,79,0
2501,8.0,1,2,0,90,4.3,1,1,75,70,0
5678,8.5,0,3,2,76,4.8,1,0,74,81,1
5242,8.4,1,3,0,90,4.6,1,1,78,87,1
6519,7.6,0,1,1,72,3.7,0,1,71,72,0
2784,7.5,1,3,1,84,4.0,1,0,74,70,1
6159,6.9,0,3,1,87,4.6,1,1,66,75,0
3810,7.4,1,1,1,76,4.6,0,1,60,57,0
9429,8.3,1,3,2,90,4.8,1,1,79,82,1
9525,7.3,1,1,1,85,4.8,0,1,55,66,1
8600,7.7,1,3,2,90,4.4,0,1,87,84,1
1697,7.6,1,2,2,79,4.3,1,1,70,82,1
5686,8.3,0,3,2,88,4.8,1,1,74,72,1
8368,7.6,0,1,1,72,4.4,0,1,69,76,0
5940,8.1,2,3,2,90,4.6,1,1,85,88,1
2053,7.7,1,1,1,60,3.6,0,0,59,58,0
1777,8.3,0,2,0,79,4.3,0,0,75,65,1
6561,8.5,2,3,2,87,4.1,1,1,85,83,1
3314,6.5,1,2,1,70,3.9,0,0,56,68,0
4782,7.5,0,1,0,78,4.0,0,0,55,71,0
8539,7.7,1,2,0,81,4.8,0,0,55,66,0
6782,7.1,1,1,3,83,4.2,1,1,82,86,1
1593,9.0,1,3,2,78,4.8,1,1,79,85,1
1724,8.8,1,3,0,72,4.1,1,1,74,74,1
216,7.4,0,1,1,70,4.2,0,0,61,70,0
6327,8.0,0,0,1,85,4.8,1,1,67,83,0
8257,8.0,0,3,0,88,4.4,1,1,78,83,0
491,7.6,1,2,1,76,3.9,0,0,55,69,0
9134,7.6,1,1,1,68,4.0,0,0,57,63,0
3484,8.3,1,2,2,89,4.8,1,1,81,62,1
5103,8.7,0,3,2,88,4.7,1,1,85,82,1
5188,7.6,0,3,2,78,4.8,0,1,78,79,1
3432,8.2,0,3,2,79,3.9,0,1,81,65,0
9199,8.4,1,3,2,90,4.8,1,1,85,82,1
7711,8.3,2,3,1,85,4.8,1,1,79,86,1
5514,8.3,2,3,0,82,3.5,1,0,82,80,0
26,6.7,1,1,1,70,4.0,0,0,68,57,0
3513,6.5,1,3,0,76,4.4,1,0,55,67,0
2410,7.9,1,1,1,76,4.4,1,1,65,85,0
3271,8.4,2,3,2,90,4.6,1,1,83,88,1
5210,8.6,1,3,2,86,4.7,1,1,81,82,1
8712,6.7,0,1,0,63,3.8,0,0,62,63,0
1553,6.5,1,1,1,67,3.7,0,1,55,66,0
9198,8.1,1,2,2,85,4.4,0,1,72,84,0
8622,7.7,0,2,0,79,4.0,0,0,58,72,0
3872,6.5,1,1,0,75,3.6,0,0,63,68,0
3403,7.6,1,2,0,80,4.4,0,0,61,72,0
4530,7.6,1,2,2,87,3.9,0,0,55,82,1
980,6.6,1,2,0,88,4.0,0,0,78,67,0
2656,8.5,2,2,2,90,4.8,1,1,84,71,1
1848,7.8,2,3,1,90,4.6,1,0,87,84,1
7965,7.4,1,1,0,67,4.1,0,0,67,66,0
8241,7.5,1,1,0,64,4.3,0,0,59,69,0
7146,8.5,1,3,2,90,4.3,1,1,76,84,1
7300,8.4,2,2,0,79,4.6,0,1,65,86,1
5722,8.0,1,0,2,79,4.4,1,1,73,84,1
516,6.5,0,3,0,81,4.8,1,1,90,68,0
8746,7.0,1,1,1,73,4.3,1,0,74,81,0
8298,7.7,1,2,3,78,4.4,0,0,71,68,0
1103,8.1,0,2,3,71,4.2,1,0,82,74,0
3277,7.4,1,1,1,75,4.2,1,1,64,64,0
7218,6.5,1,1,0,74,3.5,0,1,64,69,0
7390,8.2,0,3,1,90,4.8,1,0,61,75,0
9078,6.9,2,3,3,86,4.8,1,1,73,82,1
8338,7.5,1,1,1,68,4.4,1,0,62,69,0
3997,6.5,1,1,0,89,3.9,0,1,56,71,0
195,6.5,0,1,0,75,3.7,0,0,58,62,0
4712,7.7,2,1,1,70,3.5,1,1,66,67,1
644,8.3,2,3,2,90,4.8,1,0,69,80,1
9090,6.9,1,2,0,73,4.2,1,1,74,63,0
3286,7.2,1,1,2,74,4.7,0,0,55,78,0
3117,7.2,1,2,1,72,4.4,0,1,63,74,0
6477,8.5,2,3,2,90,4.8,1,1,85,84,1
3576,8.6,2,3,2,90,4.8,1,1,71,80,1
9024,7.8,1,1,1,72,4.6,1,1,60,60,0
4321,7.5,0,2,1,70,4.4,1,1,55,73,1
9993,8.0,2,1,2,78,4.4,1,1,75,72,1
2208,7.8,1,1,0,89,4.7,1,1,79,69,0
4553,8.2,2,3,0,85,4.7,1,1,72,87,1
7317,8.3,2,3,2,84,4.7,1,1,68,80,1
3719,7.5,1,2,0,68,4.2,1,1,57,75,0
973,7.3,1,1,2,66,4.6,0,1,55,70,1
4580,8.1,2,3,2,90,4.8,1,1,79,87,1
720,8.3,2,2,0,90,4.6,1,1,81,81,1
9018,8.4,2,3,0,90,4.7,1,0,76,83,1
6156,8.3,1,3,2,89,4.7,1,1,69,85,1
9431,7.2,1,1,0,60,3.2,0,1,55,75,0
3897,8.4,2,3,2,89,4.8,1,1,74,82,1
2804,6.7,1,3,1,76,4.4,1,1,84,83,1
2567,7.5,1,1,0,68,4.8,0,1,63,69,0
4026,6.5,1,1,0,80,4.5,0,1,60,70,0
6199,7.1,2,1,1,81,4.6,1,1,77,83,0
33,8.5,1,3,0,90,4.8,1,1,85,85,1
8308,7.5,0,1,0,82,4.6,1,1,62,69,1
8832,6.5,1,2,1,69,3.8,0,1,56,71,0
9819,8.1,1,3,0,88,3.8,1,1,68,77,0
4064,8.5,2,3,2,90,4.4,1,1,84,86,1
8949,7.6,1,1,1,72,4.6,0,1,78,66,0
5541,8.2,2,3,2,88,4.8,1,1,67,86,0
1698,7.5,0,2,2,79,4.6,1,1,90,67,1
2793,8.5,1,2,0,87,4.7,0,1,55,70,1
2223,7.4,1,2,0,65,3.9,0,0,74,66,0
5819,7.4,1,2,0,68,3.8,0,1,57,65,0
9663,7.4,0,1,0,60,3.4,0,0,55,71,0
3765,8.2,1,3,2,90,4.4,1,0,74,80,0
3867,6.5,1,2,1,65,4.7,0,0,55,59,0
6422,7.4,1,1,0,83,4.4,0,1,55,71,0
9400,8.1,2,3,1,79,4.4,1,1,79,73,1
8939,8.3,1,3,1,85,4.3,1,1,65,82,0
6672,8.3,2,1,0,79,4.0,1,1,62,67,1
7979,8.4,2,2,0,90,4.5,1,1,76,85,0
3759,7.7,1,3,3,87,3.9,1,1,80,65,0
9775,8.0,1,0,2,89,4.8,1,1,90,80,1
3228,8.3,2,3,3,90,4.8,1,1,90,83,1
7803,8.5,2,3,2,85,4.7,1,1,78,68,1
3924,7.6,1,2,0,76,4.2,0,1,57,64,0
3905,8.1,1,2,0,84,4.4,1,1,55,71,0
2278,7.8,1,3,2,90,4.8,1,1,79,83,1
6811,8.0,2,3,0,84,4.1,1,0,83,66,1
1402,8.4,1,2,2,86,4.5,1,1,86,79,1
740,6.5,2,1,0,79,3.6,0,0,63,65,0
4267,7.6,1,1,1,73,3.7,0,0,55,63,0
9862,7.5,0,1,1,77,4.4,1,1,55,84,1
7353,8.3,0,3,0,86,4.3,1,0,56,65,0
7519,8.4,0,1,1,78,3.8,1,0,64,68,0
3852,7.5,0,2,2,80,4.8,0,1,55,70,1
8632,7.3,1,3,0,80,4.2,0,0,67,64,0
2662,7.5,1,2,0,74,4.3,0,0,55,65,0
6505,7.6,1,1,0,77,4.4,0,1,63,66,0
9800,6.5,2,1,0,78,3.1,0,0,56,67,0
675,8.3,2,3,2,90,4.6,1,1,80,83,1
7106,8.2,2,3,2,89,4.0,1,0,77,82,1
6361,6.5,1,2,0,79,4.4,0,1,58,74,1
3842,7.7,1,1,0,75,4.1,0,1,86,69,1
1816,7.4,1,2,1,71,4.0,0,1,76,63,1
9490,8.2,2,3,0,80,4.3,1,1,74,66,0
9839,7.6,0,1,1,70,4.1,0,1,55,68,0
9202,6.5,0,3,0,85,4.3,0,0,55,70,0
4654,7.6,1,3,1,90,4.5,1,1,70,80,0
8693,8.3,0,3,0,90,4.7,1,1,69,82,1
2101,6.7,1,2,0,74,4.0,0,1,56,66,0
7712,6.5,1,1,0,67,4.0,0,0,60,67,0
1674,6.5,0,1,0,83,4.1,1,1,55,80,0
2102,8.4,1,2,2,77,4.1,0,0,65,72,0
4214,7.5,1,1,0,78,4.5,0,0,58,65,0
6959,8.0,0,1,0,82,4.3,0,1,72,65,0
1549,8.3,1,1,1,90,4.8,1,1,84,88,1
9551,8.1,2,1,0,85,4.1,1,1,83,79,1
3324,7.0,1,2,1,78,4.8,1,1,55,68,0
9584,7.7,2,1,3,72,4.6,1,1,67,78,1
356,8.2,2,3,2,90,4.8,1,1,89,84,1
5185,8.1,2,2,2,76,4.3,1,1,72,87,1
1462,6.5,1,1,1,83,4.1,0,1,81,66,1
7625,6.5,1,1,0,73,4.0,1,0,59,67,1
9386,7.3,1,2,0,70,3.8,0,0,55,70,0
3221,6.5,0,2,1,79,4.3,0,0,57,71,0
940,7.6,1,2,0,66,3.8,1,0,55,68,0
5148,6.5,1,1,1,67,4.0,0,1,56,65,0
5924,7.4,1,1,0,78,4.8,1,0,74,80,1
7884,7.5,1,3,1,87,4.6,1,1,81,86,1
1752,7.2,0,1,1,79,4.1,0,1,83,67,1
9469,8.4,2,3,2,87,4.7,1,1,78,82,1
7598,7.0,1,1,2,83,4.8,1,1,83,80,1
1773,7.4,2,1,1,65,3.2,0,1,55,62,0
1197,6.8,1,1,0,78,3.7,0,1,61,65,1
1879,6.8,2,1,2,83,4.7,1,0,79,61,0
2669,6.9,0,1,0,73,3.0,0,0,62,62,0
3172,8.4,0,3,2,81,4.8,1,1,84,84,0
2017,7.6,1,2,0,68,4.3,1,1,84,63,0
2006,8.0,1,3,3,90,4.6,1,1,72,88,1
8273,7.6,2,2,2,80,4.8,1,1,75,83,1
3894,7.7,1,2,0,64,4.2,1,1,70,69,0
9992,8.4,2,3,1,84,4.5,1,1,84,87,1
3238,8.2,0,3,2,90,4.7,1,0,82,86,1
4425,7.9,2,3,2,90,4.8,1,1,86,79,1
4745,7.5,1,1,0,85,4.5,0,0,55,70,0
2079,7.8,2,3,2,82,4.6,1,0,84,76,0
5220,7.4,2,2,0,84,4.3,0,1,79,82,0
397,7.7,1,1,1,73,4.6,0,0,58,72,0
2789,6.8,0,1,0,84,4.1,1,1,62,86,1
8878,8.2,1,3,2,90,4.8,1,1,66,84,1
8639,6.9,1,2,0,67,3.7,0,1,76,71,0
4073,7.5,1,2,0,78,3.7,0,0,70,67,0
5575,6.5,0,1,0,66,3.5,0,0,55,67,0
8370,6.9,1,1,0,68,3.7,0,0,55,64,0
9508,7.5,2,3,0,86,4.8,1,0,55,84,1
5356,8.4,1,1,0,78,4.8,1,0,71,81,0
7234,7.2,0,1,1,75,4.1,0,0,63,80,0
9484,7.8,0,3,2,90,4.8,1,0,81,81,1
6821,7.6,1,1,1,70,4.6,0,1,60,72,0
1520,7.8,1,1,0,74,4.1,0,0,60,61,0
8197,8.4,2,3,2,90,4.8,1,1,79,83,1
1379,8.5,1,1,2,85,4.8,1,1,73,84,1
5673,8.2,2,3,2,90,4.8,1,1,90,84,1
1024,7.4,1,1,0,64,4.7,1,1,55,72,0
2588,8.8,1,1,0,69,4.7,1,1,70,83,0
7043,7.4,1,3,0,83,4.7,0,1,55,69,0
5622,7.7,1,2,2,78,3.8,1,0,63,67,0
7638,8.5,1,2,0,87,4.3,1,1,72,83,1
5009,8.2,2,3,2,90,4.8,1,0,77,83,1
2858,8.8,0,1,2,90,4.8,1,1,82,82,0
8255,8.3,2,3,0,73,4.5,1,1,71,87,0
5772,8.8,2,3,0,88,4.7,0,1,58,87,1
5843,8.0,1,1,1,82,4.0,0,0,55,74,0
8028,8.2,1,2,1,84,4.8,1,1,68,88,0
5833,6.5,1,2,2,90,4.8,0,1,70,68,0
1630,6.8,0,2,1,72,4.4,0,0,62,62,0
4889,6.7,0,1,0,76,4.0,0,1,55,70,0
4527,6.5,0,1,1,70,4.2,0,1,55,63,0
3524,7.8,2,3,2,90,4.8,1,1,84,87,1
5905,8.0,0,3,0,90,3.8,1,0,84,80,1
7782,8.0,1,3,2,90,4.8,1,1,77,88,1
3608,8.2,1,1,2,79,4.2,0,0,78,70,0
9419,6.6,1,3,1,67,3.9,0,1,55,71,0
5221,8.0,1,1,1,70,4.6,0,1,58,63,0
235,7.5,2,3,0,88,4.6,1,1,79,83,0
7756,7.6,0,3,0,85,4.7,1,1,70,75,1
3797,7.1,1,1,0,69,3.5,0,0,60,65,0
4119,7.8,0,2,0,71,4.4,0,1,74,65,0
6319,7.7,0,1,1,83,3.7,0,1,55,69,0
5002,7.7,2,3,2,89,4.5,0,1,74,85,0
3801,8.4,2,3,2,90,4.8,1,1,74,88,1
7810,7.2,1,1,0,61,4.4,0,1,57,77,0
3900,7.1,1,2,2,82,4.3,0,0,78,67,0
5025,6.6,1,1,1,77,4.0,0,0,57,66,0
1949,7.3,0,1,0,85,4.4,0,0,57,68,0
6362,8.0,1,3,2,90,4.8,1,1,76,84,1
471,8.2,1,2,0,83,4.6,1,1,66,86,1
9945,7.0,1,2,1,67,3.4,0,1,56,64,0
3493,7.8,2,3,0,89,4.5,1,1,77,82,1
6092,7.5,2,2,2,85,4.6,1,1,77,88,1
2672,8.4,1,1,1,82,4.3,1,1,60,82,0
9801,7.5,1,2,1,72,4.8,0,1,55,73,0
2225,7.4,0,3,2,90,4.7,1,1,83,88,1
1107,7.6,1,2,2,78,4.4,1,1,82,74,0
2189,7.9,1,3,0,78,4.6,1,1,78,85,1
819,6.8,0,3,2,76,3.9,1,1,85,73,0
5572,8.5,2,3,0,89,4.2,1,1,78,87,1
4524,7.4,1,3,2,74,4.6,1,1,82,66,0
5794,7.7,2,1,0,68,4.6,0,0,65,62,0
9382,7.5,0,1,0,68,3.8,0,1,55,62,0
8781,7.4,1,2,1,74,4.3,0,0,56,70,0
7460,7.5,1,2,2,78,4.5,0,1,75,70,1
2625,7.7,1,1,0,82,3.7,0,1,55,81,1
7095,6.5,0,1,0,66,3.5,0,0,61,66,0
9393,6.8,0,1,1,67,3.5,0,0,59,62,0
9917,8.3,2,3,3,90,4.8,1,1,84,84,1
9120,6.5,1,1,0,78,4.0,0,0,55,71,0
889,8.0,1,1,0,83,4.7,0,1,60,87,1
2438,7.6,1,2,0,70,4.7,0,1,60,64,1
6057,6.5,0,2,0,74,4.1,0,1,55,82,0
7065,6.8,0,1,0,78,4.7,1,1,64,68,0
818,8.4,1,3,2,78,4.8,1,0,85,81,0
8935,7.5,1,2,1,80,3.7,0,1,55,66,0
3415,6.6,1,1,0,73,4.6,0,0,66,72,0
6353,7.4,0,1,0,82,4.1,0,1,58,69,0
2342,7.7,1,1,1,79,3.9,0,1,55,61,0
9030,7.7,1,1,2,76,4.6,0,1,76,66,0
3168,7.8,0,3,0,81,4.2,1,1,67,66,0
1810,7.7,1,1,1,64,3.7,0,1,55,61,0
8036,8.4,2,3,1,73,4.2,0,1,75,86,0
1265,8.4,1,1,1,69,4.1,1,1,63,60,0
5087,7.9,0,1,1,74,3.9,1,1,79,62,0
9676,6.9,1,2,0,88,4.6,1,1,58,84,0
5836,7.8,1,2,0,82,4.2,0,0,63,72,0
5195,6.5,0,1,2,80,4.1,0,1,74,82,0
4450,8.2,1,3,2,79,4.8,1,1,71,82,1
4946,6.7,0,1,0,77,4.1,0,0,63,68,0
4046,8.0,1,3,2,83,4.7,1,1,55,73,1
6504,7.7,0,2,0,90,4.4,1,1,79,69,1
3703,8.2,1,1,1,79,4.8,1,1,55,67,0
1036,7.7,1,2,0,71,4.5,1,1,71,68,0
9257,8.2,2,3,2,90,4.8,1,1,81,87,1
5591,7.5,1,1,0,69,3.8,0,1,62,60,0
1229,8.3,1,2,0,79,4.3,0,1,79,84,1
10000,8.4,0,1,1,66,3.8,0,0,62,66,0
6812,8.2,0,3,2,90,4.7,1,1,76,88,1
5142,6.6,0,2,0,79,4.2,1,0,62,79,0
53,8.1,2,3,2,90,4.7,1,1,82,82,1
9068,7.0,0,3,3,76,4.5,1,1,87,81,1
8396,8.3,2,3,2,90,4.8,1,1,76,86,1
160,6.5,1,1,0,63,3.5,0,0,56,64,0
7553,7.5,0,2,0,81,3.6,0,1,55,68,1
1588,6.6,1,1,0,63,3.3,0,0,62,67,0
1590,7.6,1,3,0,83,4.1,1,1,57,67,0
9842,8.0,0,3,1,78,4.5,1,1,81,78,0
9329,7.5,1,2,1,68,4.8,0,0,58,70,0
6931,7.6,0,1,1,76,3.8,0,0,58,66,0
6597,8.5,1,3,2,85,4.3,1,1,72,84,1
6175,8.2,0,3,0,87,4.8,1,1,77,83,1
8099,7.6,1,1,0,71,3.3,0,1,64,72,0
3859,6.9,1,1,2,67,3.8,1,1,59,71,0
9815,7.4,0,2,1,81,4.0,1,0,66,60,0
6692,7.4,1,1,0,76,4.3,0,0,57,74,0
2829,7.5,1,1,1,60,3.0,0,0,60,69,0
437,8.4,1,1,2,84,4.8,1,1,82,68,1
8275,8.0,2,3,2,90,4.8,1,1,79,86,1
8169,6.6,1,1,1,75,3.9,1,1,63,69,0
3879,8.3,2,3,2,90,4.8,1,1,78,87,1
1589,7.7,1,1,1,69,4.2,0,0,55,63,0
2781,7.3,0,1,1,84,4.7,0,0,55,68,0
8982,8.2,2,3,0,81,4.8,1,0,85,80,1
8562,7.6,1,2,2,86,4.3,1,1,70,80,0
5687,8.1,0,2,0,84,4.7,0,1,61,69,0
3966,8.1,1,3,2,80,4.4,1,1,83,72,0
4728,7.4,1,3,2,81,4.5,1,1,73,83,0
974,7.6,1,2,1,81,4.0,0,1,55,61,0
1239,8.4,1,3,2,87,4.8,0,1,77,84,1
2952,9.1,2,1,3,84,4.8,1,1,81,85,1
2343,8.7,2,2,1,72,4.6,1,1,77,77,0
6521,6.5,0,2,0,73,4.1,0,0,59,69,0
7311,8.5,1,1,2,85,4.3,1,1,57,61,0
6047,8.2,1,3,1,77,4.2,1,1,70,84,1
2159,7.9,0,2,1,79,4.8,1,1,61,66,0
9289,8.7,0,3,1,90,4.6,1,1,89,83,1
6590,8.2,1,1,1,88,4.8,0,1,68,77,1
1498,6.7,1,1,1,65,3.8,0,0,55,62,0
4546,7.5,1,2,1,76,4.4,0,1,70,75,0
6466,8.1,1,3,0,72,4.0,1,1,72,65,1
4258,7.5,1,2,2,86,4.5,0,1,71,80,0
2423,7.6,1,2,2,74,4.2,0,1,81,68,0
8565,7.3,0,1,0,76,4.0,0,0,63,70,0
5186,7.7,0,1,0,74,3.7,0,0,65,68,0
5648,8.5,1,3,1,84,3.9,1,1,72,82,1
358,8.2,1,2,1,90,4.8,1,1,78,71,1
5243,8.6,2,3,2,80,4.4,1,1,81,69,1
8012,6.5,1,3,2,81,4.5,0,0,72,82,1
9241,8.1,2,3,0,85,4.2,1,1,71,83,0
2093,7.7,1,2,0,88,4.5,0,1,55,69,0
5410,8.1,1,3,2,90,4.7,1,1,85,83,1
2016,7.7,0,3,2,84,4.8,1,1,75,86,1
9060,9.1,2,3,2,90,4.8,1,1,74,82,1
4045,7.2,0,3,0,75,4.6,0,0,83,65,1
188,7.5,1,1,0,76,4.3,0,1,73,79,0
6859,8.5,1,3,2,76,4.8,1,1,67,83,1
3656,7.4,1,1,1,70,3.8,0,0,56,71,0
3427,7.0,1,2,0,89,4.6,1,0,83,82,0
7195,7.6,1,1,1,71,4.1,1,1,62,79,0
1382,8.7,1,2,2,90,4.8,1,1,73,87,1
7469,8.5,0,2,2,85,4.1,1,1,59,82,1
414,6.5,0,1,0,71,3.4,0,1,59,67,0
5038,7.8,1,2,1,81,3.7,0,1,55,83,0
4898,7.5,1,3,2,83,4.8,0,1,72,82,0
3337,6.5,1,2,1,80,4.2,0,0,55,65,0
3607,7.9,1,2,1,82,4.5,0,1,67,66,0
3176,8.3,1,2,1,77,4.6,1,1,82,80,1
2242,7.5,1,1,0,68,4.1,0,1,82,67,0
9709,8.3,2,3,2,85,4.8,1,0,83,88,0
7797,7.8,2,3,2,90,4.8,1,0,81,87,0
257,8.7,2,3,2,90,4.8,1,1,83,81,1
8621,8.5,2,3,2,90,4.8,1,1,81,82,1
201,8.6,1,3,2,90,4.7,1,1,68,84,1
2236,8.3,1,2,2,90,4.8,1,1,90,84,1
4744,8.5,2,3,2,90,4.3,1,1,79,83,1
1768,8.3,2,3,2,90,4.8,1,1,83,85,1
4237,6.5,1,1,0,65,4.3,0,0,58,69,0
6730,7.9,0,1,0,69,4.2,0,1,60,66,0
8451,7.5,1,1,0,74,4.7,0,0,55,64,0
7278,6.8,1,2,0,83,4.3,0,0,57,64,0
1573,8.5,1,2,1,73,4.2,1,1,76,88,0
25,7.4,1,2,1,90,4.3,0,1,56,69,0
3364,8.5,0,1,0,74,4.3,0,1,68,83,0
1089,8.2,2,3,2,86,4.7,1,1,85,88,1
4675,7.5,1,2,0,78,4.4,1,1,67,62,1
2695,7.6,1,2,0,73,4.4,0,1,56,66,1
7583,6.5,2,1,0,69,3.7,0,0,55,68,0
3399,7.9,0,1,0,80,4.5,1,1,58,81,1
3560,6.8,1,2,0,82,4.0,0,1,76,87,0
9157,8.0,2,2,2,87,4.8,1,0,82,83,1
2842,6.5,1,2,1,71,4.3,0,1,55,70,0
2312,7.0,1,3,1,90,4.7,1,1,74,60,0
8334,7.5,1,1,0,75,3.6,0,0,55,62,0
3235,8.8,1,3,0,88,4.4,0,1,71,82,0
4153,8.3,1,2,2,82,4.5,0,1,73,66,0
1310,6.6,0,1,2,72,4.1,0,1,84,70,0
696,7.1,2,3,2,90,4.4,1,1,77,87,1
9860,6.5,1,1,0,69,3.7,0,1,79,67,0
3753,8.2,1,3,2,90,4.7,1,1,69,84,1
6338,8.5,2,3,2,90,4.8,1,0,78,81,1
1228,7.5,1,3,0,82,4.5,1,1,74,80,1
2000,8.0,2,3,2,90,4.7,1,1,82,86,1
277,8.3,2,1,1,83,4.5,1,1,82,86,0
8177,7.9,0,3,2,80,4.7,1,1,77,83,1
7665,6.5,1,1,1,71,4.5,0,0,55,74,0
5930,6.6,1,1,0,78,4.3,0,1,83,70,0
2954,6.7,2,1,1,77,4.5,1,1,64,62,0
3638,6.6,1,2,2,83,4.6,1,1,82,70,0
3907,8.4,2,3,1,89,4.8,1,1,81,67,1
4779,8.2,1,2,0,83,4.1,0,1,58,85,0
5846,7.7,0,2,2,69,4.4,1,1,82,84,0
9699,6.7,1,1,1,60,4.1,0,1,55,70,0
4118,7.6,1,2,0,71,4.3,1,1,86,69,1
7031,6.5,1,1,1,75,4.5,0,0,55,65,0
1138,8.7,2,3,0,86,4.8,1,1,70,80,1
2768,7.9,0,3,2,89,4.7,1,1,78,82,1
2335,7.6,1,3,2,90,4.3,1,1,55,86,1
7707,8.4,1,1,2,85,4.8,1,1,75,84,1
943,6.5,2,3,0,82,4.3,0,1,56,70,0
7663,8.3,0,3,2,90,4.5,1,1,74,83,1
2491,7.7,2,2,2,90,4.8,1,1,79,83,1
9680,6.9,0,1,1,86,3.8,0,1,55,70,1
6291,7.3,1,1,3,83,4.5,1,1,64,76,1
4936,8.4,2,3,2,90,4.8,1,1,69,83,1
3936,7.5,1,1,0,84,4.2,0,1,56,69,0
6957,7.4,0,2,1,77,4.8,1,1,66,68,0
2385,7.5,1,2,0,81,4.8,1,1,55,79,0
116,7.6,1,1,1,67,3.5,0,0,55,67,0
1864,6.6,1,1,0,68,4.6,0,0,57,72,0
9977,8.0,2,3,2,88,4.8,1,1,71,83,1
3120,7.7,1,2,2,85,4.8,1,1,87,86,1
4259,7.7,0,2,0,67,3.9,0,0,55,65,0
6706,8.2,1,3,2,89,4.7,1,1,64,84,0
903,8.0,1,1,1,77,3.7,1,1,73,69,0
2820,7.8,1,2,0,75,4.5,0,1,55,71,1
3823,7.2,2,3,0,76,4.3,1,1,74,82,0
8162,8.0,2,3,0,90,4.8,0,1,65,86,0
6891,7.9,0,1,0,68,4.1,0,1,55,65,0
9091,7.6,1,3,2,85,4.4,1,1,69,61,1
4700,6.8,1,2,1,71,3.7,0,1,56,62,0
8919,7.4,2,3,1,78,4.7,0,1,55,84,0
3803,7.4,1,1,0,76,3.4,0,0,63,62,0
6069,8.1,2,1,3,78,4.2,1,1,62,67,1
5811,8.3,1,2,3,82,3.7,0,1,69,84,0
3537,8.2,1,3,0,80,4.7,1,1,75,82,1
3826,6.6,0,2,0,64,4.6,1,0,59,63,0
8643,8.4,0,3,3,85,4.8,1,1,63,69,1
8609,7.4,0,1,0,79,3.8,0,0,55,67,0
4811,7.9,1,1,0,74,4.5,1,1,56,70,1
1947,6.5,1,1,1,60,4.0,0,0,55,74,0
8601,7.9,1,3,2,90,4.5,1,1,87,85,1
7137,8.8,2,2,0,83,4.4,1,1,68,84,0
5336,7.4,1,1,0,60,3.7,0,0,63,64,0
3489,7.6,1,3,2,83,4.5,1,1,68,73,0
1611,7.0,1,2,0,78,4.7,0,1,73,64,0
7462,8.1,0,3,2,90,4.8,1,1,79,86,1
8474,7.3,0,3,0,72,4.4,0,0,66,71,0
4678,7.6,1,1,0,66,4.1,0,0,67,73,0
4960,8.3,2,3,2,90,4.8,1,1,90,85,1
5868,6.6,1,1,0,76,4.4,0,0,59,70,0
8764,7.9,1,2,0,77,3.8,1,1,58,78,0
4762,7.2,1,2,0,75,4.2,1,1,73,70,1
2195,7.4,1,1,0,74,4.4,1,1,71,81,1
8004,7.5,1,1,1,67,4.5,0,0,55,61,0
5702,7.4,1,1,0,69,4.0,0,1,64,74,0
5114,6.6,1,3,0,77,3.7,0,1,55,65,0
558,6.5,1,2,1,60,3.5,0,0,60,65,0
8066,8.7,2,3,2,90,4.8,1,1,80,79,1
5140,7.5,1,1,0,72,4.1,0,0,55,72,0
1208,8.1,1,1,2,77,4.8,1,1,73,87,1
7034,7.4,1,3,1,78,3.9,0,1,55,71,0
7310,8.5,0,1,0,73,4.3,1,1,73,67,0
1511,7.8,1,1,0,74,4.5,1,0,82,69,1
6770,7.9,1,3,3,77,4.3,0,0,60,74,0
3830,7.8,2,3,2,90,4.8,1,1,68,83,1
3733,8.3,1,3,2,90,4.8,1,1,71,84,1
7958,7.6,1,1,0,69,4.5,0,0,73,71,0
3212,6.8,0,1,1,63,3.7,1,0,63,65,0
3631,6.5,1,2,1,78,3.8,0,0,55,62,0
1709,6.5,1,2,0,63,4.3,0,0,82,82,0
1846,8.4,2,3,0,79,4.6,1,0,57,65,0
267,6.8,2,2,2,80,4.6,0,1,61,69,0
5986,8.4,2,3,2,77,4.5,1,1,74,83,0
1141,7.7,2,1,1,79,4.6,1,1,89,87,1
3163,8.1,1,1,0,68,4.4,0,0,58,86,1
6208,8.5,2,1,2,85,4.7,0,1,75,84,1
2047,6.6,1,1,0,70,4.1,0,0,55,67,0
3731,8.7,0,3,0,85,4.5,1,1,77,65,1
1910,6.5,1,2,1,76,4.4,1,1,71,73,1
7308,8.5,0,3,0,90,4.8,1,1,79,82,1
2661,8.5,2,2,3,67,4.6,1,0,58,80,0
657,7.4,1,3,0,88,4.2,1,1,55,74,0
6661,7.8,1,2,1,67,4.4,1,1,70,77,0
1308,7.0,1,1,2,70,4.8,1,1,70,88,0
9430,8.3,1,2,0,81,4.1,0,1,59,64,0
999,7.4,1,2,0,78,4.6,0,0,78,65,0
7433,7.1,1,1,0,69,3.6,1,1,55,70,0
2835,6.6,1,2,0,60,4.7,1,1,55,69,0
9179,8.4,1,2,3,90,4.7,1,1,84,71,1
5881,6.5,1,1,2,80,4.3,0,1,70,77,0
1238,8.8,1,3,2,74,4.3,1,1,71,79,1
2152,7.6,1,2,2,87,4.8,1,1,90,76,0
7920,7.2,1,3,2,84,4.4,1,1,88,85,0
9696,7.8,1,1,0,85,4.1,0,1,55,68,0
7190,6.5,0,2,0,90,4.5,0,0,55,64,0
8304,8.4,2,3,2,90,4.7,1,1,74,84,1
6579,7.5,0,3,2,90,4.7,1,1,71,85,1
5092,8.4,1,3,2,90,4.3,1,1,84,80,1
2187,7.8,2,1,1,74,3.6,1,1,57,72,0
1135,6.7,1,1,1,67,3.7,0,0,56,64,0
5005,8.6,1,2,1,73,4.7,1,1,76,66,0
7975,8.1,1,1,0,81,3.5,1,1,78,84,0
1304,8.6,1,3,2,90,4.6,1,1,85,84,1
8469,6.6,0,1,0,68,4.8,0,0,55,71,1
1628,7.6,0,1,1,61,4.3,0,0,60,68,0
9282,7.6,0,1,0,73,3.8,1,0,55,59,1
1523,7.7,1,2,1,78,4.6,0,1,55,60,0
9811,7.6,1,2,1,75,4.7,1,1,74,68,0
359,7.5,1,3,0,70,4.2,0,1,60,68,0
139,7.9,1,3,1,75,3.7,0,1,62,65,0
300,8.4,2,3,3,82,4.5,1,0,82,85,1
1557,7.4,0,2,1,76,4.1,0,0,60,69,0
5100,8.4,1,3,0,90,4.7,1,1,74,83,1
383,7.3,0,1,1,80,3.6,0,1,62,65,0
8313,8.1,0,3,2,77,4.8,0,0,62,81,0
6949,7.6,0,3,2,90,4.7,1,1,80,69,1
4858,7.6,1,1,1,63,4.5,0,0,70,63,0
3181,7.7,1,1,0,69,4.4,0,0,55,69,0
1440,7.5,0,2,2,78,4.0,0,1,64,75,0
7270,7.9,1,1,0,70,4.3,1,1,73,68,0
5674,6.8,2,3,0,82,4.7,1,1,86,81,1
947,7.8,0,2,1,66,3.6,0,1,85,66,0
2391,8.0,2,2,1,82,3.9,1,1,63,68,0
5499,7.4,2,2,0,68,3.8,0,1,55,66,0
7074,8.7,1,3,1,90,4.7,1,1,83,88,1
9231,6.7,0,3,2,86,4.8,1,1,67,73,1
2722,7.4,0,1,1,69,3.5,0,1,57,85,0
1933,8.2,0,1,0,76,4.4,1,1,56,81,0
7424,6.5,0,3,1,69,4.5,0,0,57,63,0
3237,8.4,2,3,2,90,4.8,1,1,84,88,1
3141,7.8,1,2,1,77,4.6,1,1,71,76,1
4164,8.2,1,1,2,69,4.6,1,1,81,65,1
8889,8.4,1,3,2,90,4.8,1,1,82,87,1
3808,8.5,2,3,2,84,4.8,1,1,86,88,1
9480,8.2,2,3,0,76,3.9,1,1,75,66,0
6984,8.6,1,3,2,90,4.8,1,1,71,79,1
8905,7.5,1,2,0,78,3.4,1,1,55,65,0
9723,8.6,0,1,0,82,4.6,0,0,71,65,0
4155,7.4,1,1,0,78,4.0,1,1,82,67,1
4173,6.9,0,2,0,73,4.3,0,0,80,66,0
797,8.3,1,3,2,82,4.6,1,0,80,81,0
2417,7.3,1,2,0,69,3.7,0,1,55,68,0
7171,8.7,1,3,3,87,4.7,1,1,68,84,1
6140,8.1,2,3,2,90,4.8,1,1,74,88,1
786,8.3,2,3,1,86,4.7,0,0,81,84,0
7068,8.5,2,3,2,90,4.8,1,1,83,86,1
3159,8.1,1,2,0,77,4.8,1,1,80,87,1
124,7.3,1,1,0,64,3.2,0,1,58,67,0
9458,8.3,2,3,2,79,4.6,1,0,79,80,0
9247,6.5,0,2,2,74,4.3,1,1,82,70,0
2173,7.8,1,2,0,71,3.7,1,1,82,64,1
2170,8.2,1,0,0,84,4.8,1,1,74,82,1
6881,8.0,1,1,2,81,3.8,1,1,76,70,1
4010,7.9,2,3,1,70,4.5,1,0,78,88,0
9297,7.7,2,2,0,82,4.3,1,0,90,76,0
4341,7.6,0,3,0,78,4.5,1,1,72,84,0
911,7.8,2,3,0,82,4.3,1,1,72,88,1
6269,6.5,2,2,1,61,3.5,0,0,59,67,0
7772,7.9,2,1,0,75,3.4,1,1,55,63,0
2310,7.9,1,2,0,80,4.5,0,1,59,66,0
9659,7.6,2,2,2,86,4.2,1,1,73,83,1
3635,7.6,2,1,2,77,4.2,0,0,75,66,0
1258,7.5,2,2,3,70,4.2,1,1,71,67,1
6592,8.3,1,2,2,85,4.6,1,1,75,88,1
4459,8.7,2,2,2,90,4.7,1,1,76,85,1
6134,8.4,2,3,2,90,4.8,1,1,73,85,1
1179,8.8,2,1,2,85,4.8,1,1,72,84,1
4653,7.5,1,2,1,79,4.5,0,1,61,70,0
6219,6.8,1,1,0,74,4.0,0,0,66,69,0
3651,7.6,2,1,1,74,3.7,1,1,63,70,0
443,8.2,0,3,2,78,4.5,0,1,88,84,1
3416,8.1,2,2,1,86,4.4,1,1,57,65,1
1400,8.2,1,1,3,77,3.6,1,1,58,72,1
1458,8.2,2,3,2,90,4.5,1,1,83,82,1
7525,7.4,1,1,2,63,3.6,0,1,62,72,0
5745,8.4,2,3,2,90,4.8,1,1,85,88,1
1055,8.0,2,3,2,90,4.3,1,1,72,84,1
8999,7.8,0,2,2,87,4.6,1,1,85,86,1
3276,7.8,1,2,1,89,4.8,1,1,70,73,0
1464,7.5,1,2,1,71,4.3,0,1,62,74,0
3700,8.6,2,3,2,90,4.8,1,1,75,88,1
3760,8.2,2,3,2,90,4.8,1,1,70,85,1
930,7.7,0,1,0,69,3.9,0,1,56,62,0
5512,7.6,1,3,0,87,4.4,1,1,80,88,0
6469,7.5,1,3,0,80,4.0,1,1,79,83,0
8413,7.5,2,3,1,73,4.3,1,1,78,86,0
1830,6.5,1,2,1,85,4.0,1,1,71,82,1
2929,8.3,2,3,0,85,4.7,1,1,73,87,0
8296,6.7,2,2,1,76,3.9,1,1,55,84,1
6539,8.3,2,3,2,84,4.3,1,1,81,81,0
4222,8.0,1,2,2,85,4.8,1,1,68,82,1
3547,7.7,1,1,1,66,4.1,0,1,58,61,0
5599,8.5,2,3,2,89,4.8,1,1,81,78,1
8938,8.5,1,2,2,82,4.0,1,0,55,74,1
7319,8.4,1,1,2,76,3.7,0,1,55,60,0
8351,6.6,0,1,0,71,4.3,0,1,56,64,0
2012,8.1,1,3,2,90,4.8,1,1,78,88,1
914,7.6,1,3,0,80,4.3,1,1,84,67,0
8249,8.4,1,3,2,80,4.5,1,1,72,73,1
7266,8.1,1,3,0,88,4.8,1,1,75,83,1
3220,8.1,2,3,2,90,4.5,1,1,80,88,1
2607,8.6,2,3,2,79,4.8,1,1,75,86,1
3265,8.1,1,3,2,78,4.8,1,1,78,84,0
4929,7.7,1,1,3,79,4.1,1,1,82,82,1
8662,8.5,2,3,2,90,4.8,1,1,75,88,1
6565,8.0,0,3,2,90,4.8,1,1,71,83,1
8130,6.6,1,1,0,82,3.9,1,0,73,78,0
7,7.7,1,1,1,76,4.0,0,0,62,65,0
2981,7.8,2,3,3,82,4.3,1,1,88,84,0
6584,7.5,1,1,2,72,4.3,0,0,55,66,0
3362,7.4,1,1,0,85,3.7,0,0,57,67,0
4775,6.7,1,1,0,70,3.7,0,1,56,68,0
1944,8.3,1,3,2,85,4.1,1,1,76,86,1
7453,8.0,1,2,1,82,4.8,1,1,79,80,1
5500,7.1,2,1,3,71,4.8,1,0,72,71,0
1636,7.7,1,2,0,76,4.6,1,1,56,66,0
1142,8.3,1,3,2,87,4.6,1,1,80,81,0
2042,7.8,1,1,1,69,4.1,0,0,55,64,0
6704,8.1,0,1,1,77,4.1,0,0,56,66,0
7819,6.6,1,1,0,74,4.7,1,0,68,64,0
2071,8.3,0,3,2,90,4.7,1,1,76,85,1
3135,8.2,2,1,1,75,3.7,1,1,68,84,0
5161,8.2,1,1,0,68,4.0,0,1,83,64,0
8332,7.4,1,2,0,64,4.7,1,1,77,65,0
5276,8.1,0,3,2,73,4.2,1,1,88,87,1
2243,6.5,2,3,0,89,4.4,1,1,77,73,1
1475,7.8,2,3,2,90,4.8,1,1,84,86,1
8591,7.2,1,2,0,60,4.6,0,0,58,63,0
1890,6.5,1,1,0,74,4.0,0,1,84,71,0
3436,7.9,2,3,2,85,4.4,1,1,86,76,1
7594,6.8,0,2,0,78,4.1,0,1,57,88,0
7746,7.5,0,1,1,70,3.9,0,1,55,69,0
3706,7.6,0,3,0,71,3.9,1,1,57,75,0
2022,6.9,1,1,2,78,4.6,1,1,65,82,0
4021,6.5,1,2,0,76,4.2,1,1,55,66,0
8831,8.0,2,3,2,82,4.3,1,1,77,84,1
8444,6.6,1,3,3,65,4.2,1,1,55,86,1
3501,6.5,1,2,0,69,4.0,0,0,58,72,0
2659,7.6,1,2,0,75,3.9,1,1,57,62,0
8457,7.6,1,1,0,77,3.7,0,1,55,67,1
6889,7.6,1,1,1,80,3.6,0,1,59,75,0
1131,7.4,1,2,1,63,3.6,1,1,57,61,0
5558,8.4,2,3,2,90,4.8,1,1,84,79,1
7359,7.3,1,1,0,83,3.7,0,0,55,62,0
1820,7.8,2,1,1,75,3.8,0,0,65,64,0
7539,7.5,1,1,1,66,4.0,0,1,61,72,0
9387,8.1,2,3,2,89,4.8,1,1,72,84,1
4319,7.6,1,1,1,74,4.3,1,1,61,60,0
9605,8.4,2,3,2,85,4.1,1,0,78,69,1
4145,6.5,1,2,0,77,4.4,0,1,58,67,0
4670,7.6,2,1,3,67,3.7,0,1,55,68,0
1237,8.4,0,3,2,74,4.5,1,1,81,68,1
5477,6.6,1,1,2,76,4.0,1,1,71,85,0
9837,8.3,1,3,2,90,4.8,1,1,78,88,1
1857,6.5,1,1,0,70,4.7,1,1,55,66,1
2283,7.5,1,3,1,78,4.0,0,0,83,73,0
8694,7.7,1,2,0,78,4.6,1,1,73,78,1
9321,8.2,2,3,2,88,4.5,1,1,72,83,1
4094,8.5,1,3,3,86,4.8,1,1,78,73,1
7062,7.8,0,1,0,71,4.3,0,0,55,66,0
5201,6.9,1,3,0,85,4.4,1,1,59,86,1
6402,8.2,1,3,2,83,4.5,1,1,76,85,1
9930,8.5,1,3,2,83,4.4,1,1,84,83,1
3422,8.4,2,1,2,87,4.5,1,0,63,82,1
9270,6.6,0,1,0,70,4.6,0,0,63,70,0
387,7.9,1,2,1,76,4.1,1,1,57,66,0
8549,8.6,2,3,2,89,4.7,1,1,69,79,1
1629,8.0,1,1,0,75,4.3,1,1,75,85,1
3586,7.7,1,2,0,77,4.3,0,1,55,68,0
7413,7.4,0,1,1,69,4.3,0,1,55,76,0
2715,6.5,1,1,1,79,4.2,1,1,82,69,1
7172,6.5,1,1,0,74,3.9,1,1,55,72,0
8436,7.4,1,3,0,70,3.8,0,0,78,86,0
9322,7.8,1,1,0,76,4.6,1,1,60,72,0
5660,8.3,1,1,0,81,4.5,1,0,80,68,1
3190,7.6,1,2,0,76,4.8,1,1,71,79,0
9969,8.2,1,2,2,82,4.3,1,1,59,72,0
4306,8.8,2,3,2,88,4.7,1,1,73,82,1
910,8.6,1,3,1,87,4.6,1,1,77,74,1
5386,8.0,1,2,0,68,4.5,1,0,62,65,0
1997,7.7,1,2,0,79,4.1,1,1,66,72,0
1867,7.7,1,1,0,65,3.0,0,0,55,74,0
1843,7.9,1,2,0,84,4.1,0,1,58,75,1
2498,8.4,1,2,0,82,4.4,1,1,71,83,0
202,7.9,2,3,2,76,4.6,1,1,79,82,1
7906,8.2,1,3,2,83,4.4,1,1,77,85,1
7725,8.5,1,3,2,90,4.8,1,1,84,81,1
5055,6.5,0,1,0,71,3.7,0,1,71,65,0
5890,7.5,2,2,1,78,4.4,1,1,80,86,1
4007,8.2,1,3,2,68,4.4,0,1,55,85,0
9902,6.5,1,1,1,76,4.0,0,0,55,65,0
2703,8.5,2,3,2,90,4.8,1,1,83,85,1
3450,8.4,2,3,3,90,4.7,1,1,85,80,1
332,8.5,1,2,1,71,3.8,1,1,78,69,0
7140,7.5,1,1,1,84,4.4,1,1,64,68,1
8961,7.9,1,3,3,80,4.1,1,1,71,84,1
9820,7.2,1,2,0,70,3.6,1,1,55,71,0
7177,7.3,1,1,0,72,3.7,0,0,60,85,0
2460,7.6,1,2,0,71,4.8,0,1,58,67,0
1775,7.4,0,1,0,75,3.8,0,0,56,66,0
6629,7.3,2,1,1,87,4.2,1,0,90,65,0
7597,8.2,1,1,2,89,4.8,1,1,87,84,1
7987,6.7,0,1,1,70,4.6,1,1,64,73,0
2687,7.9,1,3,0,83,4.6,1,1,81,68,1
9148,7.7,1,1,1,69,3.9,1,1,55,71,0
990,6.7,0,1,0,71,4.3,0,0,67,60,0
9047,7.1,1,2,1,84,4.3,1,1,75,82,0
8349,7.2,2,3,2,90,4.7,1,1,83,86,1
8876,7.8,0,1,2,68,4.5,0,0,82,85,1
8551,6.9,1,1,0,78,4.3,1,1,55,72,0
5807,8.4,1,3,2,79,4.5,1,1,86,87,1
8734,6.5,2,1,0,74,4.5,0,0,63,83,0
8698,8.4,0,3,2,69,4.5,1,1,55,84,1
6575,8.2,0,3,2,90,4.4,1,1,67,88,1
3053,7.4,0,1,1,82,4.5,0,1,55,69,0
8638,8.3,1,3,1,87,4.5,1,0,70,82,0
5463,8.1,2,3,0,77,4.8,1,1,80,71,1
174,8.0,1,1,1,78,4.4,0,0,66,68,0
4955,7.4,1,2,1,71,3.5,0,0,74,64,0
4616,8.4,2,2,2,71,3.4,0,1,59,81,0
3322,6.7,1,1,0,63,4.0,0,1,55,65,0
7066,6.9,1,1,1,60,3.3,0,0,58,62,0
6247,8.2,1,3,1,88,4.5,1,1,80,86,1
6746,8.2,2,3,2,83,4.5,1,1,84,88,1
3373,7.4,1,1,2,85,4.4,1,0,75,67,1
6049,6.7,0,1,0,65,4.3,0,1,55,58,0
3312,8.6,2,2,2,90,4.8,1,1,78,83,1
7417,8.3,1,3,2,90,4.8,1,1,69,88,1
7294,7.4,2,3,1,81,4.8,1,1,71,78,0
7585,6.9,1,1,0,75,3.8,1,1,55,66,0
9378,8.6,1,3,2,89,4.7,1,1,72,85,1
8812,8.2,2,3,2,90,4.7,1,1,80,86,1
8161,8.6,2,3,2,90,4.8,1,1,79,87,1
4680,8.4,0,3,2,90,4.6,1,1,66,84,0
3404,8.7,1,3,0,77,3.5,1,1,56,58,1
19,6.8,2,3,0,73,4.4,1,1,72,82,1
3692,8.6,2,3,2,84,4.8,1,1,72,86,1
8655,8.5,2,3,2,88,4.8,1,1,68,88,1
4097,6.5,1,2,0,71,3.9,0,1,55,65,0
3629,8.3,2,3,2,90,4.4,1,1,85,85,1
8863,7.8,1,3,2,80,3.4,1,0,55,67,0
2175,7.6,2,1,1,82,3.9,1,0,71,71,0
1357,7.8,1,1,2,79,4.7,0,0,55,65,0
5003,7.5,0,3,2,83,4.4,1,1,78,88,1
7392,8.5,2,3,2,90,4.7,1,1,74,86,1
6923,8.3,2,3,2,90,4.8,1,1,73,84,1
5824,7.8,1,3,1,85,4.5,1,1,87,83,1
9503,8.1,1,3,2,90,4.7,1,1,84,81,1
5671,8.1,1,1,2,68,3.2,0,1,55,70,0
3113,7.6,1,1,1,62,3.8,0,1,74,68,0
183,6.5,1,1,0,74,4.2,0,1,74,61,0
3643,8.1,2,3,1,90,4.4,1,1,79,83,1
8858,6.7,1,1,0,80,3.8,0,1,62,64,0
1813,8.6,1,2,1,77,3.9,1,1,77,69,0
7876,7.3,0,1,0,75,3.4,0,0,55,70,0
8498,8.3,1,2,2,76,4.0,1,1,74,62,0
4913,7.6,0,1,0,81,4.4,1,1,84,83,1
5669,8.3,1,2,0,82,4.5,1,1,71,67,1
8543,7.4,1,2,1,90,4.4,1,1,81,86,0
1801,8.3,1,2,0,72,4.2,0,1,61,63,0
9252,6.5,1,2,1,79,4.2,1,1,81,64,1
2430,8.4,2,3,2,90,4.8,1,1,82,87,1
5483,8.6,1,3,2,90,4.8,1,1,70,88,1
6762,7.4,0,2,0,81,3.8,1,1,72,73,0
9840,6.8,0,2,0,70,4.2,1,0,55,69,0
9636,7.7,2,2,2,90,4.7,1,1,70,86,1
1969,6.5,0,1,0,79,4.2,1,1,83,74,1
8340,8.3,1,3,2,90,4.8,1,1,73,83,1
8142,7.4,2,1,1,80,4.1,1,0,55,71,0
7697,7.5,0,3,0,73,4.5,1,0,68,83,0
7542,7.7,1,3,2,85,4.5,1,1,76,81,0
4988,7.6,2,2,2,83,4.8,1,1,71,85,1
9757,7.6,1,1,1,73,3.9,0,1,64,76,0
4651,7.6,1,1,0,78,4.2,0,0,55,62,0
1160,6.5,1,1,0,71,4.1,0,0,55,66,0
1214,7.4,0,1,0,75,3.8,0,0,79,62,0
7337,7.6,1,1,2,89,4.8,0,1,76,86,0
1326,6.6,1,1,1,76,4.5,0,0,65,63,1
7513,6.9,1,2,1,74,4.0,1,1,59,66,0
7581,6.5,0,3,2,73,4.5,1,1,74,84,1
4797,8.6,1,2,1,70,4.1,0,1,55,68,0
6797,8.4,2,3,2,83,4.7,1,1,77,78,1
5809,8.1,2,3,2,90,4.8,1,1,90,83,1
5944,8.2,2,3,2,90,4.8,1,1,71,88,1
9284,8.7,2,3,2,83,4.8,1,1,76,82,1
8145,7.7,1,2,0,71,4.4,0,1,59,74,0
1456,7.4,2,1,0,79,4.8,0,1,60,68,0
5411,6.5,0,1,1,64,4.1,0,0,63,69,0
7130,8.4,1,2,2,89,4.8,1,1,64,79,1
8893,7.0,1,1,1,62,3.4,0,0,55,63,0
4963,9.1,1,1,0,75,3.8,0,0,55,62,1
2801,8.8,1,3,2,90,4.8,1,1,81,88,1
1645,6.8,0,3,0,83,4.3,1,1,61,66,1
2141,7.3,1,1,1,60,4.1,0,0,59,65,0
4537,7.4,1,3,1,71,4.1,0,1,87,64,1
4458,7.5,0,3,0,88,4.0,0,1,71,86,0
8952,6.5,1,2,1,72,4.0,1,1,68,76,1
5587,7.5,0,1,0,76,4.4,0,0,63,70,0
4379,7.9,2,3,2,88,4.7,1,0,81,80,1
730,7.9,0,2,0,69,4.2,0,0,61,66,0
4358,7.5,1,2,1,78,3.8,0,1,65,71,0
7749,7.4,0,1,0,73,4.4,0,0,55,72,0
6717,8.9,0,1,1,90,4.6,0,1,79,87,1
1937,8.6,2,3,2,89,4.8,1,0,79,78,1
3794,6.5,1,1,0,71,3.6,0,0,63,61,0
3737,8.0,1,3,2,85,4.6,1,1,71,86,1
2262,6.5,1,2,0,76,4.2,0,1,55,65,0
4006,6.8,1,2,2,77,4.7,1,0,74,60,0
1111,7.5,1,1,0,72,3.4,0,0,55,61,0
9029,8.0,1,3,0,85,4.8,1,1,86,75,0
5481,7.6,1,2,2,75,4.6,0,0,61,64,0
2999,8.4,2,3,2,90,4.7,1,1,78,83,1
2395,8.6,1,3,2,88,4.6,0,1,72,83,1
1186,6.8,1,1,3,72,4.3,0,1,75,74,0
2008,8.2,1,3,2,79,4.0,1,1,73,67,0
194,8.9,0,1,2,80,4.8,1,1,75,82,1
5612,8.1,1,2,1,73,4.2,0,1,83,87,0
2902,6.5,1,1,0,67,3.5,0,0,63,63,0
579,7.5,1,1,0,70,4.5,0,0,55,67,0
6220,7.8,0,3,0,70,4.6,1,1,70,66,1
5526,7.5,1,3,0,78,3.6,0,1,72,84,0
772,6.8,0,3,1,82,4.2,1,1,74,72,0
7840,7.7,1,1,1,71,4.2,0,0,71,59,0
2396,7.0,0,3,1,67,3.6,1,1,57,82,0
1479,6.5,1,2,0,70,3.8,0,1,59,66,0
1847,8.2,2,3,0,90,4.8,1,1,76,83,1
9109,6.5,1,1,1,66,4.0,0,1,60,73,0
4275,6.9,1,2,1,81,4.3,0,1,59,68,0
3741,7.0,1,1,0,62,4.2,1,1,69,77,0
4601,8.3,0,1,1,77,4.7,1,1,79,82,1
8088,8.2,1,2,0,71,4.7,0,1,68,66,0
8711,8.5,1,2,2,74,4.0,0,1,83,79,0
6677,8.1,2,3,2,90,4.7,1,1,78,84,1
6376,6.5,0,1,0,74,3.5,0,1,55,71,1
8125,8.5,1,3,1,84,4.8,1,1,73,84,1
9539,7.8,1,2,1,69,4.5,1,0,71,67,0
4916,7.5,0,3,2,90,4.3,0,1,89,86,1
2074,7.6,0,1,0,73,4.7,0,0,80,57,0
4755,8.0,2,1,2,81,3.9,0,0,64,70,1
1897,7.5,1,3,2,75,4.5,1,1,80,63,1
8553,7.7,2,2,0,80,3.8,1,1,62,72,0
6703,7.8,2,3,2,90,4.8,1,1,76,88,1
6318,6.5,1,1,0,72,4.2,0,1,72,64,0
3660,8.4,2,3,2,90,4.8,1,1,77,85,1
6582,7.9,0,1,0,89,4.8,1,1,81,85,1
2380,8.5,1,1,2,72,4.0,1,1,80,82,1
1448,7.6,1,1,0,68,4.3,0,1,66,68,0
343,8.6,2,3,2,90,4.8,1,1,77,86,1
5128,6.6,0,1,0,77,3.7,0,0,61,60,0
3137,8.0,2,3,2,88,4.6,1,1,81,87,1
2528,7.0,0,1,1,75,4.0,0,1,58,73,0
728,8.7,1,3,2,90,4.7,1,1,74,86,1
4578,6.5,1,1,0,68,4.3,1,0,60,66,0
977,7.9,0,1,2,86,4.3,0,1,61,63,1
8392,6.7,2,3,0,85,4.4,1,1,84,83,1
5444,7.4,1,2,0,69,3.8,0,0,55,64,0
9035,7.7,1,1,1,73,4.2,0,0,55,67,0
3517,7.7,0,1,0,81,4.3,1,1,76,71,0
7976,8.7,2,3,2,90,4.8,1,1,77,82,1
9788,8.0,2,3,2,90,4.8,1,1,86,86,1
3941,8.5,1,1,1,81,4.5,1,1,70,62,0
1300,7.3,1,2,0,79,4.6,0,1,55,72,0
9765,6.7,1,2,0,78,3.7,1,0,55,64,0
1349,6.6,2,2,0,85,3.7,1,1,58,72,1
661,7.4,1,1,1,73,3.7,0,0,55,63,0
5887,7.7,1,1,0,78,3.8,0,1,55,61,0
1493,7.5,1,3,1,72,4.5,1,1,79,83,1
9947,7.5,0,1,1,68,3.6,1,1,55,65,0
4590,7.8,1,1,0,66,4.1,0,1,61,82,0
8531,8.0,0,1,2,89,4.7,1,1,72,84,1
5155,6.5,1,1,0,75,4.1,0,0,55,71,0
2316,7.5,1,1,0,76,4.5,1,1,79,88,1
9615,8.3,1,3,0,90,4.8,1,1,83,82,1
9578,8.8,2,3,2,90,4.8,1,1,65,86,1
7025,8.3,1,2,0,84,4.2,1,1,82,81,1
1086,8.3,1,3,2,90,4.8,1,1,86,84,1
2525,7.8,0,2,1,74,4.5,0,1,74,81,1
8969,6.9,1,1,1,72,3.6,0,0,61,59,0
5375,7.6,1,3,1,77,4.6,1,1,57,69,1
3199,8.1,2,3,2,85,4.5,0,1,55,75,1
5752,7.5,1,1,1,77,4.5,1,0,76,68,0
4009,8.6,1,3,2,90,4.8,1,1,84,85,1
5718,8.2,1,1,2,76,4.5,1,1,58,81,1
6658,7.8,1,2,0,90,4.8,1,1,84,84,0
9358,7.4,1,1,0,67,4.2,0,1,61,74,1
8791,8.4,1,0,2,81,4.2,1,1,74,88,1
68,7.2,1,1,0,82,4.6,1,1,57,64,0
7924,6.6,0,2,1,67,4.2,0,1,55,66,0
41,8.6,2,3,1,90,4.8,1,1,63,84,1
2270,8.2,1,2,2,89,4.3,1,1,76,83,1
2382,8.4,2,3,2,83,4.8,1,1,77,86,1
7342,8.3,1,1,0,90,4.3,1,1,77,80,0
9962,6.9,1,3,0,73,4.5,0,0,56,86,0
4917,8.0,2,3,2,90,4.8,1,1,68,85,1
5323,7.6,1,1,0,77,4.2,1,1,68,86,0
5774,8.2,1,1,0,71,4.0,0,1,56,66,0
6233,8.6,1,2,2,90,4.8,1,1,80,87,1
6964,7.5,1,1,1,87,4.7,1,1,68,65,1
3448,8.5,0,3,2,90,4.8,1,1,70,88,1
6817,8.1,1,3,1,80,4.0,1,1,75,85,0
2368,8.2,2,3,2,90,4.2,1,1,83,77,1
7982,6.8,1,3,0,66,3.6,1,1,55,61,1
8167,6.9,0,1,0,60,4.6,0,0,80,67,0
2513,6.8,1,1,1,78,4.1,1,0,78,86,0
9620,7.4,2,1,2,62,4.7,0,0,55,71,0
2724,7.7,0,3,0,87,4.7,1,1,81,60,1
5949,8.3,0,3,2,90,4.8,1,1,87,84,1
9186,6.7,0,1,0,75,4.6,0,1,63,61,0
9005,6.8,1,1,1,75,4.3,0,1,55,67,0
1144,8.3,2,3,2,81,4.8,1,1,70,85,1
9737,8.2,1,1,1,74,4.6,1,0,64,67,0
7223,7.3,1,2,0,82,4.4,1,0,55,65,0
8293,6.5,1,1,1,83,4.4,0,0,55,65,0
9221,7.5,0,1,1,64,4.3,0,1,55,64,0
4729,7.5,1,1,1,83,4.4,0,1,56,63,0
5495,8.6,2,3,2,90,4.8,1,1,71,88,1
5756,7.6,1,2,2,76,4.8,1,1,68,85,0
7563,6.7,0,2,0,75,4.2,0,1,55,64,0
3790,8.9,1,3,2,86,4.8,1,1,78,77,1
2221,6.5,1,2,3,77,4.4,1,0,64,80,0
5076,8.5,2,3,2,77,4.5,1,1,81,85,1
2332,8.6,2,3,2,86,4.1,1,1,75,85,1
5395,7.0,1,1,2,74,4.5,1,1,78,86,0
7440,8.1,0,2,0,84,4.0,1,1,68,69,0
8068,6.7,1,1,0,64,3.7,0,1,55,60,0
7091,8.0,0,3,2,81,4.5,1,1,85,88,1
9337,7.9,2,3,2,90,4.8,1,1,74,80,1
4089,8.2,0,3,1,90,4.8,1,1,82,84,1
1968,6.5,0,1,0,86,3.9,0,0,72,70,0
9364,8.6,2,2,1,78,4.8,1,0,80,82,0
9797,6.6,1,1,1,64,4.1,1,0,55,69,0
6758,7.9,1,2,0,86,4.5,1,1,76,70,0
9587,6.7,0,3,0,90,4.3,1,1,79,65,1
4366,8.0,1,2,0,85,4.3,0,1,59,72,0
7000,7.1,1,2,1,68,4.2,0,0,76,64,0
424,8.1,1,3,3,90,4.8,1,1,69,82,1
281,8.3,2,3,1,90,4.8,1,0,55,80,1
1905,8.4,1,3,2,90,4.6,1,1,73,84,1
596,8.5,2,3,2,90,4.8,1,1,80,84,1
8580,6.8,2,3,0,80,4.4,0,1,74,85,1
3918,7.6,1,3,0,71,4.7,1,0,64,67,0
6143,7.9,1,3,3,86,4.5,1,1,69,67,1
5662,7.9,1,3,2,90,4.8,1,0,84,88,1
5779,7.5,0,3,1,65,4.2,0,0,58,67,0
3619,8.3,0,3,0,87,4.6,1,1,76,81,1
6846,8.3,1,3,2,88,4.8,1,1,77,68,1
840,6.5,1,2,0,67,4.4,0,0,72,68,0
4597,8.1,0,3,0,90,4.5,1,0,78,85,1
7497,7.4,0,1,1,70,4.3,0,1,55,69,0
142,7.6,1,1,0,73,4.3,0,1,55,76,1
2598,7.1,1,1,1,87,4.2,0,0,75,70,0
6702,8.6,0,1,0,66,4.4,0,1,56,72,0
7757,7.5,0,3,1,74,4.8,1,1,76,71,0
1378,7.8,0,2,0,74,4.7,1,1,77,81,1
3675,7.3,1,1,0,79,4.0,0,1,67,81,0
8771,8.2,1,1,1,79,4.1,1,1,58,83,0
9896,8.1,1,1,1,70,4.6,0,0,62,67,0
6363,8.8,2,3,2,90,4.8,1,1,72,86,1
4742,8.4,0,3,2,88,3.7,1,1,76,85,1
3809,6.5,1,2,1,82,4.0,0,1,74,74,0
1139,7.8,2,3,2,90,4.7,1,1,80,86,1
2258,8.1,2,3,2,86,4.5,1,1,84,81,1
7866,8.3,1,2,2,89,4.8,1,1,75,83,1
1788,8.2,1,3,2,85,4.6,1,1,86,78,1
3939,7.6,1,3,0,87,4.4,1,1,71,71,1
9317,8.4,1,3,2,90,4.8,1,1,88,84,1
4647,7.4,1,1,2,81,4.6,1,1,68,85,1
460,7.8,2,3,2,84,4.1,1,1,76,80,1
6116,7.5,0,3,2,86,4.4,0,1,83,85,0
9543,8.4,2,3,2,90,4.8,1,1,79,86,1
949,8.1,1,2,0,88,4.6,1,1,82,86,1
3701,8.7,2,1,3,82,4.5,1,1,76,73,1
1337,7.6,1,1,0,74,4.6,1,1,76,64,0
6371,8.5,2,3,0,82,4.4,1,1,87,83,1
4629,8.5,1,3,2,89,4.8,1,1,82,83,1
6287,7.0,1,1,1,70,4.0,0,0,60,58,0
5926,7.7,1,2,0,63,4.3,0,0,55,72,0
5935,8.9,2,3,0,90,4.8,1,1,71,84,1
6041,8.8,1,3,2,84,4.2,1,1,73,82,1
442,8.3,2,3,2,90,4.8,1,1,74,83,1
6660,7.8,2,1,2,83,4.3,1,1,77,70,0
1603,7.5,1,3,0,80,4.5,1,0,77,80,0
2239,7.5,1,2,0,82,4.4,0,1,57,61,1
640,8.5,1,1,2,83,4.3,1,1,89,86,1
9821,8.2,1,3,2,90,4.8,1,1,81,83,1
3831,7.5,0,1,0,85,3.9,1,1,82,81,0
9396,7.5,1,1,1,70,3.8,0,0,55,63,0
6145,7.7,1,1,0,90,4.6,0,0,73,88,1
7986,7.3,0,1,3,81,4.8,1,1,76,87,0
9053,8.7,2,3,3,90,4.8,1,1,77,86,1
6345,8.4,1,3,2,90,4.8,1,0,77,82,0
2502,7.8,0,2,0,80,4.1,0,1,60,83,1
1959,7.5,1,1,0,78,3.3,0,0,64,61,0
1071,7.6,1,2,0,82,4.0,0,0,59,68,0
156,7.7,0,1,0,81,4.8,1,1,69,63,1
2296,7.9,2,1,2,81,4.8,1,0,82,82,1
9802,6.8,2,3,2,90,4.3,1,1,81,79,0
4579,8.4,0,1,3,83,4.3,1,1,71,74,0
1090,8.5,2,3,2,90,4.8,1,1,73,88,1
6050,7.8,0,1,0,74,4.0,0,0,55,63,0
6416,8.2,0,2,1,83,4.8,0,1,71,65,0
2941,7.9,1,1,0,72,3.6,0,0,55,68,0
724,6.5,1,3,2,75,4.7,1,0,78,62,0
4385,8.2,1,3,2,90,4.4,1,1,79,85,0
931,7.5,2,3,1,86,4.4,1,1,71,80,1
2910,6.6,1,2,1,68,4.7,0,0,56,66,0
7846,7.5,0,1,1,83,4.4,0,1,59,66,0
6764,6.9,1,2,1,72,3.5,0,1,58,70,0
8389,7.4,1,1,0,72,4.1,0,1,76,74,0
6417,7.6,1,3,2,75,4.3,1,0,55,64,0
896,7.4,1,1,1,68,4.7,0,1,55,66,0
3248,8.4,1,3,0,76,4.7,1,1,72,74,1
2327,7.5,1,1,0,67,4.3,0,0,61,69,0
7097,8.2,2,3,2,90,4.8,1,1,84,88,1
9506,7.8,1,2,2,90,4.8,1,1,77,85,1
7582,8.6,2,3,2,90,4.5,1,1,79,84,1
9743,6.5,1,1,1,67,3.6,0,0,55,65,0
5039,8.4,0,3,2,84,4.5,1,0,85,84,1
6451,8.3,1,3,2,86,4.8,1,0,70,80,0
4137,8.3,2,3,2,89,4.8,1,1,78,86,1
9249,7.7,1,2,0,69,3.5,0,1,56,59,0
1716,7.7,2,1,0,71,4.5,1,1,70,70,0
1699,6.5,0,1,0,64,4.3,1,1,64,63,0
9691,8.1,0,1,1,71,4.4,0,0,85,66,0
9550,8.2,2,3,2,88,4.7,1,1,83,83,1
9972,7.1,0,1,0,76,3.9,0,0,64,69,0
8225,7.7,1,1,0,69,4.0,0,0,55,69,0
3832,6.7,1,1,0,66,4.4,0,1,63,67,0
6300,8.1,2,2,0,72,4.2,0,1,55,68,1
3349,7.1,1,1,0,77,4.1,0,1,74,66,0
9519,7.1,2,2,2,83,4.8,1,1,62,86,1
986,7.9,2,1,2,89,4.8,1,0,78,77,0
1822,8.4,2,3,2,89,4.4,1,1,75,88,1
4572,7.3,1,3,1,79,3.3,0,1,72,69,0
588,8.0,0,0,2,76,4.8,1,0,62,64,1
9758,7.5,0,3,2,90,4.8,1,0,81,66,1
5078,7.3,1,1,0,65,3.9,0,0,69,67,0
7783,7.4,0,1,1,80,4.2,0,0,55,69,0
8324,7.0,1,1,1,86,3.8,0,0,57,72,0
9523,7.7,0,1,1,68,3.3,0,1,58,70,0
9968,7.8,0,3,2,85,4.6,1,1,75,81,0
5484,7.6,0,1,1,73,3.3,0,0,56,62,0
7747,6.5,0,2,0,74,4.5,0,0,62,68,0
9281,8.2,1,1,2,75,4.3,0,1,70,85,1
5515,7.2,1,2,1,77,4.1,0,1,55,64,0
9528,6.8,1,2,1,78,4.4,0,0,55,63,0
8872,7.6,2,2,2,60,4.4,0,0,55,61,0
5554,8.3,0,2,0,78,4.5,0,1,78,66,1
3558,7.7,1,2,0,82,4.1,0,1,74,74,0
1396,8.0,1,3,1,89,4.5,1,1,82,83,1
265,7.4,1,1,0,88,4.5,0,1,76,71,1
3548,7.5,1,1,0,70,4.8,0,0,61,72,0
6845,8.4,1,1,1,73,4.3,0,1,64,73,0
7629,8.4,2,3,2,84,3.7,0,0,81,82,0
6789,8.2,1,3,2,88,4.8,1,1,77,80,0
3070,7.2,1,1,1,63,3.9,0,0,61,67,0
5026,8.3,1,2,2,90,4.8,1,1,78,85,1
8397,7.6,1,1,1,66,4.3,0,0,56,71,0
3865,6.5,1,1,1,68,3.7,0,0,55,64,0
9073,8.1,2,3,2,90,4.8,1,1,90,86,1
2401,7.4,1,1,2,68,4.3,0,1,61,60,0
6275,8.2,2,3,2,90,4.8,1,1,77,88,1
8485,8.5,2,3,2,90,4.8,1,1,77,88,1
3712,7.5,1,2,1,73,4.8,1,0,60,77,0
247,8.4,0,2,1,85,4.3,1,1,62,81,1
1595,7.9,1,3,2,84,4.8,1,0,71,84,1
9683,7.6,1,2,1,73,3.7,0,1,55,62,0
1530,8.3,1,3,0,82,4.7,1,1,83,82,0
8224,7.6,1,1,0,84,4.2,1,1,62,64,0
924,7.2,1,1,0,78,4.2,0,0,65,74,0
7554,7.8,1,1,1,63,4.1,0,1,55,67,0
4365,7.8,2,1,0,88,4.0,0,1,55,69,0
670,7.6,1,1,0,76,4.0,0,1,75,70,1
3605,6.8,0,1,2,77,3.6,0,1,57,64,0
5109,7.6,1,1,0,67,3.8,0,0,55,64,0
1911,7.5,1,1,0,64,3.4,0,0,56,66,0
8345,8.4,1,3,0,75,4.4,1,1,68,86,1
5249,8.4,1,1,1,84,4.2,1,0,73,74,0
7184,7.5,1,1,0,84,4.7,1,1,79,85,1
3959,7.8,1,1,2,85,3.8,0,1,60,67,0
6958,8.4,1,3,2,90,4.3,1,1,73,85,1
6027,6.5,0,3,2,84,3.9,1,1,83,88,1
5644,7.6,2,2,1,88,4.8,1,1,83,86,0
2697,7.2,1,2,0,69,4.5,0,1,56,67,1
2592,6.6,1,3,2,76,4.5,1,1,74,84,1
5907,6.5,1,2,0,76,4.3,1,1,69,73,0
1782,8.4,2,3,2,80,4.5,1,1,57,64,1
6510,6.6,1,1,1,81,4.0,0,0,55,66,0
3014,6.5,2,3,0,88,4.5,0,0,79,62,0
7134,8.2,2,2,2,90,4.6,1,1,68,87,1
2308,7.4,1,1,1,63,3.6,0,0,65,65,0
7277,6.5,2,3,2,87,4.8,1,1,71,84,1
3691,7.2,0,2,1,71,3.6,0,0,55,68,0
688,7.5,1,2,0,87,4.6,1,1,83,81,1
6012,7.5,0,1,0,80,4.1,0,1,62,73,0
7072,7.4,1,1,0,69,3.6,0,1,55,70,0
613,8.1,2,3,2,90,4.8,1,1,76,84,1
7168,7.8,2,3,0,78,4.8,1,0,74,82,1
9206,7.6,1,1,1,73,4.5,0,0,55,61,0
3201,7.5,1,3,0,85,4.6,1,1,80,69,1
2268,8.0,1,1,0,77,3.9,1,1,72,68,1
9782,7.5,1,1,0,60,3.7,0,0,55,63,0
6630,8.4,2,3,2,90,4.8,1,1,83,84,1
4136,7.9,1,1,2,64,4.2,0,1,56,68,1
1899,6.9,1,3,1,84,4.4,1,1,73,88,1
9531,7.7,1,1,1,84,4.4,1,1,72,71,0
8154,7.5,1,1,1,66,4.3,0,0,57,63,0
259,8.1,2,3,2,90,4.8,1,1,86,88,1
2925,6.6,0,3,0,86,4.8,0,0,79,66,0
9425,8.2,0,3,2,80,4.4,1,1,64,85,1
4944,6.7,1,2,1,76,3.2,0,1,55,80,0
2823,7.6,1,3,1,86,4.6,1,1,67,62,0
6530,7.6,1,3,1,74,4.3,1,1,68,64,1
3340,6.8,0,1,0,67,3.6,0,0,55,62,0
3526,6.7,1,1,1,83,4.3,0,0,55,63,0
4564,8.4,1,3,2,75,4.5,1,1,79,62,0
9657,7.6,1,1,0,61,3.7,0,0,64,73,0
7909,7.3,0,1,0,78,3.7,0,1,79,86,0
5330,8.3,1,1,1,77,3.6,0,1,55,67,0
5224,7.7,0,2,0,76,3.7,0,1,58,67,0
2286,7.4,1,2,0,80,4.3,0,1,65,67,0
6064,6.7,1,1,0,77,3.8,0,0,55,57,0
4655,7.4,1,2,0,74,4.1,1,1,66,68,0
5001,7.9,0,2,2,85,4.8,1,1,75,83,0
6711,8.1,1,3,3,90,4.8,1,1,67,83,1
9325,8.4,1,1,3,90,4.5,1,1,72,69,1
485,6.5,1,1,0,74,3.9,0,0,70,67,0
2212,8.5,0,1,1,90,4.8,1,0,61,75,0
5417,8.6,2,3,2,90,4.8,1,1,81,81,1
7564,8.7,0,1,0,87,4.8,1,0,77,79,1
2556,8.2,1,3,2,89,4.5,1,1,84,88,1
8,7.7,2,1,0,85,3.5,1,1,59,72,0
3658,8.4,1,1,1,67,3.5,0,1,55,64,0
6412,6.9,1,1,1,75,3.7,0,1,65,66,0
9165,8.2,1,3,0,84,4.1,1,1,77,67,1
4875,8.3,0,3,2,89,4.8,1,1,86,85,1
4403,7.4,1,1,1,82,3.7,0,0,56,75,0
8917,6.6,1,2,0,78,4.1,1,0,74,64,0
5547,7.6,0,1,2,79,4.8,1,1,56,85,1
5298,8.3,2,3,0,82,4.6,1,1,80,67,1
2427,6.5,0,1,1,84,3.6,0,0,61,63,0
6745,7.5,1,1,0,70,3.7,0,1,55,72,0
1815,8.6,2,3,0,81,4.7,1,1,77,78,1
6823,8.4,2,2,2,78,4.5,1,1,75,80,1
9626,8.4,0,3,2,87,4.8,1,1,81,83,1
2275,6.5,1,1,0,62,4.0,0,0,61,74,0
1012,8.4,1,1,1,70,4.8,1,0,67,84,0
1578,8.1,0,3,0,90,4.8,1,1,84,88,1
7265,7.7,1,1,1,67,3.7,0,0,55,68,0
1068,7.6,2,2,2,67,4.7,1,0,57,66,0
1992,6.5,1,1,1,66,3.7,0,1,55,61,0
3971,8.2,1,3,2,90,4.7,1,1,81,88,1
9074,7.6,1,2,0,72,4.2,0,1,59,65,1
5880,6.9,1,1,1,62,3.5,0,0,55,66,0
8431,6.5,0,1,1,66,4.6,0,0,62,66,0
4543,7.4,1,1,1,64,3.9,0,0,63,61,0
9327,8.3,1,2,3,77,4.1,0,1,80,81,1
7194,7.6,1,2,0,73,3.7,0,1,67,61,0
3868,8.3,1,3,0,76,4.3,1,1,73,88,0
9416,8.6,2,3,1,82,4.5,1,1,77,82,1
6824,7.8,1,1,0,71,4.1,1,1,77,67,1
3049,8.4,2,3,2,90,4.8,1,1,78,83,1
782,7.5,0,2,0,82,4.8,1,1,68,64,1
6748,7.8,1,3,2,77,4.7,1,1,83,77,1
2676,8.3,1,3,1,81,4.3,1,1,79,88,0
1750,6.5,2,1,0,75,4.3,1,1,69,73,0
6223,8.4,2,3,2,89,4.5,1,1,82,83,1
7947,7.5,1,1,1,82,4.6,0,1,59,74,0
2792,6.7,2,1,2,82,4.6,1,1,82,70,0
6520,7.8,2,3,2,81,4.8,0,1,65,79,0
5775,7.7,1,3,1,71,4.6,1,0,55,72,0
6358,7.6,1,1,1,77,4.2,0,1,59,71,0
4980,8.6,1,3,2,90,4.8,1,1,78,87,1
7589,6.8,1,2,1,75,4.0,0,1,62,76,0
1092,8.7,1,2,2,77,4.3,1,1,79,88,1
6527,8.1,2,3,2,90,4.8,1,1,80,87,1
9608,8.4,2,3,2,88,4.7,1,1,78,85,1
4628,7.5,1,1,1,68,4.3,0,0,61,67,0
2325,6.5,2,2,1,81,4.8,0,0,61,69,0
6535,7.5,1,2,0,81,4.3,0,1,66,66,0
8972,8.4,1,3,0,73,4.7,1,1,72,73,0
5056,7.6,2,3,2,90,4.5,1,1,75,83,1
2609,7.8,2,3,0,81,4.5,1,1,77,81,0
9021,7.5,1,1,0,82,4.5,0,1,62,72,0
2291,8.7,1,3,2,80,4.7,1,1,76,82,1
1728,6.5,1,1,0,71,4.5,0,0,61,65,0
611,7.6,2,1,1,89,3.9,0,1,55,67,0
4667,7.7,1,3,2,86,4.4,1,1,83,67,1
8052,6.5,1,1,0,80,3.8,0,1,64,69,0
5414,8.1,1,3,0,88,4.0,1,1,76,66,1
344,7.9,2,1,0,73,4.2,0,0,56,71,0
4684,8.0,0,3,3,72,4.5,1,1,71,81,1
8785,7.9,1,1,2,72,4.8,1,0,64,69,1
3751,8.1,1,2,0,79,4.5,1,1,65,76,0
8454,7.6,1,1,0,74,4.5,0,1,70,66,0
9308,8.3,1,3,2,85,4.8,1,1,80,82,1
6000,7.5,0,1,1,82,4.7,0,0,72,70,0
3216,7.8,0,3,2,89,4.7,1,1,72,88,1
98,7.8,2,2,2,90,4.8,1,0,81,82,1
7388,8.0,2,3,2,90,4.7,1,1,78,80,1
7666,7.9,2,3,2,83,4.5,1,1,72,84,0
5177,7.4,1,1,0,79,4.0,1,1,67,79,1
7280,8.0,1,1,2,78,4.3,1,0,67,69,0
6166,8.6,1,2,0,75,3.9,1,1,76,61,1
1538,7.8,2,2,0,69,3.7,0,0,70,67,0
3589,7.2,2,1,3,84,3.9,0,1,72,68,0
9443,8.0,2,3,2,90,4.8,1,1,71,87,1
6986,7.0,1,1,0,72,4.4,0,1,74,65,0
3649,7.0,1,1,0,65,4.6,1,1,58,58,0
2658,7.4,1,3,2,83,4.8,0,1,68,88,1
9827,7.5,1,1,1,64,4.6,0,1,55,59,0
1518,7.8,1,3,0,82,3.7,1,0,75,63,0
5062,6.9,1,2,0,66,4.4,1,1,57,84,1
9350,7.8,2,3,2,90,4.8,1,1,86,82,1
4625,7.6,1,2,0,78,3.8,0,0,71,64,0
4273,7.6,1,1,3,65,4.0,1,1,55,69,0
3670,7.7,1,3,2,90,4.5,1,1,81,86,1
6567,8.3,2,3,2,84,4.5,1,0,73,84,1
5801,7.0,0,1,1,85,4.8,1,0,55,63,0
2091,7.7,1,2,2,86,4.8,1,1,73,86,1
7098,6.8,0,1,0,86,4.0,0,0,55,71,0
6172,8.4,1,3,2,90,4.5,1,1,77,87,1
573,8.4,0,3,2,79,4.5,1,1,75,64,0
9559,8.3,1,3,2,87,4.6,0,1,75,62,1
4689,7.4,1,3,0,87,4.8,1,1,72,85,1
9075,6.8,1,1,0,74,4.3,0,1,55,66,0
3063,6.5,1,1,0,70,4.1,1,1,58,58,0
9294,7.4,0,1,0,77,4.4,0,0,61,65,0
6471,8.1,2,3,2,86,3.8,1,1,71,84,1
7161,7.9,2,3,2,84,4.0,1,0,88,81,0
6634,8.6,1,2,1,67,4.0,1,1,55,67,0
8492,8.5,2,2,2,87,4.8,1,1,88,86,1
7926,7.6,1,1,0,74,3.8,0,0,55,72,0
7346,7.7,1,1,0,82,3.8,1,1,82,87,1
6305,7.5,1,3,0,83,4.6,1,1,81,80,0
7901,7.6,1,2,1,67,3.9,0,0,55,65,0
9440,7.7,1,2,0,73,4.8,1,1,55,63,1
8186,8.4,0,3,2,88,4.3,1,1,84,84,1
4480,8.1,1,2,1,80,4.4,1,1,76,85,1
4949,8.5,2,3,2,83,4.6,1,1,73,81,1
5977,8.0,2,2,2,87,4.6,1,1,70,83,0
371,7.5,1,2,2,70,4.7,1,1,55,70,0
1939,7.6,0,1,0,67,4.3,1,1,59,69,0
2353,6.5,1,3,2,85,3.7,1,1,79,86,1
7128,7.4,0,1,1,65,4.1,0,1,58,69,0
1754,8.1,2,3,2,90,4.6,1,1,81,88,1
3671,7.5,1,3,1,78,4.0,0,0,75,66,0
7299,6.5,2,1,1,78,3.5,0,1,61,67,0
3653,8.2,1,1,1,74,3.7,0,1,60,61,1
5202,8.0,0,1,0,83,3.3,0,1,58,70,0
7910,8.1,1,2,2,86,4.8,1,1,76,85,1
2362,8.2,2,3,2,90,4.7,1,1,72,84,1
4261,7.7,0,2,0,90,4.5,1,1,86,84,1
5433,7.7,1,2,1,61,4.0,0,0,55,66,0
6286,6.5,1,1,1,70,3.3,0,1,55,60,0
4992,6.9,1,1,0,61,3.5,0,0,66,66,0
7601,7.3,1,1,0,80,3.8,1,1,59,58,1
9463,7.3,0,1,1,70,3.5,0,0,57,65,0
3738,7.0,1,1,1,75,4.2,1,1,61,64,0
7521,7.9,1,3,2,87,4.8,1,1,82,88,1
8560,7.7,1,2,1,72,4.5,0,1,55,65,0
8927,7.4,1,1,0,72,4.2,1,1,55,66,1
9991,7.4,0,3,1,90,3.8,0,1,82,68,0
5592,8.1,0,3,1,86,4.7,1,1,63,79,1
1172,8.5,1,3,1,83,4.7,1,1,55,84,1
7371,6.5,1,1,0,86,4.2,1,1,65,65,0
7938,8.2,2,3,2,85,4.8,1,0,84,76,0
8087,8.5,2,3,2,90,4.8,1,1,85,86,1
1423,6.5,0,1,0,66,3.4,0,0,55,66,0
6783,7.7,0,1,2,83,4.4,1,1,56,61,1
9444,8.6,1,3,2,90,4.8,1,1,55,85,1
8140,7.7,1,1,0,64,3.8,0,0,60,68,0
9351,6.6,0,1,1,66,3.7,0,0,56,63,0
8019,6.7,1,2,0,67,3.9,0,0,59,69,0
6340,6.5,1,3,2,78,4.3,1,1,55,82,0
9648,7.3,1,3,0,77,4.2,0,0,66,62,0
875,6.5,1,1,2,71,4.1,1,1,64,85,0
2298,7.5,1,1,1,73,4.2,1,1,64,72,0
2644,8.9,2,1,2,90,4.7,1,1,75,84,1
7532,8.4,2,3,2,90,4.8,1,1,76,85,1
1720,7.7,1,2,0,74,4.7,0,1,55,74,1
5348,7.4,0,2,0,75,3.5,0,1,55,71,0
5933,7.8,2,3,2,90,4.8,1,1,81,88,1
841,7.7,0,1,1,65,4.0,0,0,57,66,0
9938,6.5,1,2,1,63,3.0,0,0,55,61,0
582,8.7,2,3,2,90,4.8,1,1,77,86,1
205,8.2,1,1,0,81,4.3,1,1,60,70,1
1642,7.5,1,2,0,76,4.5,1,1,69,83,1
2015,6.5,1,2,1,62,4.4,0,1,60,66,0
3254,7.6,1,1,0,83,3.7,1,1,69,82,0
7541,7.9,1,2,0,77,4.2,0,1,75,63,0
906,7.6,0,1,1,81,4.3,1,0,74,67,0
632,7.5,1,2,0,80,3.6,0,0,57,69,0
8421,8.0,1,3,1,90,4.4,0,1,82,67,0
7824,7.8,1,2,0,79,4.4,1,1,71,81,0
1975,6.5,1,1,1,64,4.0,0,0,55,71,0
163,6.7,1,1,0,75,4.2,0,0,56,64,0
4999,7.5,1,2,0,83,4.2,0,1,60,71,0
1244,8.4,0,2,1,82,4.7,1,1,57,75,0
9451,8.6,2,3,2,90,4.8,1,1,80,82,1
7765,7.7,2,3,3,84,4.2,1,1,72,79,0
4714,8.4,0,3,0,87,4.6,1,1,57,71,1
876,7.7,1,1,1,71,4.3,1,0,57,71,0
1432,6.9,1,3,1,72,4.7,1,1,75,74,1
8739,7.3,1,1,0,77,4.0,0,1,55,59,0
6869,8.7,1,3,2,85,4.8,1,1,80,80,1
4644,7.8,2,3,1,85,4.8,1,1,79,83,1
5081,8.0,2,3,2,90,4.7,1,1,77,70,0
5784,7.4,1,2,0,71,3.7,0,1,55,62,0
9139,8.6,2,3,2,88,4.8,1,1,76,85,1
7617,7.6,0,2,0,75,3.6,0,0,56,70,0
8040,8.2,2,3,2,86,4.8,1,1,77,83,1
7956,8.6,1,2,2,77,4.3,0,0,55,59,1
9438,7.9,1,2,2,71,4.3,1,1,77,85,0
2857,8.0,2,3,2,90,4.8,1,1,82,83,1
1862,7.4,1,1,1,69,4.2,0,1,59,65,0
2660,7.5,1,3,2,78,4.6,1,1,74,84,1
3385,8.6,0,1,0,77,4.1,0,1,60,71,0
9565,8.5,1,3,2,90,4.4,1,1,72,83,0
9777,8.0,1,3,0,90,4.8,1,0,77,84,1
8091,8.7,1,1,2,82,4.2,1,1,74,87,0
8348,8.4,2,3,1,86,4.7,1,1,90,80,1
7463,7.5,0,1,2,72,4.4,0,1,55,69,0
6887,7.5,0,2,0,86,4.2,1,1,74,66,1
4734,8.6,1,3,0,74,4.4,1,1,86,81,1
3332,8.1,1,1,0,77,4.8,1,0,57,63,1
9007,7.5,1,3,2,78,4.8,0,1,68,69,0
8636,7.3,0,1,0,75,4.7,1,1,67,72,1
6405,6.5,0,2,1,87,4.8,1,1,74,88,1
8347,7.6,0,1,1,62,4.1,0,0,55,68,0
9465,8.2,1,3,0,90,4.1,0,1,76,74,1
7061,7.3,2,2,1,76,3.8,0,1,55,72,1
2097,8.2,2,2,2,82,4.7,1,0,75,68,1
2004,7.3,1,2,2,75,4.6,1,1,77,74,1
8805,8.2,1,3,2,90,4.8,0,1,71,83,1
9733,8.4,1,3,1,80,4.6,1,1,74,81,1
4677,7.6,1,1,0,71,3.9,1,1,55,78,1
5018,7.6,1,1,0,75,4.0,0,0,55,57,0
7470,7.8,1,1,0,86,4.6,0,1,59,69,0
547,6.5,1,1,1,74,4.0,0,0,56,73,0
1450,7.3,1,2,3,90,4.4,0,1,64,83,1
3987,7.5,1,1,1,71,4.3,0,1,55,72,0
6901,8.8,2,3,2,88,4.7,1,1,78,88,1
2611,7.6,0,1,1,65,4.2,1,1,58,65,0
1901,8.4,1,1,0,87,4.8,1,1,71,82,0
3921,7.8,1,2,0,70,4.8,1,1,74,67,0
2758,8.6,1,3,3,78,4.7,1,1,76,87,1
6125,8.2,2,3,2,90,4.8,1,1,86,83,1
6398,8.6,2,3,2,76,4.8,1,1,68,80,0
1886,7.7,1,2,0,85,3.7,0,1,56,72,0
9824,7.4,1,1,0,73,4.1,0,1,55,67,0
5739,7.7,0,3,0,84,4.3,1,1,81,67,1
8668,6.7,0,1,1,75,3.2,0,0,55,71,0
5891,6.9,0,1,0,72,4.4,0,0,55,57,0
2098,6.9,2,3,0,80,4.4,1,1,74,67,0
9290,7.4,1,1,0,87,3.7,0,1,80,76,0
5693,8.7,2,3,2,90,4.7,1,1,77,88,1
500,7.5,1,1,1,79,3.6,0,1,63,65,0
5625,7.8,2,3,2,82,4.6,0,1,86,81,1
837,6.5,0,1,1,63,3.7,0,0,58,66,0
3472,6.7,0,3,2,88,4.7,1,1,82,82,1
4698,8.2,1,2,0,87,4.2,1,1,81,80,0
6281,7.7,1,2,0,75,4.5,0,1,67,67,0
8884,7.7,1,2,0,76,4.1,1,1,60,72,0
2172,7.1,2,1,0,72,4.3,0,1,56,63,0
9232,8.0,1,3,1,82,4.4,1,1,73,85,0
5679,8.6,2,3,1,90,4.8,1,1,75,83,1
9185,7.4,1,1,1,86,4.2,0,1,56,68,0
399,7.4,1,1,1,87,4.6,0,1,68,65,0
2011,7.2,0,1,1,73,3.4,0,1,73,70,0
5167,7.9,1,3,2,90,3.6,1,1,70,83,1
5872,8.1,0,2,2,68,4.8,0,1,72,72,0
9793,8.0,1,3,2,72,4.4,1,1,77,87,1
1284,8.5,2,3,2,90,4.1,1,1,74,81,1
8391,6.8,1,3,2,78,4.5,1,1,76,85,0
2449,6.7,1,1,0,63,4.6,0,0,67,66,0
4257,8.2,1,3,2,87,4.6,1,1,77,88,1
1837,7.9,1,1,0,76,4.2,1,1,70,60,0
9597,8.3,2,1,2,82,4.2,1,1,80,81,1
1020,8.3,0,3,2,78,4.3,1,0,77,87,0
5067,6.8,0,1,1,64,3.8,0,0,55,71,0
1327,6.6,1,1,0,70,3.3,0,1,60,68,0
8753,8.6,1,2,1,78,4.3,1,1,70,67,1
476,7.5,1,1,0,67,4.6,0,0,86,62,0
2811,6.5,1,2,1,89,4.6,0,1,75,73,0
8633,7.8,0,2,1,62,3.6,0,0,55,66,0
1652,7.4,0,3,0,83,3.5,0,1,68,84,1
9612,6.5,2,2,1,88,3.9,0,1,68,73,0
1170,7.5,0,1,0,74,4.1,0,0,55,68,0
2529,6.8,1,2,2,76,3.7,1,1,55,63,0
1207,7.5,1,1,1,66,3.7,0,1,69,70,0
6257,8.4,1,3,2,83,4.8,1,1,71,81,0
7927,6.7,1,1,1,72,4.2,0,1,55,63,0
5470,8.5,2,3,2,90,4.8,1,1,85,87,1
9384,6.9,0,1,1,74,4.8,0,1,66,62,0
432,8.1,2,3,2,90,4.5,1,1,78,81,1
7701,8.2,1,2,0,88,4.3,0,0,76,81,1
868,8.2,2,3,1,70,3.8,0,0,73,65,0
2975,6.5,0,2,1,80,3.9,0,0,55,65,0
5237,8.4,1,1,2,80,4.8,0,0,71,65,1
5094,8.3,2,3,1,88,3.8,1,1,58,87,1
5434,8.0,2,3,0,89,4.5,1,1,76,84,1
542,7.4,2,3,2,84,4.8,1,1,82,80,0
5196,7.8,1,2,0,84,4.5,0,0,55,62,0
1133,6.5,1,2,0,84,4.2,0,0,79,65,0
9838,8.7,2,1,1,63,4.0,1,1,60,65,0
4502,7.2,1,2,2,76,3.6,0,0,60,75,0
6355,7.3,1,1,0,74,3.7,0,0,62,65,0
9334,7.9,0,2,0,75,4.3,0,0,79,63,0
3391,6.7,1,1,0,75,4.1,1,1,70,68,0
3889,8.7,2,3,2,90,4.8,1,1,80,83,1
2963,6.5,0,2,1,72,3.9,0,1,59,60,0
4156,7.3,1,1,0,65,4.6,1,1,62,74,0
3260,6.5,1,1,0,75,3.5,0,0,55,67,0
6303,8.4,0,3,2,80,4.8,1,1,86,85,1
6035,8.2,2,3,2,90,4.8,1,1,81,81,1
7919,6.8,1,1,0,79,4.3,0,1,56,70,1
9937,8.2,1,3,2,85,4.6,1,1,71,83,1
2584,8.7,2,3,2,90,4.8,1,1,81,80,1
2814,7.2,1,1,1,67,4.3,0,0,74,72,0
3960,6.5,1,1,1,68,4.1,0,1,78,68,0
2948,8.5,1,3,2,90,4.8,1,1,87,85,1
6644,8.3,2,1,0,81,4.3,1,1,86,70,0
5175,7.6,2,2,0,84,4.1,0,1,55,75,0
6842,8.2,2,3,2,90,4.8,1,1,80,87,1
8299,8.4,0,1,0,78,4.5,0,1,55,66,0
3587,7.5,1,2,1,73,4.2,1,1,76,71,0
9229,8.5,2,3,2,90,4.8,1,1,71,87,1
7989,8.7,2,2,2,90,4.8,1,1,74,84,1
2564,7.6,1,1,2,73,4.2,1,0,64,76,0
2631,7.6,1,3,0,80,4.7,0,0,77,70,0
3191,8.3,1,2,0,69,4.4,0,1,55,63,0
7779,8.4,1,1,1,74,3.8,1,0,69,76,0
7646,8.0,1,2,2,90,4.7,1,1,77,88,0
5037,8.4,2,3,2,90,4.8,1,1,76,86,1
1081,8.8,1,1,2,87,4.4,1,1,78,81,1
4284,8.4,2,3,2,90,4.4,1,1,83,81,1
9712,8.1,2,3,1,82,4.2,0,0,74,62,0
7086,7.6,1,2,0,77,4.0,0,1,66,73,0
2086,7.9,0,3,2,89,4.5,0,0,63,59,1
6346,8.1,1,3,0,61,3.9,0,1,61,68,0
2453,7.6,0,1,1,75,3.6,0,1,59,62,0
4967,8.3,2,3,2,90,4.7,1,1,85,82,1
2024,8.3,2,3,0,90,4.8,1,1,68,83,1
8072,7.4,0,1,0,65,4.2,0,0,55,70,0
8988,8.6,0,2,2,83,3.9,1,1,70,85,0
8719,8.3,1,1,1,73,4.1,0,0,78,83,0
7322,8.3,1,3,2,82,4.3,1,1,61,66,0
227,8.0,2,2,2,87,3.8,1,1,79,78,1
1014,8.7,2,3,2,90,4.8,1,1,76,85,1
6680,8.5,2,3,2,85,4.8,1,1,73,83,1
1930,8.3,2,3,2,90,4.8,1,1,83,87,1
1044,6.5,0,1,0,75,4.5,0,0,58,84,0
5252,6.9,1,1,1,67,3.9,0,1,62,66,0
1405,7.6,1,1,0,84,4.1,0,0,55,86,0
2180,6.5,1,1,1,61,3.1,0,0,68,74,0
698,7.7,1,2,1,74,4.1,0,1,67,64,0
1125,8.5,0,3,3,87,4.7,1,1,73,85,0
7379,8.5,1,3,2,86,4.5,1,1,89,77,1
3896,7.5,0,3,1,73,4.0,0,0,56,66,0
8218,8.3,2,1,1,71,3.9,0,1,58,66,0
5111,8.1,1,3,2,90,4.8,1,1,79,84,1
1779,7.6,0,1,0,75,4.0,0,0,67,68,0
7787,6.7,1,1,1,81,4.1,0,0,64,72,0
2635,7.9,1,2,1,86,4.6,1,1,82,62,1
7188,8.4,2,2,3,82,4.3,1,0,75,83,0
7545,8.1,2,3,2,85,4.8,1,1,83,84,1
7605,8.0,0,3,2,90,4.8,1,1,84,82,1
3490,6.7,1,1,0,81,4.1,0,0,55,64,0
8260,8.0,2,3,2,86,3.8,1,1,87,86,1
1038,8.4,1,3,2,89,4.2,1,1,76,83,1
6094,8.1,1,2,2,77,3.3,1,1,73,71,0
2257,8.2,1,3,2,79,4.1,1,1,78,65,1
8189,7.6,1,1,1,74,3.9,1,0,55,65,0
2614,8.4,2,3,2,90,4.5,1,1,84,85,0
314,8.2,1,3,2,90,4.3,0,1,77,82,1
2650,7.9,2,1,3,70,4.0,1,1,67,81,1
2282,6.6,1,1,0,68,3.9,1,1,55,67,1
6742,8.4,0,3,2,90,4.8,1,1,81,86,1
2980,8.2,2,3,2,90,4.8,1,1,79,84,1
2548,8.7,1,3,0,87,4.8,1,1,65,82,0
5513,8.7,0,2,2,84,4.5,1,1,83,84,0
5133,6.6,0,1,1,68,4.1,0,1,55,66,0
2160,7.4,1,1,1,68,4.5,0,0,69,68,0
7081,7.8,1,3,0,76,4.7,1,1,57,82,1
3138,7.6,0,3,0,82,4.4,1,0,84,80,0
9080,8.3,2,3,2,90,4.8,1,1,82,85,1
5851,7.9,1,2,1,64,4.2,0,1,60,58,0
9866,6.5,0,1,1,76,4.2,0,1,57,68,0
6446,6.5,1,3,0,80,4.3,1,1,82,68,0
3968,6.5,1,1,1,84,4.6,0,0,85,73,0
1429,7.4,1,2,1,72,4.4,0,1,55,70,0
8423,8.3,0,1,0,90,4.1,0,0,63,66,0
2521,7.6,1,1,0,69,3.9,0,0,59,64,0
7838,6.5,1,1,0,78,4.4,0,0,64,68,0
4970,7.9,1,3,2,89,4.8,1,1,78,84,1
1856,7.4,1,2,0,70,4.5,1,1,70,64,1
8885,7.7,1,1,1,86,4.3,0,1,60,63,0
5603,8.4,1,3,2,90,4.8,1,1,69,87,1
9345,6.6,1,2,0,79,3.9,0,1,60,69,0
9869,7.6,1,2,0,90,4.8,1,1,55,81,0
449,6.5,1,1,0,80,4.3,1,1,75,68,0
7704,6.8,1,1,0,74,4.0,1,0,62,83,0
1285,8.6,0,3,2,89,4.3,1,1,83,68,1
5996,7.9,1,3,2,90,4.8,1,1,76,70,1
7900,7.9,1,3,0,71,3.9,1,1,55,72,0
3728,8.2,0,1,1,89,4.7,1,1,81,74,0
7354,8.0,1,3,1,75,4.2,1,1,76,84,0
362,7.5,1,1,1,65,4.4,0,1,55,60,0
6280,7.6,1,3,0,90,4.8,1,1,84,86,1
5231,7.7,1,1,1,84,4.2,1,1,55,84,0
8943,7.0,1,1,0,74,4.3,0,1,66,71,0
7296,7.7,0,1,1,67,4.4,0,0,55,61,0
8892,8.3,2,3,0,90,4.7,1,1,73,77,1
7535,7.6,1,3,2,79,3.8,1,1,75,88,1
6252,8.2,0,3,2,87,4.8,1,0,75,88,1
5927,8.6,1,2,2,83,4.0,1,1,65,72,0
5150,8.4,1,3,1,86,4.5,1,1,75,82,0
2461,8.4,2,2,0,83,4.8,1,0,71,66,1
23,7.7,0,1,0,77,3.4,0,1,55,72,1
2067,7.5,0,2,1,81,4.1,1,0,56,66,0
1654,8.2,1,2,1,81,4.3,1,1,82,86,1
703,6.9,0,1,0,67,3.9,1,0,67,65,0
8491,6.5,1,1,0,65,3.6,0,0,55,76,0
2744,8.3,2,3,2,90,4.8,1,1,80,88,1
1377,6.8,1,2,0,75,4.3,0,1,55,67,0
1725,8.2,1,3,2,82,4.5,1,1,83,81,1
2469,7.9,2,3,3,78,4.5,1,1,71,87,1
3755,8.4,2,3,2,90,4.7,1,1,88,80,1
2326,7.4,2,3,1,79,4.4,0,1,75,73,0
461,7.7,1,1,0,80,4.8,1,1,55,61,0
5164,7.9,1,2,0,82,4.7,1,1,79,80,0
4184,8.0,1,1,2,76,3.4,1,1,61,66,0
5527,8.4,1,3,0,82,4.3,1,1,74,68,1
4083,7.5,1,1,0,60,3.3,0,1,55,72,0
1487,8.5,1,3,2,90,4.8,1,1,76,85,1
3679,7.9,2,3,0,81,3.6,1,0,89,86,1
283,8.2,1,1,2,86,4.4,0,0,76,82,0
6580,7.8,1,2,1,74,4.3,0,0,55,68,0
4559,6.5,1,1,0,65,4.3,0,0,61,70,0
4309,8.2,1,2,0,79,4.8,0,1,56,66,0
6685,8.4,1,3,2,86,4.4,1,0,79,76,0
4866,7.5,1,1,1,63,3.5,0,0,55,64,0
3538,8.4,1,1,0,74,4.3,1,1,72,88,0
3869,6.7,1,2,0,74,4.1,0,0,61,64,0
7004,8.8,2,3,2,90,4.8,1,1,71,84,1
2582,7.9,1,3,0,78,4.2,0,1,55,74,1
1369,7.9,2,3,2,75,3.9,1,1,75,68,1
9470,8.3,2,3,2,90,4.8,1,1,90,86,1
8198,8.6,2,3,2,87,4.7,1,1,86,84,1
598,7.4,2,1,1,81,4.0,1,0,76,66,1
4352,8.3,1,3,0,82,4.1,0,1,76,70,0
6347,6.8,1,2,0,82,4.4,1,1,77,62,1
8977,8.3,2,3,2,90,4.8,1,1,81,88,1
6380,7.6,0,2,0,74,4.0,1,1,62,63,1
4759,8.2,2,3,1,90,4.8,1,1,84,78,1
647,7.9,2,3,2,90,4.6,1,1,82,87,1
6382,7.4,1,2,0,84,4.1,0,1,55,64,0
7528,6.6,2,1,0,67,3.9,0,0,55,74,0
9698,8.0,2,3,3,86,4.8,1,1,77,82,1
6024,7.8,1,3,0,89,4.6,1,1,77,88,1
7955,8.2,1,1,2,71,4.2,1,1,77,83,0
7166,7.4,1,1,0,87,3.2,0,0,61,72,0
3469,7.4,1,1,1,67,3.3,0,0,55,63,0
7798,7.5,1,1,0,76,4.7,0,0,55,64,0
7698,6.6,0,1,1,71,3.4,0,0,56,70,0
2991,8.3,2,3,2,86,4.8,1,1,78,86,1
9408,7.7,0,1,0,69,4.1,0,0,63,65,0
4876,7.9,1,2,0,78,4.5,1,1,75,81,1
2545,8.2,0,1,1,85,4.7,1,0,81,66,0
8596,7.5,0,1,1,83,4.0,0,1,56,67,0
5342,7.7,1,1,1,73,3.7,0,1,58,64,0
1568,8.1,1,1,0,80,4.5,0,0,79,72,0
9995,7.8,2,2,2,80,4.8,1,1,79,69,0
4067,6.5,0,1,0,67,3.7,0,0,64,66,0
3989,6.5,1,1,1,82,4.1,0,0,65,65,0
7032,7.8,1,1,1,90,3.9,0,1,81,67,1
2161,8.4,0,3,2,90,4.8,1,1,88,83,1
686,8.7,0,1,2,82,4.5,1,1,73,86,1
7603,7.4,1,1,0,86,4.5,1,1,69,86,0
7785,8.4,0,3,1,86,4.0,1,1,85,67,0
3244,7.5,0,1,1,67,3.6,1,0,55,60,0
5845,7.8,1,3,2,87,4.8,1,1,67,88,1
9220,8.3,1,3,2,82,4.7,0,0,59,63,1
2462,7.6,1,1,0,70,4.1,0,0,61,63,0
4084,8.1,1,3,0,90,4.4,1,1,89,80,1
2838,7.3,1,1,0,70,3.9,0,0,61,64,0
3698,8.2,0,1,0,81,4.4,1,0,63,77,1
7129,6.6,1,1,0,77,4.2,0,0,64,59,0
6268,7.6,1,1,1,85,4.3,0,1,77,70,0
4942,8.3,0,3,2,90,4.8,1,0,90,84,1
5947,7.8,0,1,1,84,4.3,1,0,67,80,0
4584,8.0,0,1,0,81,4.5,0,0,75,82,0
5785,8.2,1,2,1,77,3.7,1,1,75,83,1
4041,7.9,1,2,1,86,4.2,0,1,60,63,0
2231,8.0,1,3,0,83,4.8,0,1,75,83,0
7570,8.7,2,3,2,76,4.3,1,1,82,83,1
936,6.5,0,1,0,75,4.1,0,1,83,67,0
2321,7.6,1,2,0,79,4.1,0,1,71,62,0
4879,7.6,1,2,0,84,3.6,0,1,75,60,1
522,7.5,1,3,0,86,4.2,1,1,81,71,0
523,8.2,1,1,2,83,4.4,1,1,64,80,1
5346,6.5,1,1,0,79,4.0,0,0,55,70,0
9877,7.4,2,3,0,80,4.5,1,1,77,87,1
3360,8.5,1,3,1,82,4.7,1,1,76,88,1
1312,8.6,2,3,2,89,4.8,1,1,73,87,1
3984,7.5,1,2,2,83,3.1,0,0,58,74,0
6495,7.6,1,2,2,73,4.7,1,1,61,75,0
9561,8.4,2,3,2,90,4.1,1,1,78,83,1
1717,8.0,0,3,2,83,4.7,1,1,78,85,1
781,8.4,0,1,0,90,4.6,1,1,84,78,1
8799,7.4,2,3,2,89,4.8,1,0,88,82,0
8232,6.6,0,1,3,84,3.7,0,0,75,67,0
5608,8.4,1,3,0,89,4.8,1,1,79,84,1
5979,8.3,2,3,2,90,4.8,1,1,85,82,1
652,6.5,1,1,1,71,4.2,0,0,58,71,0
3748,8.2,2,3,2,90,4.8,1,1,77,83,1
2197,8.0,1,2,2,74,4.1,0,1,70,84,1
8419,7.8,1,1,1,83,3.7,0,1,64,71,0
370,8.0,2,2,2,81,4.5,0,0,69,71,0
9885,6.7,1,1,0,76,3.8,1,1,60,67,0
8006,8.6,1,3,0,89,4.8,1,1,74,61,1
4215,6.5,2,3,2,80,4.1,1,1,76,86,1
378,7.4,1,2,0,77,4.1,1,1,55,77,0
9447,8.4,2,3,1,90,4.8,1,1,76,87,1
2217,8.2,1,2,0,68,4.2,0,0,57,64,0
8683,8.6,1,2,0,68,3.9,1,1,72,83,1
1614,7.5,1,1,0,70,3.5,0,1,75,66,0
6980,8.5,1,3,2,81,4.2,0,1,55,86,0
7550,8.0,2,1,0,90,4.7,1,1,83,85,1
1828,7.5,1,1,1,69,4.0,0,1,61,69,0
3633,8.5,2,3,1,68,4.0,1,1,73,70,0
963,6.6,0,1,1,67,4.5,0,0,65,71,0
2994,6.5,2,3,0,84,4.8,0,1,62,84,0
6607,8.5,2,3,3,76,4.7,0,1,66,85,1
9673,7.5,2,2,1,71,3.8,0,1,60,69,0
2377,8.2,2,3,2,90,4.8,1,1,76,85,1
8881,7.7,1,2,2,82,4.7,0,1,84,85,0
360,7.7,1,2,0,68,3.9,0,1,62,63,0
3840,7.8,1,2,1,81,4.1,1,1,61,78,1
8185,8.6,1,2,1,90,4.2,0,1,71,68,1
1247,8.4,2,2,2,79,4.7,1,1,76,80,1
7505,6.7,1,2,0,73,3.4,0,1,55,59,0
8350,7.9,0,1,0,79,4.4,1,0,55,85,0
6512,8.8,2,3,2,90,4.7,1,1,84,86,1
5088,8.6,1,3,0,90,4.8,1,1,86,80,1
3695,7.3,1,1,0,67,4.3,0,1,55,63,0
1574,8.2,2,3,2,90,4.8,1,0,69,73,1
6282,7.5,2,1,0,72,3.6,0,1,61,60,0
5440,6.5,1,2,1,64,3.7,0,1,55,69,0
2568,7.4,1,1,0,66,3.8,1,1,62,65,0
3424,6.7,1,1,0,76,4.6,1,0,79,65,1
2038,7.8,0,3,1,76,3.8,0,1,55,69,0
9244,7.2,1,2,0,82,3.6,1,1,71,74,1
773,7.3,1,2,2,73,4.7,1,1,75,72,0
5381,8.4,1,3,2,90,4.8,1,1,83,84,1
9569,7.6,1,1,0,81,4.2,1,1,81,81,0
3563,7.2,0,1,0,66,3.3,0,0,55,67,0
563,7.4,1,3,2,88,4.8,1,1,82,85,1
6684,8.2,1,3,0,83,4.4,1,1,80,87,1
2547,6.9,1,2,1,60,4.8,1,1,69,69,0
5511,6.7,1,1,0,75,3.1,1,1,55,67,0
5331,8.6,2,3,2,90,4.7,1,1,84,87,1
9668,7.6,2,2,0,86,4.6,1,1,70,83,0
4532,6.6,1,1,0,77,3.9,0,0,55,70,0
1675,6.6,1,2,1,70,4.6,1,1,76,84,0
7396,7.1,1,3,1,77,4.2,1,1,62,60,0
366,8.2,1,1,1,79,4.6,0,1,55,61,0
8017,7.8,1,2,0,84,3.0,1,1,62,70,0
9377,7.6,1,1,0,72,3.8,0,0,72,67,0
4328,7.6,1,1,1,62,3.4,0,0,60,62,0
9984,6.6,2,1,0,60,4.1,1,0,61,66,0
148,7.9,1,3,1,80,4.2,1,1,56,82,1
1669,8.3,1,3,0,86,4.4,1,1,75,79,1
3089,7.7,1,1,2,69,4.7,0,1,72,63,0
8845,7.4,1,2,1,77,3.9,0,1,55,64,0
7651,6.5,0,1,0,66,4.0,0,1,66,72,0
408,8.3,2,1,0,81,4.1,1,1,76,83,0
9585,8.7,2,3,2,79,4.4,1,1,76,83,1
7789,6.5,0,1,3,76,4.4,1,0,64,70,0
3457,7.3,0,1,0,60,3.2,0,0,55,62,0
6187,8.3,1,2,1,72,4.7,0,1,55,71,0
4183,8.2,1,3,2,90,4.7,1,1,83,80,1
3577,8.1,1,3,0,77,4.3,0,1,71,69,0
3272,7.4,1,1,0,75,4.3,0,0,60,64,0
4941,7.6,1,3,0,75,4.2,1,0,76,76,1
1032,7.9,1,1,0,81,4.6,1,0,61,68,1
8873,8.3,2,3,3,88,4.8,1,1,84,87,1
6231,7.6,1,1,1,65,3.5,0,0,55,58,0
6593,7.6,0,3,1,86,4.7,1,0,78,81,1
8907,7.5,1,2,1,79,4.5,0,1,64,68,0
9812,8.2,2,3,0,77,3.5,1,1,75,80,0
6725,7.8,2,2,0,73,4.2,0,1,55,69,0
8030,7.5,0,1,0,71,4.1,0,1,73,66,0
8053,6.6,0,1,0,74,3.9,0,1,63,63,0
856,7.6,0,1,1,85,4.1,0,1,56,68,1
3927,6.5,1,2,1,77,4.2,0,0,62,71,0
8548,7.4,0,2,2,80,4.8,0,1,61,88,1
79,8.2,1,3,0,83,4.8,1,1,71,84,1
7089,7.6,1,1,0,81,4.2,1,0,55,82,0
2248,7.8,1,3,0,87,4.1,1,1,66,63,0
8264,8.1,2,3,2,90,3.8,1,1,90,77,1
4027,7.7,0,2,3,77,4.8,1,1,67,80,0
9950,6.9,1,1,0,71,3.8,0,1,55,70,0
9572,8.0,0,1,1,76,3.6,0,0,55,65,0
9296,8.3,1,2,2,87,4.7,1,1,78,66,0
715,8.7,1,3,2,90,4.8,1,1,70,88,1
7452,7.4,1,1,1,69,4.2,1,0,60,69,0
789,6.5,1,1,1,78,4.0,0,0,65,65,0
2280,8.0,2,3,2,87,4.5,1,1,71,85,1
4096,8.5,2,3,2,82,4.7,1,1,75,88,1
3898,8.0,1,2,0,83,4.6,1,1,60,83,0
7945,8.1,2,3,2,90,4.8,1,1,84,87,1
7178,6.8,1,1,1,80,3.5,0,1,64,70,0
9077,7.0,1,2,0,73,4.5,0,1,55,80,0
9453,7.4,0,1,3,66,3.3,0,1,63,71,0
3632,7.6,1,1,1,70,4.7,0,1,55,69,0
8625,7.8,0,3,0,89,4.8,1,1,83,79,1
7298,8.1,2,3,2,90,4.7,1,1,78,82,1
6273,8.5,2,3,2,90,4.8,1,1,77,88,1
425,7.9,0,1,0,85,4.5,1,0,76,81,0
393,8.9,0,3,0,89,4.8,1,0,77,78,1
3192,8.5,1,3,2,90,4.8,1,1,80,85,1
17,8.6,0,3,0,84,4.8,1,1,62,78,1
6336,7.0,1,1,1,73,4.3,1,1,62,57,0
4201,8.1,2,3,0,90,4.7,1,1,79,82,1
2673,6.7,1,2,0,90,4.7,1,1,55,82,1
2445,6.5,1,1,2,68,3.5,0,0,76,61,0
6698,7.6,1,1,0,77,4.1,0,1,57,67,1
6165,7.5,1,2,0,74,4.2,0,0,55,63,0
2602,8.2,0,2,2,90,4.8,1,1,77,83,1
3494,7.5,1,2,1,82,4.7,0,1,55,72,0
6045,7.5,2,1,1,90,4.1,1,1,71,67,0
1460,8.7,2,3,2,90,4.8,1,1,88,87,1
3805,8.4,1,2,2,81,4.2,1,1,55,66,1
9846,8.0,2,3,2,90,4.8,1,1,81,88,1
7395,8.3,1,2,0,80,3.6,0,1,72,63,0
4840,7.9,1,3,1,90,4.8,1,1,76,81,1
8112,8.3,2,3,2,90,4.8,1,1,87,81,1
3836,7.8,2,3,2,87,4.8,1,0,82,78,1
9314,8.5,2,3,2,90,4.7,1,1,77,86,1
5684,8.4,1,3,2,76,4.5,1,1,82,83,1
8749,6.5,1,2,2,76,4.8,0,1,81,85,0
5828,7.5,1,1,1,78,4.2,0,0,76,69,0
9749,7.4,1,1,0,65,3.7,0,0,65,66,0
4725,8.3,2,3,2,90,4.4,1,1,84,86,1
8760,6.5,1,1,0,67,4.3,0,1,72,67,0
5888,8.1,2,3,2,88,4.7,1,1,80,87,1
2356,8.2,2,1,2,77,4.8,1,1,60,79,0
6037,7.4,1,3,0,88,4.1,1,1,59,73,0
4799,7.6,1,2,2,80,4.5,0,1,77,71,1
2443,7.4,2,2,0,69,4.1,0,0,59,75,0
8646,7.5,1,2,0,76,4.0,0,1,59,62,1
4593,8.1,0,3,1,90,4.7,1,1,81,86,0
8773,7.5,2,2,1,74,4.4,0,1,82,62,0
465,7.4,0,1,0,78,4.6,0,0,56,69,0
164,6.9,0,1,0,73,4.1,0,1,55,69,1
9262,7.3,1,2,0,65,4.2,0,0,55,65,0
9434,6.5,0,1,0,84,4.1,0,1,60,62,0
8406,8.0,2,1,2,80,4.6,1,0,77,61,1
9778,8.6,1,3,2,85,4.8,1,1,77,72,1
9479,7.5,1,1,0,75,3.8,0,1,55,62,0
7381,8.5,0,3,2,90,4.6,0,1,74,72,1
6637,7.6,1,3,1,71,4.8,1,1,55,74,0
242,7.6,0,2,0,80,3.7,1,0,85,61,0
2010,8.1,2,3,2,90,3.7,1,1,78,77,1
6357,7.6,0,1,1,70,3.9,0,0,71,63,1
3085,7.7,1,1,1,68,4.2,0,1,74,74,0
6209,6.8,0,1,0,70,3.9,0,1,78,68,0
901,8.6,2,3,3,87,4.7,1,1,70,86,1
5543,8.7,1,2,0,74,4.8,0,0,74,83,0
6008,6.8,0,1,1,68,3.9,0,0,64,62,0
7639,7.6,0,1,1,71,4.3,0,0,59,66,0
6794,8.3,1,3,0,75,4.6,1,1,76,70,1
8870,8.6,2,1,0,70,4.2,0,1,56,64,0
7759,8.4,0,3,0,90,4.8,1,1,78,66,1
4838,8.8,2,3,3,79,4.4,1,1,67,82,1
2294,6.5,1,1,0,80,4.4,0,1,59,69,0
6549,7.1,0,2,2,89,4.2,1,1,61,76,1
7899,7.6,1,2,0,80,4.6,0,1,69,69,0
7978,6.7,0,1,1,80,3.7,1,1,75,70,0
4482,8.2,2,1,2,81,4.0,1,1,83,86,0
5303,8.2,2,1,0,82,4.6,1,1,74,82,1
4606,7.6,1,2,0,73,4.2,1,1,58,72,0
3717,8.7,1,1,2,80,3.6,0,1,58,73,1
9072,6.9,1,1,2,72,3.8,1,1,71,83,0
6141,6.9,0,2,0,69,3.4,0,0,66,72,0
1765,8.3,2,3,2,90,4.5,1,1,74,88,1
6599,7.9,1,1,0,81,4.2,0,1,72,69,0
1550,8.6,1,3,2,86,4.5,1,1,79,88,1
3030,7.6,1,3,0,75,4.0,0,1,55,73,0
8654,7.7,2,2,1,84,4.7,1,1,78,82,1
6299,8.4,2,1,1,87,4.2,1,1,76,78,0
6663,8.4,0,3,2,88,4.7,1,1,70,70,1
6627,8.4,1,2,2,72,4.0,1,1,75,79,1
2045,7.8,0,2,0,89,3.9,1,1,70,74,0
768,8.4,1,3,1,79,4.4,1,1,78,82,1
5694,9.0,2,3,2,90,4.8,1,1,73,86,1
7871,8.5,2,3,2,86,4.7,1,1,71,79,1
7796,8.5,2,3,2,90,4.8,1,1,83,85,1
1509,7.6,2,1,1,66,3.4,0,0,56,74,0
7231,8.0,2,2,3,82,4.0,1,1,59,82,1
7858,8.1,1,3,1,78,4.1,1,1,66,73,0
3303,6.5,1,1,1,76,4.6,1,1,60,73,0
4518,8.1,2,3,1,74,4.0,1,0,61,82,0
4220,7.1,1,1,1,69,3.3,0,0,65,61,0
9079,7.3,1,1,1,80,3.8,0,0,71,71,0
9941,8.6,1,1,1,78,4.3,1,1,69,84,0
3293,6.5,1,2,0,83,4.5,0,0,69,71,0
820,7.7,1,2,2,90,4.8,0,0,62,86,0
1404,7.4,1,2,1,74,3.7,0,1,55,65,0
1383,8.4,1,1,0,80,3.7,1,1,55,81,0
2149,8.2,1,3,0,77,4.5,1,1,75,88,1
6929,6.6,1,2,1,66,4.8,0,0,64,69,0
5672,7.7,1,1,1,79,3.7,0,1,59,63,0
1639,7.6,1,2,1,69,3.9,0,0,55,63,0
5892,8.4,2,3,2,90,4.8,1,1,77,87,1
7428,8.1,1,2,2,83,4.8,1,1,81,82,1
609,6.8,1,1,0,74,3.8,0,1,62,67,0
6908,7.6,1,1,1,66,3.6,1,1,62,65,0
400,6.9,0,1,0,90,4.5,1,1,81,80,1
7248,7.6,2,3,2,90,4.8,1,1,81,84,1
6407,8.1,1,2,3,85,4.6,1,1,55,63,0
883,8.7,1,3,2,88,4.8,1,1,83,86,1
3566,7.5,1,1,1,79,4.4,1,1,55,67,0
4286,7.5,0,2,1,87,4.1,1,1,68,68,0
1180,8.1,1,3,2,90,4.8,1,1,81,83,1
5449,7.8,1,1,0,77,4.0,1,1,83,66,1
4245,8.4,2,3,2,90,4.8,1,1,74,85,1
5219,8.5,2,2,1,83,4.3,1,0,55,80,0
3977,7.0,1,3,1,77,4.2,1,1,78,84,1
2131,8.1,0,2,0,70,4.8,1,1,78,86,1
5079,6.5,1,1,1,64,4.4,1,0,57,61,0
457,7.4,1,3,0,76,4.4,1,1,58,71,0
5583,8.8,1,2,2,77,4.3,1,1,74,79,1
5176,7.4,1,1,0,77,4.1,0,1,55,68,0
1951,7.5,1,1,0,77,4.2,1,1,82,74,0
5373,7.3,1,1,2,75,3.8,1,1,55,69,0
690,6.5,2,3,2,74,4.2,0,0,90,67,0
8853,8.2,2,3,2,90,4.8,1,1,71,80,1
6526,6.7,0,3,1,88,4.1,1,0,60,84,0
9822,8.6,2,3,3,89,4.7,0,1,68,86,1
6489,6.8,0,2,0,80,4.3,1,0,55,64,1
6922,8.0,0,3,1,73,4.8,1,1,57,64,0
1954,8.5,2,3,2,90,4.8,1,1,81,85,1
7635,8.1,1,2,0,90,4.5,0,0,70,61,0
5637,7.4,1,1,0,77,4.0,0,0,71,67,0
7155,8.0,1,3,2,90,4.5,1,1,87,70,1
8425,8.3,1,2,0,78,4.6,1,1,75,82,1
6611,7.7,0,3,2,87,4.8,1,1,80,86,1
2711,6.6,1,1,1,71,4.0,0,1,55,63,0
8731,6.6,1,2,1,67,4.1,1,1,73,69,0
3202,8.2,2,3,2,81,4.5,1,1,74,88,1
4350,8.3,1,3,2,77,4.5,1,1,79,74,1
4139,6.7,1,2,2,75,4.2,0,0,78,66,0
1885,8.2,2,3,2,90,4.8,1,0,85,78,1
8640,7.4,0,2,1,71,4.7,0,1,79,67,0
4486,8.7,1,3,0,90,4.2,1,1,71,68,1
2495,7.9,1,3,2,90,4.6,1,1,81,88,1
5948,8.7,0,1,2,78,4.7,1,1,67,86,0
3037,7.3,1,1,1,66,4.4,0,0,60,64,0
5778,8.0,1,1,1,77,4.7,0,1,55,71,0
3604,6.9,2,1,2,90,4.8,1,1,82,85,1
846,8.0,1,1,2,85,4.5,1,1,63,69,1
543,7.8,1,1,1,66,3.4,0,0,55,69,1
3725,7.9,1,3,2,82,4.7,1,1,83,82,1
4188,7.9,2,2,2,90,4.8,1,1,72,77,1
3680,7.9,0,1,0,79,4.5,0,0,62,69,1
8900,7.7,1,1,0,77,3.7,0,0,55,64,0
7968,8.7,1,3,2,90,4.7,1,1,79,80,1
8486,7.8,1,3,1,82,4.8,1,1,76,83,1
6076,7.8,2,2,2,65,4.3,1,1,57,72,0
7341,6.6,0,1,2,81,4.3,0,1,67,72,0
8226,7.8,1,1,0,61,3.4,0,0,63,63,0
7247,6.5,0,1,0,64,3.9,0,1,62,66,0
9711,7.3,1,1,0,77,4.0,0,0,63,66,0
8291,7.5,1,1,0,77,4.1,0,1,58,70,0
7138,6.6,0,1,2,81,4.0,0,1,64,71,0
2965,7.8,1,3,1,90,4.4,1,1,85,82,1
7560,7.6,1,2,0,74,4.1,0,1,67,69,0
2530,8.3,0,3,0,90,4.8,1,1,74,85,1
7285,7.8,1,1,1,76,4.8,0,0,59,70,0
5773,6.5,0,2,0,74,3.5,0,0,61,61,0
1049,7.7,1,1,1,71,4.2,0,1,55,72,0
7046,7.9,2,3,2,90,4.8,1,1,70,86,1
1961,8.3,2,3,0,77,4.1,1,1,84,64,0
2531,8.5,2,3,2,87,4.4,1,1,77,71,1
9049,7.8,0,1,2,74,4.3,0,1,59,84,0
7604,6.7,1,3,1,86,4.8,1,1,75,80,1
6525,7.9,1,2,0,75,3.9,0,1,62,73,0
238,7.6,1,1,0,72,4.6,1,1,68,84,0
4918,7.4,0,2,1,76,4.0,0,1,69,73,0
6480,7.5,0,3,0,88,4.4,1,1,67,86,0
1134,7.7,1,2,0,85,4.3,0,1,69,74,0
6977,8.5,2,3,2,90,4.7,1,1,90,86,1
5902,6.9,0,3,0,89,4.4,1,1,76,83,1
9058,7.5,1,2,1,71,4.1,0,1,58,65,0
4260,8.0,2,3,2,84,4.7,1,1,70,85,1
8841,6.5,0,1,1,81,4.1,0,0,71,69,0
6966,6.5,1,1,1,60,3.8,0,1,81,65,0
9980,8.3,2,3,2,90,4.7,1,1,79,73,1
793,6.5,1,1,0,76,3.9,0,1,57,76,0
1986,8.0,1,1,2,75,3.6,1,1,55,64,0
5657,7.5,1,3,0,77,4.0,1,1,55,65,0
8740,7.9,2,3,2,90,4.8,1,1,82,88,1
7936,7.7,1,1,1,65,3.5,0,0,60,69,0
6098,7.0,1,1,1,69,4.6,0,1,55,70,0
5908,7.4,1,1,0,75,3.9,0,0,58,60,0
7374,8.4,1,2,0,90,4.8,1,1,78,86,1
8129,7.4,1,3,0,80,4.6,0,1,71,72,0
2979,8.1,0,2,0,75,4.3,1,1,60,72,0
8862,8.0,2,3,2,89,4.6,1,1,80,87,1
9302,6.5,1,2,0,69,3.4,0,1,55,67,1
6722,7.4,2,1,2,75,4.4,1,0,64,66,0
7843,7.9,2,3,2,76,4.5,1,0,87,82,1
5525,7.6,1,3,1,73,4.3,1,1,77,72,0
8722,7.5,0,1,1,82,3.8,0,1,62,70,0
8432,7.5,1,1,0,88,4.6,0,0,55,60,0
9009,6.5,1,3,1,75,4.5,0,0,60,64,0
8604,8.0,2,3,0,90,4.8,1,1,80,69,1
7175,7.5,2,3,3,86,4.1,1,1,69,86,0
3920,8.2,1,3,2,82,4.3,1,1,69,81,0
3139,8.3,1,2,0,78,4.5,0,1,63,60,0
9417,8.3,2,3,2,80,4.3,1,1,82,87,1
9934,7.6,1,2,0,65,3.3,0,1,58,64,0
5790,7.5,2,2,2,90,4.3,1,1,85,83,1
4074,7.7,1,3,0,75,4.5,1,1,64,61,0
3288,7.5,1,1,1,68,3.8,0,0,56,63,0
3230,8.3,2,1,1,79,4.2,1,0,78,74,0
1827,6.7,1,1,0,73,4.5,0,1,60,79,1
5549,8.6,1,1,0,65,3.7,1,0,69,62,0
594,8.0,1,3,0,87,4.3,1,1,79,67,0
2726,8.4,1,2,0,78,4.2,1,1,69,70,0
4138,7.5,0,1,2,78,4.5,1,1,76,67,0
561,7.9,2,1,1,78,4.1,1,1,58,76,0
7407,6.7,1,1,2,74,4.3,1,0,62,72,1
8807,7.4,1,1,0,74,4.5,0,0,64,71,1
8387,7.7,1,1,0,72,4.5,0,1,72,63,1
244,8.1,1,2,1,78,3.5,0,1,71,70,0
7269,7.6,0,1,0,72,3.6,0,0,55,61,0
5436,7.6,0,1,1,61,3.4,0,1,55,72,0
4438,8.1,0,1,1,70,3.7,0,1,57,69,0
9685,6.5,0,1,0,80,3.6,0,0,88,66,0
8107,7.6,1,1,1,76,3.8,0,1,68,83,1
406,7.3,1,1,1,77,4.7,1,1,57,75,0
1443,7.3,2,3,2,90,4.6,1,1,80,87,1
262,6.6,0,1,2,72,4.2,0,1,86,88,1
4407,6.5,1,2,0,80,3.8,0,1,55,60,0
7634,7.6,0,2,0,70,3.8,0,1,63,69,0
9534,8.4,2,3,2,86,4.2,1,1,81,68,1
1690,6.5,0,1,1,89,4.2,0,0,55,76,1
9867,8.4,1,1,0,72,3.5,0,0,57,64,0
1726,8.1,1,3,2,90,4.8,1,1,73,83,1
8995,7.9,1,1,0,73,4.0,0,1,62,64,0
4931,8.6,2,3,2,90,4.8,1,1,76,88,1
5963,7.4,1,2,1,68,3.5,0,1,58,76,0
2497,8.0,0,3,1,80,4.6,1,1,86,84,1
9015,7.6,1,1,0,81,4.1,0,1,55,68,0
6905,8.2,1,3,0,79,4.6,0,1,71,68,0
6107,8.6,2,3,2,90,4.6,1,1,88,86,1
8201,7.6,0,1,0,77,3.0,0,0,55,69,0
341,8.3,0,3,1,88,4.7,1,1,69,80,0
2409,6.5,1,1,1,79,4.1,0,0,61,67,1
1602,6.6,0,2,0,73,4.2,1,1,62,84,0
9865,8.5,0,3,2,90,4.8,1,1,74,86,1
8360,6.5,1,3,2,78,4.2,0,1,78,71,0
5783,6.9,2,3,0,86,4.6,0,1,70,85,0
4577,7.3,1,1,0,75,3.9,0,0,55,61,0
7972,7.7,1,3,0,80,4.8,1,1,76,86,1
3726,7.6,0,3,0,86,3.7,1,1,85,80,1
2557,8.4,1,2,2,86,4.8,0,1,87,85,1
2786,6.5,1,1,1,76,4.2,0,1,63,67,0
1524,7.4,1,1,0,75,4.3,0,0,55,61,0
7718,8.2,1,2,2,69,4.0,1,0,58,63,0
2508,6.9,0,2,0,79,4.1,0,1,63,64,0
2832,8.0,2,3,1,73,4.4,1,1,81,68,0
1013,6.8,1,2,1,81,4.0,1,1,56,82,0
5281,8.4,1,2,0,81,4.1,0,1,81,71,1
4896,8.3,0,3,2,86,4.7,1,1,82,86,1
1767,7.6,1,2,0,77,4.3,1,1,66,83,0
4552,6.6,1,3,2,79,4.5,1,1,60,71,1
7122,7.7,1,3,2,90,4.0,1,1,80,86,1
6550,6.9,0,1,0,72,4.6,0,1,55,67,0
4038,8.2,2,3,2,90,4.6,1,1,74,84,1
8271,7.4,1,3,2,73,4.1,1,1,86,78,1
149,8.0,2,1,2,90,4.8,1,1,74,81,0
286,7.9,1,1,0,77,4.7,1,1,64,60,0
7801,8.6,2,3,2,90,4.8,1,1,72,86,1
9652,7.4,1,1,1,83,4.0,0,1,74,78,0
364,7.4,2,3,1,84,4.8,0,1,77,68,1
5368,8.1,2,3,0,86,4.3,1,1,73,81,1
9946,6.6,1,1,1,70,4.1,1,1,56,75,0
8411,8.3,2,3,2,90,4.3,1,1,82,80,1
9454,8.4,0,1,0,83,4.6,1,1,88,84,0
4726,8.3,1,2,2,76,4.5,0,1,74,70,1
7272,7.6,1,2,0,66,4.5,0,1,55,76,0
6771,8.0,1,3,2,79,3.7,1,1,80,86,1
4444,6.8,1,2,1,73,4.3,1,0,86,71,0
7447,6.5,1,1,0,61,3.5,0,1,61,69,0
237,7.8,1,3,2,75,4.3,1,1,77,86,0
7710,7.7,1,1,2,83,4.5,1,1,71,82,1
9586,7.6,1,1,0,68,3.7,0,0,55,67,0
2563,7.5,1,2,0,77,4.8,0,1,55,59,0
7124,8.6,2,3,2,90,4.8,1,1,80,82,1
8537,8.2,1,2,0,88,4.8,1,1,71,69,1
9603,8.0,2,3,2,90,4.8,1,1,86,88,1
5520,8.5,2,2,2,81,4.8,1,1,79,88,1
9614,7.2,1,3,2,81,4.8,1,1,62,65,0
3084,8.7,1,3,1,71,4.8,1,1,76,81,1
2960,7.7,1,3,2,85,4.8,1,1,80,86,1
2103,7.9,0,2,2,85,4.2,1,0,74,82,0
633,8.6,2,2,2,88,4.8,1,0,83,77,1
6814,8.0,1,1,0,80,4.4,1,1,73,76,0
2494,7.5,1,2,0,71,4.0,1,0,55,66,0
2666,7.6,1,3,0,72,4.0,1,0,66,74,0
8495,8.5,2,3,0,87,4.6,1,1,86,85,1
8426,7.3,1,2,1,73,4.0,0,0,56,75,0
9267,8.6,2,3,3,90,4.8,1,1,66,83,1
4212,8.6,2,3,0,79,4.7,1,0,71,79,0
3875,7.4,1,1,0,78,4.4,0,0,69,62,0
2818,8.4,2,2,3,90,4.6,1,1,77,83,1
8269,7.0,1,1,0,70,4.1,0,0,56,62,0
9816,6.5,1,2,0,76,4.2,0,1,55,64,0
7427,8.2,1,3,2,88,4.8,1,1,75,82,1
8603,8.0,1,1,0,90,4.5,1,1,69,74,1
8476,6.5,1,1,0,83,4.6,0,1,69,70,0
1736,7.8,1,1,2,81,3.9,0,1,62,72,0
7398,8.0,2,3,2,90,4.8,1,1,81,87,1
4256,7.5,1,2,0,76,3.8,0,1,55,84,0
8289,7.9,1,2,2,86,4.8,0,1,87,84,0
2476,7.7,1,2,0,73,3.8,0,1,55,74,0
9985,8.5,1,3,2,90,4.8,1,1,81,84,1
3714,6.7,0,1,1,79,3.6,1,0,74,70,0
8979,6.5,1,3,2,77,4.5,0,1,73,67,1
1805,7.6,1,1,2,69,4.0,0,1,58,65,0
708,8.5,1,1,2,82,3.4,1,0,76,85,0
9192,7.7,1,1,1,73,4.2,1,1,70,79,0
5190,7.4,0,1,0,80,4.3,1,1,63,63,0
5473,8.1,1,3,2,90,4.8,1,1,83,88,1
73,8.1,2,3,2,90,4.8,1,1,80,86,1
7844,8.0,2,3,2,79,4.8,1,1,85,85,1
5102,8.4,2,2,2,85,4.8,1,0,72,82,0
6765,8.0,1,1,0,75,4.0,0,0,55,65,0
1126,7.8,2,3,2,90,4.3,1,1,80,85,1
1242,7.1,1,1,0,76,3.9,0,0,57,70,0
8254,8.3,0,3,1,86,4.3,1,1,55,88,1
2350,8.2,0,3,0,90,4.3,1,1,79,86,0
6603,8.2,2,3,2,90,4.8,1,1,72,82,1
6781,7.0,2,3,2,84,4.8,1,1,79,82,1
4359,7.8,2,3,0,90,4.8,1,1,78,83,1
1344,8.7,2,2,2,90,4.8,1,1,80,85,1
9989,7.3,1,2,1,81,4.0,0,1,64,85,0
8680,8.0,0,3,2,87,4.7,1,1,78,70,1
9576,7.4,2,3,2,83,4.2,0,1,79,71,0
6653,8.2,1,0,0,85,4.8,0,1,72,66,1
1101,7.8,1,1,2,81,4.8,1,1,79,65,1
7328,7.7,1,3,2,78,4.6,1,1,83,81,0
7623,7.5,0,2,0,81,4.1,0,0,63,64,0
988,8.2,2,1,1,69,4.5,1,0,83,79,0
2853,7.7,1,1,0,72,4.2,0,0,55,66,0
631,7.6,1,2,1,74,4.6,0,1,74,85,1
1250,6.5,1,1,1,62,4.1,0,1,60,64,0
3180,7.3,1,1,0,61,3.3,0,0,55,67,0
483,7.6,1,2,2,69,3.3,0,1,64,63,0
3041,8.9,0,2,1,79,4.6,0,0,62,75,0
5011,7.5,1,2,1,83,4.0,0,1,67,71,0
8728,7.5,1,1,0,77,4.0,0,1,62,67,0
7001,8.2,0,2,0,86,4.5,1,1,77,72,1
3274,8.6,2,3,2,84,4.7,1,1,71,82,1
7228,8.7,2,1,2,81,4.5,1,1,80,80,0
3684,8.1,0,3,0,86,4.3,1,0,67,57,0
6675,7.6,1,1,1,70,4.4,1,1,55,70,0
6808,7.7,1,1,1,74,4.5,1,1,72,88,1
9739,6.6,1,1,0,76,4.8,1,1,77,71,0
1317,6.5,1,2,0,76,4.4,0,0,55,59,0
3226,7.5,1,2,0,76,3.4,0,1,79,71,0
1073,6.5,1,1,1,77,3.9,0,1,55,70,0
4816,7.2,2,1,1,89,4.0,1,1,77,83,0
8460,7.4,2,0,0,69,4.4,1,0,63,60,0
5753,7.2,1,1,1,72,4.5,1,1,61,73,0
9146,7.4,1,1,0,82,4.5,1,1,79,68,0
4617,8.5,1,3,2,89,4.8,1,1,81,86,1
3098,8.5,1,3,2,90,4.8,1,1,79,86,1
6870,6.5,1,1,1,81,4.8,0,1,55,64,0
1301,8.3,2,3,2,80,4.2,1,1,76,87,1
7286,7.8,1,1,1,77,4.1,0,0,69,68,0
6285,6.5,1,1,0,78,3.6,0,1,78,72,0
5496,7.6,1,2,0,79,4.2,0,0,55,84,0
5292,8.1,2,3,2,90,4.8,1,1,79,83,1
1799,7.5,1,2,1,67,4.7,0,0,60,65,0
5204,7.6,1,2,0,81,4.7,1,1,82,83,0
8228,8.3,2,1,2,83,4.4,1,1,59,86,0
5048,6.6,1,1,1,68,3.3,1,0,60,62,0
6442,8.9,2,3,2,85,4.8,1,1,81,79,1
8106,8.1,1,3,0,69,3.9,0,0,82,69,0
2360,8.8,1,3,0,86,4.4,1,1,63,72,0
9381,8.2,1,3,0,90,4.7,1,1,78,83,1
3655,8.3,2,3,1,83,4.1,1,1,81,66,0
7053,7.9,2,3,2,90,4.5,1,0,78,84,0
1287,8.5,2,3,0,90,4.7,1,1,84,88,1
9127,7.9,1,2,1,86,3.8,1,1,73,87,0
4446,8.7,2,3,2,90,4.3,1,1,84,86,1
2138,8.0,2,2,2,90,4.8,1,1,75,85,1
6788,7.8,2,3,2,90,4.8,1,1,87,87,1
9753,7.5,1,2,2,78,4.5,1,1,66,78,0
8511,7.9,2,3,2,88,4.6,1,1,69,81,1
9540,8.1,2,1,0,73,3.6,1,1,83,85,0
6895,7.3,2,3,1,87,4.8,0,1,73,80,1
8570,7.3,1,1,2,71,4.0,0,1,55,69,0
7152,6.5,2,1,3,81,4.2,1,0,55,68,0
964,7.6,1,1,0,81,3.8,0,1,59,60,0
6013,7.5,1,2,0,74,4.6,0,1,58,75,0
4883,8.0,1,2,2,72,4.3,1,1,82,81,0
141,6.5,1,1,1,72,4.5,0,0,66,70,0
9033,7.3,1,1,0,77,3.7,0,0,55,65,0
6937,7.6,1,2,0,63,4.1,0,1,55,64,0
6543,8.6,2,3,2,90,4.8,1,1,81,82,1
5244,8.8,1,3,2,88,4.7,1,1,75,84,1
4432,8.1,1,2,1,76,3.7,0,1,69,82,0
407,7.8,2,3,0,89,4.6,0,1,71,68,0
8213,7.7,1,1,1,75,4.5,0,1,65,74,0
8377,8.4,2,3,1,83,4.8,1,0,64,64,1
8628,8.5,2,3,2,90,4.8,1,1,81,88,1
8235,7.4,1,1,1,70,4.0,0,0,56,67,0
4400,6.8,1,2,0,81,4.2,1,1,72,84,0
5253,8.1,0,2,1,75,4.1,0,1,55,69,1
12,7.9,1,3,2,90,4.8,1,1,71,87,1
4761,8.7,2,3,2,78,4.8,1,1,85,75,1
1178,7.3,1,2,1,71,4.8,1,1,63,64,0
2864,8.5,2,2,2,65,4.4,1,1,57,81,0
6472,8.1,0,2,1,79,4.3,0,1,58,78,0
6229,7.7,2,3,0,73,4.6,1,0,79,57,0
2990,8.4,1,3,2,80,4.4,1,1,61,79,0
7118,7.6,1,3,1,75,3.9,1,1,81,66,1
7011,8.4,1,3,2,90,4.8,1,1,74,81,1
8558,7.6,1,3,1,85,4.4,0,1,75,82,0
1441,8.0,2,3,2,90,4.8,1,1,83,87,1
9748,8.4,1,2,2,86,4.8,1,1,81,87,1
2876,7.5,1,2,0,79,4.7,0,0,69,67,0
9099,7.8,1,3,1,79,3.7,0,0,55,67,0
8789,8.6,2,3,2,90,4.6,1,1,74,88,1
7233,7.4,1,1,1,75,3.5,0,0,68,83,0
3727,7.8,1,3,0,90,4.0,1,1,84,79,1
2773,8.3,1,3,2,87,4.8,1,1,79,85,1
455,7.9,2,3,2,90,4.8,1,1,78,86,1
8190,7.9,1,3,1,90,4.8,1,1,77,85,1
1368,7.5,1,2,2,77,4.1,0,1,66,83,1
3713,7.7,1,1,0,60,3.7,0,1,66,63,0
9853,7.3,1,1,0,75,3.2,0,0,57,69,0
1389,7.8,1,3,2,89,4.6,1,1,72,81,1
1001,7.8,0,2,0,70,4.3,0,0,55,68,0
7762,7.5,1,1,0,67,4.1,0,0,57,67,0
3554,8.4,2,1,2,78,4.1,1,1,55,64,0
4115,7.6,0,2,0,64,4.8,0,0,60,64,0
1668,8.0,0,3,0,89,4.4,1,0,79,85,1
3174,8.1,2,3,3,85,4.8,1,0,57,82,0
9398,6.5,1,1,0,79,3.8,0,1,55,72,1
489,6.6,1,3,0,70,4.1,1,0,78,63,1
3231,8.5,2,3,2,84,4.8,1,1,70,85,1
3829,8.6,2,3,2,90,4.8,1,1,90,88,1
8652,7.7,0,2,1,68,4.0,1,1,57,83,1
5209,6.5,0,1,0,85,3.9,0,0,55,69,0
7849,6.9,0,1,0,78,4.5,0,1,55,63,0
5705,6.5,1,3,2,71,4.2,0,0,80,88,0
9640,8.7,2,3,2,90,4.8,1,1,81,86,1
8134,7.5,1,2,0,69,4.1,0,1,55,68,0
704,7.7,1,2,0,78,3.6,0,1,64,81,0
5106,6.7,2,3,2,82,4.8,1,0,84,82,1
8894,7.9,2,3,2,90,4.8,1,1,81,86,1
3292,8.3,0,3,2,90,4.8,1,1,83,84,1
8126,8.4,1,3,2,90,4.8,1,1,82,88,1
9632,8.2,2,2,2,90,4.8,0,1,83,79,0
9022,8.3,2,3,2,85,4.8,1,1,80,88,1
4910,6.9,1,1,1,64,3.5,0,0,68,66,0
4441,8.1,1,3,2,69,4.6,1,1,55,80,0
987,7.5,1,1,0,66,3.8,0,0,58,63,0
9237,6.8,0,3,2,75,4.4,1,1,84,85,0
9884,8.4,2,3,2,84,4.8,1,1,60,84,1
7706,8.0,1,2,0,78,4.8,0,1,79,70,0
6258,8.7,2,3,0,80,4.7,1,1,80,74,1
6090,8.3,2,3,2,79,4.4,1,1,83,85,1
5239,6.6,1,1,1,66,4.2,0,1,58,68,0
1199,8.4,0,1,0,73,4.4,0,0,61,58,0
9071,8.3,1,2,0,77,3.8,1,1,63,80,0
7520,7.8,1,1,1,85,4.8,1,1,82,83,1
6813,6.8,1,2,0,79,4.1,0,1,62,82,1
8321,6.5,1,1,0,78,4.5,0,1,75,68,0
7176,7.7,2,1,0,65,3.5,1,0,64,62,0
4471,6.5,1,1,0,61,3.6,0,1,63,65,0
892,7.0,0,1,0,82,4.4,1,0,55,73,0
1970,7.8,1,1,0,66,4.6,0,0,57,67,0
5758,7.5,0,2,1,77,3.8,1,1,75,73,0
6528,8.0,1,2,1,85,4.5,0,1,66,71,0
6295,7.5,1,3,1,78,4.3,0,1,55,64,0
7596,6.5,2,1,3,83,4.5,1,1,55,68,0
3250,7.6,2,2,2,90,4.1,1,1,82,80,1
6571,7.5,1,1,0,74,3.4,0,1,57,73,0
6639,8.2,1,3,1,82,4.0,1,1,55,66,0
7352,7.5,0,3,2,85,4.5,0,1,75,73,1
9173,8.1,1,3,1,90,4.8,1,0,83,87,1
7474,7.4,1,1,1,62,4.8,1,1,55,71,0
9602,8.5,1,3,0,83,4.6,1,1,85,83,1
8674,8.2,0,3,2,76,4.7,1,1,83,85,0
1240,7.4,1,1,0,78,4.5,1,1,70,78,1
2290,8.0,1,2,1,80,4.2,1,0,77,69,0
2741,8.4,2,3,0,86,4.7,1,1,84,83,1
4586,8.5,1,2,1,75,4.7,1,0,72,65,0
1230,6.7,1,2,0,71,3.8,1,1,73,74,0
6981,6.5,1,1,0,61,4.1,0,0,66,69,0
5179,6.5,0,1,1,67,3.1,0,0,61,61,0
4294,8.2,2,3,2,90,4.8,1,1,88,80,1
1059,7.5,1,1,0,77,3.9,0,1,55,69,0
6263,8.2,0,1,2,79,4.4,0,1,80,73,1
282,8.2,1,2,1,79,3.8,1,1,55,70,0
969,7.6,1,2,0,73,4.0,1,1,75,64,0
3954,7.9,1,1,0,85,4.5,1,1,80,81,1
1940,7.5,0,2,0,69,3.7,0,0,58,65,0
8465,7.1,0,1,0,73,4.1,0,1,55,64,0
1275,8.1,2,3,2,90,4.8,1,1,78,83,1
620,7.7,1,1,0,73,3.9,0,1,59,67,1
8506,6.5,1,3,2,87,4.7,1,1,77,70,1
1743,8.3,0,1,0,80,3.9,1,1,79,68,0
1391,7.9,0,3,0,75,3.6,1,1,62,70,1
2204,6.5,0,2,1,60,3.1,0,0,65,71,0
3569,7.8,2,3,2,90,4.8,1,1,90,79,1
6117,7.6,1,2,1,64,3.7,0,1,63,76,1
9971,8.2,0,3,1,90,3.8,1,1,76,77,0
6053,7.4,0,1,0,79,3.3,0,1,58,61,0
3179,7.6,1,1,0,80,3.6,0,0,55,67,0
3193,7.4,1,1,0,64,3.7,0,0,56,59,0
6100,7.6,1,2,2,77,4.0,1,1,55,64,0
7030,8.3,1,1,0,69,4.8,1,0,83,67,1
576,8.6,1,1,1,88,4.0,0,1,80,66,1
6657,7.5,1,1,1,81,4.0,0,0,56,63,0
7116,8.0,2,3,2,90,4.7,1,1,79,83,1
8803,6.8,0,1,0,63,3.6,0,0,55,67,0
6277,8.5,2,3,2,90,4.8,1,0,75,85,1
8985,8.4,0,3,2,83,4.0,1,0,62,64,1
5898,8.2,2,2,2,73,4.6,1,1,83,87,0
5725,8.6,2,3,2,90,4.8,1,1,85,82,1
270,6.6,1,2,1,65,4.1,0,0,56,58,0
630,8.3,2,3,2,85,4.7,1,1,76,87,1
3082,8.2,1,1,0,75,4.5,0,0,60,87,0
3467,7.0,1,2,0,68,4.0,0,1,55,74,0
6431,8.4,2,3,3,90,4.8,1,0,66,71,0
9312,7.3,1,1,1,70,3.9,0,0,59,62,0
7063,8.1,1,1,1,83,4.7,1,1,75,83,0
9728,7.6,0,1,0,86,4.0,1,0,67,66,0
5544,8.6,2,3,1,85,4.3,1,1,79,80,1
4357,6.5,1,2,1,68,3.7,0,1,55,66,0
2114,8.0,2,3,2,90,4.5,1,1,77,88,1
8220,7.4,0,2,1,79,3.6,0,1,55,65,0
3217,7.5,2,2,0,70,4.4,0,1,55,62,0
3815,7.0,1,1,1,76,4.6,0,1,57,63,0
8322,7.9,2,3,2,90,4.8,1,1,77,83,1
8590,8.1,2,1,2,78,4.7,1,1,78,71,1
2279,7.8,1,2,0,72,4.5,0,1,55,69,0
4600,7.4,0,1,0,62,3.9,0,0,55,61,0
14,7.7,1,1,1,74,4.6,0,1,63,73,0
9226,7.7,1,2,2,83,3.9,1,1,81,75,0
1526,8.7,1,1,2,81,4.1,1,1,72,68,0
2366,8.6,1,2,0,86,4.1,1,1,55,82,0
4649,8.2,2,3,2,90,4.8,1,1,73,78,1
375,8.7,0,3,0,75,3.7,1,1,62,74,0
8522,7.4,1,1,3,70,4.5,0,1,55,65,0
6478,8.3,1,3,1,82,4.4,1,1,72,81,1
526,7.8,1,1,0,69,4.7,0,0,57,64,0
6896,8.7,1,3,2,81,4.7,1,1,74,74,1
3592,6.7,1,1,1,60,3.3,0,1,62,69,1
7905,8.1,2,3,2,83,4.3,1,1,83,79,1
2959,7.3,1,1,0,77,4.3,1,1,66,68,0
530,8.1,1,3,2,90,4.5,1,1,77,81,1
3715,8.1,1,3,2,90,4.6,1,1,70,76,1
4733,7.4,0,1,1,64,4.7,0,1,76,71,0
1395,6.7,1,1,0,73,3.8,0,1,55,64,0
5632,8.0,1,3,2,90,4.4,1,1,72,82,1
6564,7.8,1,3,2,77,4.2,1,0,81,64,0
4704,7.5,1,1,1,80,4.1,0,1,55,65,0
1713,6.9,0,1,0,73,4.2,0,0,55,59,0
9756,6.5,1,3,1,71,4.0,1,1,77,73,0
956,6.5,1,1,0,82,3.9,0,1,55,60,0
6676,6.5,1,1,1,64,3.5,0,0,55,65,0
3454,7.6,1,2,0,65,4.3,1,1,71,62,0
2072,7.6,0,2,1,69,4.8,0,0,80,71,0
9741,6.5,1,1,1,62,3.9,0,0,57,70,0
159,7.8,0,1,1,72,4.0,0,0,61,69,0
7006,7.7,1,3,2,84,4.8,0,1,70,67,0
353,6.6,1,2,0,71,4.0,0,0,55,68,1
6079,7.7,1,1,1,70,4.6,0,1,55,66,0
6237,7.8,1,3,0,82,3.9,0,0,55,83,0
2921,7.7,1,1,1,71,4.4,1,1,66,73,0
4645,7.7,0,1,1,74,4.0,0,1,62,65,0
662,7.3,1,1,0,90,4.6,1,0,76,62,0
7058,7.6,1,2,1,72,4.0,0,1,81,78,0
3666,8.5,1,3,2,88,4.7,1,1,74,88,1
7980,6.7,1,1,0,76,3.8,1,1,57,66,1
307,7.9,0,3,2,90,4.8,1,1,68,83,1
4791,7.5,1,3,1,72,4.4,0,1,76,85,0
2357,7.5,1,1,0,66,4.1,0,0,63,60,0
1928,8.1,2,3,2,90,4.8,1,1,81,85,1
9940,8.4,1,2,2,81,4.6,1,1,68,81,0
3428,6.7,1,3,0,74,4.5,1,1,72,63,0
3639,8.4,2,3,2,85,4.7,1,1,75,88,0
1267,7.9,0,2,2,85,4.0,1,1,85,88,1
1561,7.5,1,1,1,77,3.9,1,1,58,71,0
7180,6.6,2,1,2,90,4.8,1,0,84,67,0
4110,7.8,0,1,1,72,3.9,0,0,58,71,0
7868,8.1,1,1,1,79,4.5,0,0,62,67,0
4905,8.1,1,3,2,90,4.4,1,1,77,86,1
7295,7.6,1,1,2,81,4.8,0,0,84,67,0
515,7.9,2,3,2,90,4.8,1,1,80,84,0
895,7.6,1,1,0,74,4.0,0,1,60,68,0
22,7.4,1,2,1,72,3.5,0,1,82,69,1
900,8.4,0,3,2,89,4.1,1,1,70,84,1
208,8.4,2,3,2,90,4.5,1,1,85,79,1
459,7.4,1,2,0,73,4.3,0,1,65,68,0
2431,7.9,2,3,2,90,4.6,1,1,82,81,1
8443,7.4,2,2,0,65,3.9,0,0,55,67,0
3390,7.9,2,3,2,90,4.6,1,1,82,81,1
3912,7.6,1,2,2,72,4.5,1,0,87,84,1
5384,7.7,2,3,0,77,4.6,1,1,70,69,0
553,7.6,0,2,0,81,4.0,0,0,60,60,0
3145,7.6,1,3,0,81,4.7,1,1,79,82,1
6918,8.6,2,3,2,87,4.8,1,1,69,81,1
2057,8.0,1,3,0,74,3.8,0,1,77,68,0
1926,6.9,1,2,1,78,4.5,0,1,68,64,1
635,8.6,2,3,2,87,4.4,1,1,69,86,1
6083,8.0,2,3,2,86,4.7,1,1,85,85,1
9271,7.7,1,1,1,83,4.1,0,0,81,71,0
9679,7.7,1,1,0,83,4.2,0,0,59,70,0
106,8.5,2,3,2,90,4.8,1,1,72,87,1
3042,7.9,1,1,0,68,3.9,0,0,62,74,0
1710,8.1,2,3,2,90,4.7,1,1,66,85,1
90,7.2,1,2,0,68,4.2,1,1,57,66,0
7015,6.6,0,1,0,71,3.8,1,1,60,71,0
3175,8.0,1,1,0,70,4.3,0,0,62,64,0
918,7.5,2,2,0,89,4.8,1,1,72,79,1
7834,6.5,1,2,0,78,4.7,0,1,76,72,0
6733,7.0,1,1,1,75,4.8,0,0,64,70,0
1950,7.7,1,1,1,79,4.3,0,0,56,65,0
6369,7.6,1,2,0,82,4.2,0,1,56,70,0
2,8.9,0,3,2,90,4.0,1,1,78,82,1
8033,8.0,1,3,2,90,4.7,1,1,74,84,1
6048,7.6,0,1,1,79,4.2,1,1,55,79,0
2721,7.5,1,1,0,69,4.3,0,0,60,71,0
9813,7.5,0,1,1,64,3.3,0,1,55,64,0
3118,7.9,1,3,1,82,4.1,0,1,55,69,0
9466,8.4,0,3,3,80,4.6,0,1,89,73,0
3763,7.7,0,0,1,78,3.7,1,1,55,62,0
214,7.8,2,2,2,77,4.2,1,0,57,69,0
779,7.5,2,2,0,79,4.5,1,1,82,82,1
3497,7.7,2,3,2,87,4.8,1,1,77,86,1
8818,7.8,1,1,0,66,3.7,1,1,62,67,1
2044,7.4,1,3,1,61,4.8,0,0,58,73,0
5421,7.7,0,3,1,84,4.2,1,0,67,85,0
6155,6.5,0,1,1,80,3.4,1,1,60,66,0
8358,7.2,1,2,2,70,4.1,0,0,61,69,0
8708,6.7,2,1,2,71,4.0,0,1,55,65,0
8466,7.6,0,1,1,65,4.1,0,0,65,63,0
4168,7.7,2,2,0,79,4.2,1,1,58,73,1
3789,7.6,0,1,1,62,4.1,0,0,55,64,0
584,7.8,0,1,1,77,4.1,1,1,55,70,0
9912,7.9,2,3,0,84,4.7,0,1,70,69,0
9987,7.5,0,2,1,66,3.9,0,1,55,61,0
117,8.8,1,3,2,90,4.6,1,1,83,83,1
6645,7.4,1,1,0,61,4.1,0,1,55,72,1
9034,8.9,1,3,0,83,4.8,1,1,77,76,1
9952,6.8,1,1,1,66,4.1,0,0,55,78,0
8960,8.0,0,2,0,76,4.6,1,1,56,87,1
1764,8.5,2,3,2,90,4.8,1,1,79,81,1
1876,7.7,2,1,1,80,4.7,1,1,56,85,1
3225,7.5,0,1,0,60,3.8,0,0,55,67,0
527,8.1,0,2,0,80,4.5,0,1,69,83,0
7726,8.1,1,3,2,81,4.5,0,1,70,85,0
2947,7.9,1,3,2,88,4.5,1,0,90,69,1
4474,7.8,0,2,0,74,4.3,0,0,56,64,0
5656,8.1,1,2,0,74,4.7,1,1,61,69,0
6060,8.9,1,3,1,84,4.8,1,1,82,81,0
960,6.6,1,3,0,81,4.4,0,1,76,65,0
6343,7.8,1,2,1,84,4.7,1,0,80,78,0
3634,7.9,2,3,2,82,4.6,1,0,72,87,0
1051,8.0,2,3,2,90,4.8,1,1,78,87,1
3381,8.0,1,2,0,87,3.6,0,1,55,61,0
3677,7.9,1,3,0,69,4.0,1,1,62,70,1
5777,8.4,1,1,0,72,3.8,0,0,59,62,0
9046,8.3,2,3,2,90,4.3,1,1,75,84,0
6574,7.6,1,1,2,74,4.3,0,1,55,66,1
5180,7.3,0,2,1,79,4.2,1,0,78,69,0
1608,8.1,1,3,1,71,4.1,1,1,85,77,0
3611,6.5,1,1,0,85,3.6,0,0,55,72,0
9759,8.2,1,3,0,79,4.3,1,0,58,77,0
6636,8.0,1,2,0,80,4.4,0,0,55,72,0
9998,8.4,1,3,0,70,4.8,1,1,79,81,1
792,6.5,0,1,0,72,3.6,0,0,60,59,0
3057,6.5,1,1,1,76,3.9,1,1,68,62,0
1981,8.4,1,3,2,88,4.5,1,1,73,82,1
3599,6.9,0,3,0,85,4.8,0,0,58,58,0
934,7.9,1,3,2,81,4.8,0,1,74,80,1
7425,6.5,1,1,0,60,3.5,0,1,59,74,0
5627,7.7,1,1,0,72,4.4,0,0,72,69,0
1683,7.6,1,1,0,73,3.7,0,1,55,64,0
4180,6.5,2,2,2,87,4.7,1,1,70,82,1
6447,7.7,1,2,0,71,4.0,1,1,57,70,0
4117,6.7,1,1,0,76,4.2,0,0,61,63,1
989,6.9,1,2,0,85,4.8,1,1,73,87,1
2897,7.5,0,1,0,72,4.1,0,0,55,69,0
3779,7.7,1,1,2,76,4.4,0,0,66,68,0
5659,8.0,1,3,2,89,4.3,1,1,84,88,1
3094,7.4,1,2,1,66,3.5,0,0,55,65,0
3156,6.6,0,1,0,73,4.3,1,1,58,68,0
1824,7.8,0,1,0,73,4.0,0,0,56,72,0
9623,7.6,1,1,1,83,4.5,1,1,74,79,0
1099,7.4,1,1,0,74,3.8,0,1,55,70,0
2845,8.4,2,3,2,79,4.4,1,0,80,79,0
3343,7.0,1,1,1,78,4.7,0,0,55,69,0
39,8.5,2,3,3,90,4.7,1,1,79,86,1
6541,7.2,1,1,0,71,3.8,0,1,62,59,0
9474,7.3,1,1,2,79,4.4,0,1,60,71,0
3357,7.5,0,2,0,74,3.7,0,1,55,72,0
7814,7.7,2,3,0,90,4.6,1,0,55,80,0
8221,8.0,2,1,2,77,4.4,1,1,56,75,0
9228,7.7,1,1,0,77,4.0,0,1,55,70,0
2429,7.3,1,1,0,84,3.9,0,1,55,69,0
5044,6.5,1,2,1,78,4.1,0,0,78,63,0
5347,7.4,1,1,0,80,4.8,0,1,64,73,0
4812,7.4,2,3,0,80,4.0,0,1,79,62,0
8477,7.6,1,1,1,63,3.8,0,0,62,60,0
687,8.1,1,2,1,84,4.3,1,1,77,83,0
4800,8.6,1,3,3,90,4.8,1,1,72,85,1
7438,8.9,2,3,2,90,4.8,1,1,72,84,1
2354,7.4,1,3,0,83,3.8,0,1,69,85,0
6354,6.7,0,1,0,79,4.2,0,0,62,67,0
4570,7.5,2,2,1,63,4.0,1,1,55,68,0
8214,8.3,2,3,2,86,4.6,1,1,79,84,1
2753,8.1,1,2,0,81,4.2,0,0,55,70,0
8074,8.3,1,2,2,89,4.6,1,1,79,84,1
1041,8.2,2,1,0,74,4.5,1,1,77,67,0
7492,7.5,1,1,1,65,4.5,0,0,55,67,0
1266,8.6,1,3,1,90,4.8,1,1,72,83,0
9266,6.5,0,1,2,85,3.6,0,0,68,69,0
7060,7.5,1,1,1,70,4.0,1,1,55,64,0
278,7.3,1,2,1,79,3.8,0,1,58,73,0
5085,8.3,2,3,2,89,3.9,1,1,78,88,0
2383,8.5,2,1,1,73,4.5,1,0,64,79,0
572,8.2,2,3,2,90,4.8,1,1,88,82,1
1436,7.1,1,2,0,71,4.8,1,0,61,61,0
5353,8.2,2,2,2,90,4.3,1,1,73,80,1
5446,7.9,1,3,1,77,4.1,1,1,78,69,0
1008,7.3,1,1,1,76,4.1,0,1,80,68,0
4544,7.8,1,2,0,83,4.7,0,1,55,85,0
8817,8.0,1,3,0,80,4.0,1,1,83,68,0
2065,7.5,2,2,1,75,4.2,1,1,65,86,0
1137,7.7,1,2,0,88,4.8,1,1,70,85,1
5344,7.6,1,1,0,71,4.1,0,1,60,69,0
295,7.7,0,1,0,79,4.8,0,1,58,71,0
2404,8.0,1,3,1,77,4.5,1,1,71,85,0
3999,7.5,1,1,1,60,3.6,0,1,55,64,0
3742,6.6,0,1,2,68,4.1,0,0,60,65,0
9223,7.6,1,1,0,78,3.6,1,1,56,69,0
2720,8.2,0,3,2,78,4.8,1,0,61,71,1
9200,7.8,1,3,2,75,4.3,1,1,55,79,0
5151,7.4,1,1,0,66,4.4,0,0,55,70,0
2809,7.5,0,1,1,67,4.4,0,1,80,60,0
557,7.1,0,2,0,67,3.2,0,0,57,57,0
8926,8.3,2,3,2,90,4.8,1,1,76,83,1
4796,7.4,1,2,0,79,4.2,0,1,79,71,1
2470,7.6,1,3,0,68,4.2,1,1,88,82,0
3739,8.5,1,1,0,85,4.4,1,1,71,86,1
4287,8.3,0,3,0,87,4.4,1,1,71,66,1
2605,7.9,2,3,2,90,4.7,1,1,75,74,1
363,6.6,1,1,1,82,3.7,0,1,55,60,1
6925,6.5,1,1,1,63,4.5,0,0,59,69,0
1705,8.7,2,3,0,80,4.1,1,1,71,78,1
2140,6.5,1,0,0,88,4.7,1,1,74,67,1
3240,6.5,1,1,0,74,3.5,0,0,74,62,0
2384,7.7,1,1,1,70,4.3,1,1,75,70,0
7315,8.5,1,3,0,88,4.7,1,1,76,83,1
4312,6.5,1,1,0,78,4.1,1,1,75,84,0
1313,7.7,1,2,1,67,3.8,0,1,75,60,0
3931,6.8,2,3,2,82,3.9,1,0,76,81,1
6184,7.9,1,3,1,82,4.5,1,1,77,81,1
1592,7.7,1,2,0,73,4.8,0,1,59,65,0
9388,7.9,2,2,0,71,4.4,1,0,55,69,0
2163,7.8,0,1,0,61,3.8,0,0,60,71,0
2397,8.8,2,1,2,83,4.8,1,1,84,87,1
318,6.6,0,1,1,67,4.3,0,1,56,65,0
5234,8.4,2,1,0,90,4.8,1,1,63,82,0
5069,8.1,2,3,0,90,4.6,1,1,80,81,1
4037,6.8,1,1,0,68,3.1,0,0,55,68,0
3021,7.5,0,1,1,62,3.7,0,0,55,65,0
8229,8.5,1,3,2,90,4.7,1,1,76,87,1
5296,7.8,1,3,1,80,4.8,1,0,61,81,0
3973,7.7,1,2,1,81,3.6,1,1,70,63,1
5371,8.7,0,3,1,71,4.5,1,1,73,76,1
4134,7.5,1,2,1,69,3.2,0,1,55,65,0
975,7.7,1,2,1,69,4.1,0,1,78,63,0
7292,8.1,1,2,2,84,4.5,1,1,62,84,1
955,7.5,1,1,0,70,3.9,0,0,56,75,0
9307,7.8,1,3,3,77,4.5,1,1,72,79,1
5017,8.7,2,3,2,77,4.8,1,0,89,87,1
9731,7.5,1,2,0,84,4.5,0,0,55,66,0
7491,8.4,1,1,2,81,4.6,1,1,70,70,1
1641,7.5,1,1,0,81,3.8,1,1,60,64,0
1291,7.4,1,2,2,80,4.2,1,1,73,66,1
1381,8.3,2,3,2,90,4.8,1,1,78,66,1
1934,8.5,1,3,0,84,4.7,1,1,58,85,1
4676,7.7,0,2,0,70,4.0,0,1,55,66,0
893,7.9,1,1,2,74,4.8,1,0,80,79,0
7288,6.5,1,2,3,81,4.2,0,1,57,67,0
4877,7.6,2,3,2,81,4.3,1,1,86,69,1
7907,7.9,1,2,1,80,4.3,0,0,58,70,0
8195,8.1,2,3,2,77,4.5,1,1,84,68,0
9380,7.6,1,1,1,72,4.5,1,1,57,68,0
2467,7.5,1,2,0,79,4.3,0,1,58,67,0
7658,8.6,1,1,2,90,4.7,1,1,87,66,1
1914,6.5,1,1,3,87,4.2,1,1,80,82,1
2737,7.6,2,2,1,84,4.8,1,1,90,84,0
727,8.3,0,1,2,84,4.7,1,1,65,64,1
7215,7.5,1,1,3,77,4.4,0,1,55,64,0
8246,7.7,1,3,2,86,4.7,1,1,69,88,1
1797,7.2,1,1,1,68,4.0,0,0,58,66,0
3846,7.4,0,1,1,67,3.9,0,1,59,69,0
6403,7.7,0,3,0,74,4.2,1,1,74,81,1
937,8.4,2,3,3,87,4.8,0,1,72,70,1
2266,8.4,2,3,1,83,4.6,1,1,79,83,1
825,8.2,2,3,2,87,4.8,1,1,75,72,1
7275,7.6,1,1,0,64,3.4,0,0,55,59,0
1390,6.5,0,1,1,68,4.1,0,1,55,68,0
3565,8.5,1,3,0,86,4.6,1,0,90,64,1
5430,7.6,1,2,0,86,4.8,0,1,68,65,1
7828,7.5,0,2,0,67,3.1,0,0,55,70,0
5691,6.7,0,2,1,69,4.4,1,1,55,72,0
7879,8.3,1,1,0,73,3.6,0,1,74,68,0
1869,7.4,1,1,1,75,3.7,0,0,61,68,0
8203,6.5,1,2,0,67,3.9,0,0,55,67,0
7487,6.9,1,1,1,61,4.6,1,1,55,64,0
807,7.3,1,3,2,83,4.7,1,1,70,84,1
4806,7.5,2,3,2,80,4.5,1,1,77,67,0
9153,6.5,2,2,2,85,4.4,1,1,84,83,1
7512,8.2,0,1,1,64,3.9,0,1,55,82,0
8057,6.6,0,2,0,75,3.9,0,1,55,69,1
4495,7.5,2,1,0,71,3.4,1,0,84,65,0
2633,8.4,2,2,0,80,4.0,1,0,71,84,0
8901,8.3,2,3,2,88,4.8,1,1,83,86,1
8624,7.5,1,3,2,82,4.8,1,0,81,88,1
7833,7.6,1,1,2,81,3.9,0,1,62,78,0
4389,7.6,1,1,0,70,4.5,0,0,69,74,0
146,7.6,1,2,0,74,3.7,0,1,58,74,1
6468,7.0,1,3,0,84,4.8,1,1,72,84,1
2034,6.9,1,1,1,67,4.5,0,1,55,71,0
9128,8.1,1,3,1,82,4.6,1,1,78,75,1
1166,8.3,1,3,2,76,4.8,1,1,71,87,1
2051,8.1,0,3,0,84,3.3,0,0,86,65,0
3761,8.4,2,3,2,90,4.8,1,1,71,85,1
4436,8.3,1,1,1,75,3.9,1,1,55,73,1
3431,7.3,0,1,0,75,3.7,0,0,60,70,0
8191,7.6,1,2,0,67,4.2,0,1,74,75,0
8754,8.6,2,3,2,82,4.4,1,1,64,83,1
7070,7.8,1,1,1,74,3.4,1,1,65,66,0
4362,6.5,1,3,1,76,4.8,0,1,65,65,0
1772,8.4,0,3,2,90,4.3,1,1,76,88,1
3512,7.6,1,1,0,70,3.8,0,1,55,63,0
272,7.8,1,1,1,79,3.7,0,1,56,59,0
8437,6.5,1,2,1,84,3.8,0,1,81,62,0
2033,8.3,2,3,2,89,4.6,1,1,77,88,1
9665,8.4,2,3,2,90,4.8,1,1,80,85,1
3811,6.5,1,1,0,76,4.4,0,0,65,67,0
4347,8.2,2,3,0,90,4.8,1,1,78,78,1
546,7.6,2,3,2,90,4.5,1,1,75,82,1
3242,8.3,1,3,0,76,3.8,1,1,77,66,1
8503,7.5,1,1,0,78,3.8,0,0,64,66,0
9919,7.6,1,2,0,77,4.2,1,1,55,82,0
7565,8.0,2,1,2,88,4.7,1,1,62,66,1
921,7.7,1,2,1,66,3.4,0,1,60,80,0
9119,8.2,2,3,2,90,4.6,1,1,78,85,1
6641,8.3,2,3,2,88,4.4,1,1,81,86,1
7695,7.4,1,1,1,80,4.2,1,1,75,65,1
8231,8.7,2,3,2,90,4.8,1,1,90,86,1
7127,6.9,0,2,0,65,3.6,0,0,55,67,0
4279,8.2,2,3,2,90,4.8,1,1,79,88,1
2984,7.8,0,2,1,65,4.3,1,0,56,67,1
131,8.0,1,3,0,80,4.4,1,1,85,84,1
7981,8.3,0,3,0,90,4.6,1,1,81,88,1
2668,6.5,0,1,1,60,3.2,0,0,62,74,0
7139,8.2,1,2,0,90,4.3,1,0,84,80,1
3224,7.8,0,3,2,82,4.5,0,1,60,63,1
7694,8.2,2,1,2,90,4.5,1,0,66,83,0
5393,7.8,1,2,1,74,4.2,0,1,66,70,0
615,6.5,2,3,2,84,4.0,1,0,74,83,0
9903,8.3,2,3,2,90,4.8,1,1,80,84,1
1467,7.2,0,2,1,77,4.6,1,1,55,63,0
4498,7.6,1,2,0,74,4.6,0,1,59,60,0
3043,7.5,1,1,0,73,4.0,0,0,74,70,0
2420,7.6,0,2,0,68,3.9,0,1,64,61,0
5086,7.7,1,0,0,65,3.9,1,0,55,71,0
3295,8.1,2,3,2,82,4.3,0,1,55,66,0
6738,7.7,1,3,2,74,3.6,1,1,78,64,0
1501,7.4,2,2,2,90,4.1,1,0,81,85,1
1522,7.4,1,1,1,71,4.1,0,1,55,66,0
9118,8.0,1,2,1,80,4.3,1,1,74,88,0
4233,8.2,1,3,2,90,4.4,1,1,72,87,1
7687,8.2,1,1,0,71,4.4,1,1,77,68,0
4431,8.5,2,3,2,90,4.6,1,1,79,81,1
391,7.6,1,1,0,76,4.3,0,1,66,69,0
9859,7.5,1,3,2,90,4.8,1,1,74,85,0
7125,7.6,1,3,0,79,4.5,0,0,73,65,0
5914,7.4,1,1,1,80,4.7,1,1,68,70,0
8593,6.5,2,3,2,80,4.8,1,1,78,82,0
4807,7.8,1,3,2,88,4.6,1,0,76,81,1
8955,8.6,2,3,2,90,4.7,1,1,83,88,1
8239,7.4,1,1,1,72,4.0,0,0,55,69,0
8045,6.9,1,1,0,75,4.1,1,1,55,76,0
9783,7.5,1,1,0,81,4.7,1,1,57,64,1
3994,8.4,1,2,1,81,3.8,1,1,72,65,1
9552,8.5,1,3,2,87,3.7,1,1,69,83,1
6610,7.0,1,1,0,69,4.1,0,0,65,57,0
5320,8.2,2,2,2,88,4.2,1,1,80,86,0
7120,7.5,1,1,0,65,3.3,1,1,55,64,0
2422,7.5,1,1,0,67,4.2,0,0,57,60,0
5605,8.4,2,3,2,88,4.5,1,1,90,79,1
1751,7.8,1,1,0,73,3.9,0,1,55,67,1
9016,8.4,2,3,2,89,4.5,1,1,78,82,1
9719,7.6,1,1,0,79,4.2,0,1,79,85,0
339,8.4,2,3,2,87,4.8,1,1,78,88,1
8408,8.2,1,3,2,88,4.8,1,1,85,80,1
1342,7.4,0,3,2,80,4.4,1,1,79,67,0
9545,8.4,2,3,1,84,4.2,1,1,78,83,0
7983,6.5,1,2,0,85,4.7,0,1,55,59,1
3641,7.5,1,1,0,71,4.1,1,1,55,70,0
330,7.7,1,1,0,80,4.0,0,1,55,66,0
8829,8.2,2,3,2,85,4.8,1,1,73,85,1
3005,8.7,2,3,2,90,4.8,1,1,89,86,1
6961,8.3,2,3,2,90,4.7,1,1,82,83,1
4091,7.4,0,2,1,65,4.4,0,0,61,70,0
2323,7.5,0,1,1,71,4.4,1,1,79,74,0
6668,6.6,1,2,0,77,4.4,0,1,58,71,0
7010,6.5,0,1,2,71,3.2,0,0,58,61,0
4198,6.7,0,1,1,72,4.5,0,1,55,72,1
3550,8.5,1,3,2,82,4.8,1,1,76,82,1
8364,8.5,2,3,0,90,4.8,0,1,76,80,1
4204,8.2,1,3,1,80,3.9,1,1,78,85,1
9311,8.3,2,3,0,72,3.6,0,1,72,85,0
8937,7.7,0,2,0,85,4.0,0,1,55,64,1
6186,7.6,1,3,0,70,3.9,1,1,85,67,0
1640,9.0,0,2,2,86,4.5,1,1,78,86,1
61,7.7,2,2,0,86,4.0,1,1,79,64,0
1241,8.2,1,3,2,90,4.4,1,1,85,84,1
5761,8.5,2,3,2,79,4.8,0,0,72,69,0
5137,6.5,0,1,0,88,4.3,1,1,76,88,1
2344,7.5,1,2,0,65,3.5,0,0,55,63,0
2121,7.5,1,2,0,67,4.4,1,0,66,84,0
1525,8.2,0,1,2,90,4.7,0,1,73,68,1
7618,7.7,1,2,0,81,4.4,0,1,75,83,0
154,8.1,2,3,3,90,4.8,1,1,80,83,1
482,7.1,1,2,0,80,4.3,1,1,69,65,0
6123,7.4,1,1,1,78,4.8,1,1,72,61,0
7675,7.7,1,3,2,88,4.5,1,1,79,70,0
7102,7.8,0,3,3,71,4.8,1,1,72,66,1
1763,8.1,0,3,0,81,4.5,0,1,77,67,1
7716,7.6,0,2,0,84,4.4,0,1,55,69,0
9082,8.3,2,2,2,80,4.5,1,1,68,79,1
7480,7.5,1,1,0,81,3.6,0,1,56,71,0
6213,7.7,1,3,0,89,4.6,1,1,80,83,1
4854,8.4,1,3,2,90,4.8,1,1,77,79,1
2712,8.5,2,3,2,90,4.7,1,1,80,84,1
6767,8.6,1,3,2,83,4.8,1,1,77,77,1
4151,8.2,2,3,2,83,4.3,1,1,85,81,1
1334,7.5,0,1,0,80,4.5,0,0,58,67,0
8379,8.6,2,3,2,90,4.8,1,1,80,85,0
9390,6.6,1,1,1,72,3.9,0,0,81,61,0
9708,8.4,2,3,2,90,4.3,1,0,83,87,0
9122,8.4,2,3,1,84,4.5,1,1,83,79,1
3851,8.5,2,3,2,86,4.8,1,1,83,81,1
8341,7.5,0,1,0,63,3.6,1,0,71,70,0
4125,8.2,2,1,1,88,4.4,1,1,74,88,0
8964,7.7,2,2,2,75,4.2,0,1,71,83,0
4789,8.6,2,1,3,80,4.5,1,1,83,81,1
2867,7.7,1,3,1,76,4.0,0,0,65,61,0
1387,7.9,1,1,0,61,4.4,1,1,55,67,0
5942,7.7,1,2,2,82,4.8,0,1,82,76,1
3068,6.9,1,2,1,68,3.8,1,1,70,66,0
9059,8.3,1,1,0,70,4.6,1,1,79,84,0
3630,8.2,1,3,2,90,4.8,1,1,88,85,1
9456,8.2,1,3,2,90,4.8,1,1,66,88,1
8950,7.4,0,2,0,75,4.4,0,1,57,67,0
3029,8.7,1,3,2,72,4.8,1,1,84,72,1
2970,7.8,2,3,2,90,4.8,1,1,88,80,1
8647,7.3,0,1,1,69,4.6,0,1,68,64,0
6137,7.5,1,2,1,68,4.0,0,0,64,68,0
8802,6.9,1,3,2,80,4.6,1,1,73,83,1
4264,7.7,0,1,1,77,4.3,0,1,60,72,0
646,7.4,1,2,1,79,4.7,1,1,59,67,0
9654,8.5,1,0,2,70,4.2,1,0,63,67,0
2075,6.5,0,1,0,81,4.1,0,1,64,65,0
342,7.2,0,2,1,66,3.9,0,0,67,69,0
8042,8.4,0,1,2,89,4.8,1,1,62,87,1
1623,7.8,1,2,1,77,4.5,1,1,74,87,1
7142,8.1,2,3,2,90,4.5,1,1,81,84,1
5797,7.0,1,3,2,85,4.3,0,1,74,72,1
7185,7.6,0,1,1,77,4.6,0,1,55,68,0
8233,6.7,0,1,1,78,4.3,0,0,60,66,0
5476,6.5,1,1,0,77,4.2,0,1,55,74,0
9253,6.5,1,2,0,69,4.7,0,1,80,69,0
75,7.4,2,1,0,75,4.2,0,1,65,84,0
8634,8.4,2,3,2,90,4.6,1,1,74,88,1
9230,8.1,2,1,1,87,3.8,0,1,55,63,0
2052,7.6,0,1,1,75,4.2,0,1,55,63,0
2542,8.4,1,2,2,72,4.6,1,1,70,67,0
1302,7.3,1,2,1,61,4.5,0,1,55,84,0
5878,7.8,1,2,0,78,3.7,1,1,86,64,1
7369,8.0,2,3,0,88,4.5,1,0,77,84,0
1305,8.6,1,3,2,79,4.5,1,1,68,82,1
8429,6.9,1,1,1,64,4.6,0,0,55,61,0
9095,8.3,0,3,2,90,4.7,1,1,85,88,1
2600,7.3,1,1,0,68,4.3,0,0,55,72,0
2574,7.4,1,1,3,74,4.1,0,1,61,63,0
3187,7.9,1,2,1,77,4.3,0,0,55,63,1
2769,6.5,0,2,2,77,4.6,0,1,72,83,0
4832,7.7,1,1,0,76,4.1,0,1,55,64,0
4224,7.4,1,1,0,75,4.3,0,1,62,66,0
9650,7.4,1,2,1,77,3.6,0,0,55,68,0
2107,7.3,0,1,1,66,4.7,0,0,59,66,0
2680,7.2,1,1,1,66,3.8,1,0,67,67,0
1388,8.0,2,2,2,90,4.8,1,1,90,84,1
8932,7.4,0,2,2,83,4.5,1,1,82,71,0
9660,7.9,2,3,2,90,4.8,1,1,84,88,1
7084,7.7,0,3,0,90,4.8,1,1,76,80,0
1280,7.7,0,1,0,63,4.0,1,0,67,63,1
805,8.2,1,3,2,71,4.8,1,1,73,70,0
1556,7.8,2,3,1,79,4.6,0,0,55,68,0
9487,7.5,2,1,0,84,3.8,0,0,61,63,1
4567,7.6,1,1,0,81,3.3,1,1,57,65,0
9670,7.7,1,3,2,74,4.2,1,1,55,84,0
4842,8.0,1,3,0,90,4.4,1,1,77,87,1
3595,7.7,0,1,0,77,4.1,0,1,77,71,1
6036,6.5,0,1,0,62,4.1,0,0,75,60,0
6853,7.6,1,1,1,72,4.5,0,0,55,66,0
8706,6.6,1,1,1,68,3.5,0,0,64,73,1
4178,7.4,0,3,2,90,4.7,1,1,68,71,1
1309,8.2,2,2,0,85,4.1,0,1,84,84,1
3453,6.7,0,2,1,73,4.2,0,1,63,62,0
3696,7.3,1,3,1,78,4.5,1,1,79,78,0
4243,7.8,0,3,0,83,4.4,1,1,77,83,0
2199,8.3,0,3,0,82,4.5,1,1,73,81,1
4426,6.5,1,2,0,76,4.1,1,1,81,83,1
6151,8.2,0,3,2,84,4.8,1,1,56,74,1
944,8.3,1,2,2,71,4.5,1,1,56,67,1
823,8.4,2,3,2,90,4.5,1,1,85,86,1
5006,6.7,1,1,1,77,3.4,0,1,59,72,0
6613,8.1,1,3,0,90,4.5,0,1,59,83,0
8357,8.6,2,2,1,90,4.6,1,1,81,80,1
5620,7.9,1,2,2,84,4.6,0,1,67,64,0
4548,6.7,1,2,1,80,4.5,0,1,59,62,0
2539,8.4,2,3,2,90,4.8,1,1,69,63,1
5208,8.6,1,1,2,73,3.8,1,0,64,64,0
9515,8.2,1,1,2,74,4.5,1,0,82,69,1
9010,8.3,1,3,0,90,4.8,1,1,81,86,1
3055,8.4,2,2,2,78,4.1,0,1,83,80,1
3676,7.5,1,2,0,86,4.8,1,1,55,71,0
7777,8.1,1,3,2,87,4.5,1,1,81,88,1
7219,7.7,1,3,2,90,4.8,1,1,77,81,1
6723,8.5,2,3,2,89,4.8,1,1,78,82,1
3301,6.5,0,1,1,74,4.1,0,0,55,64,0
3311,8.5,0,3,2,90,4.7,1,1,70,86,1
7222,8.3,2,3,0,83,4.8,1,1,84,79,1
8520,6.5,1,1,0,73,4.1,0,1,55,66,0
5955,7.4,1,1,0,85,4.7,1,1,70,72,0
833,8.0,1,2,0,87,4.4,1,1,87,82,1
3463,8.5,2,3,2,90,4.8,1,1,77,88,1
7644,7.6,1,2,2,76,4.5,1,1,80,85,1
55,6.5,0,2,1,72,4.5,0,0,57,69,0
3452,7.0,0,1,1,67,4.1,0,1,69,81,0
6306,8.2,2,3,2,90,4.8,1,1,89,82,1
1482,8.0,2,3,2,90,4.8,1,1,79,78,1
4874,8.3,1,3,2,90,4.5,0,1,77,81,0
8039,8.4,0,1,2,74,4.2,1,1,55,68,0
3336,7.6,1,1,1,70,4.4,1,1,78,63,0
6017,8.5,2,3,2,88,4.8,1,1,75,85,1
4927,8.6,2,3,2,90,4.8,1,1,73,88,1
5798,8.2,1,2,2,84,4.5,1,1,68,63,1
9832,8.0,1,2,2,77,4.7,1,1,68,85,1
5084,7.0,0,1,0,75,3.8,1,0,59,72,0
6646,8.2,2,3,0,83,4.3,1,1,84,87,1
5491,8.1,0,1,0,83,4.3,1,1,68,71,1
769,8.0,2,3,2,90,4.8,1,1,87,88,1
2066,7.7,1,2,1,69,4.5,0,1,55,61,0
9501,7.6,2,3,2,82,4.8,1,1,80,80,1
7312,8.5,2,3,2,90,4.8,1,1,83,88,1
8478,7.2,0,2,0,82,4.8,0,1,55,66,0
4525,8.4,0,2,2,80,4.1,1,1,75,63,1
2718,8.4,0,3,0,86,4.6,1,1,90,83,1
2080,7.3,1,1,0,74,4.5,0,0,67,65,0
8915,7.6,1,1,1,75,3.6,0,1,59,62,0
952,6.7,1,2,1,78,4.4,0,0,60,88,0
8059,8.4,2,3,2,90,4.8,1,1,79,84,1
2483,7.6,1,2,2,76,4.5,1,1,76,81,0
1760,8.1,2,3,2,82,4.5,1,1,79,87,0
4423,7.9,1,2,1,77,4.4,1,0,83,64,0
6705,8.2,1,1,1,64,3.7,0,0,59,66,0
5183,8.4,2,3,2,90,4.8,1,1,86,84,1
8534,6.5,1,1,1,66,3.7,0,1,56,57,0
3702,8.0,1,1,0,68,4.0,1,1,65,71,0
4244,6.5,1,2,0,88,4.4,0,1,60,72,1
689,8.3,1,2,1,73,3.9,0,1,61,79,0
3433,7.7,1,3,0,90,4.3,1,1,80,78,1
4945,7.7,1,3,1,78,3.9,1,0,66,83,0
967,7.4,1,1,1,63,4.2,0,1,55,68,0
9485,6.5,0,3,0,78,4.2,1,1,74,69,0
2714,8.6,1,2,2,76,4.4,1,0,79,84,0
4758,8.9,2,2,0,90,4.8,1,1,72,87,1
9546,7.6,1,1,1,70,3.8,0,1,57,67,0
6321,7.0,1,1,0,86,4.0,0,1,55,83,1
5976,8.4,1,2,1,85,4.8,1,0,79,80,0
3573,7.6,1,3,0,70,4.8,0,1,59,73,0
5300,6.6,1,1,0,71,4.5,1,1,64,70,1
1991,6.6,1,1,1,85,4.0,0,1,57,62,1
1206,7.2,1,2,1,69,3.1,0,1,67,65,0
4972,8.0,2,3,0,90,4.8,1,1,89,80,1
6784,8.2,1,2,3,83,4.4,1,1,76,84,1
3601,7.8,0,2,2,85,4.7,1,1,85,87,1
6491,7.7,2,3,2,90,4.8,1,1,86,88,1
8610,7.0,2,1,1,88,4.8,1,1,75,81,1
9979,7.2,1,2,2,84,4.8,1,1,80,79,1
8071,8.8,1,3,2,90,4.8,1,1,75,82,1
8578,6.5,1,2,1,72,4.5,0,0,60,69,0
7974,6.5,2,3,2,80,4.2,0,1,75,72,0
1626,6.6,1,1,1,69,4.3,0,0,58,61,0
537,8.1,2,3,2,84,4.6,1,1,78,84,1
8767,8.3,1,0,0,85,4.3,1,1,87,83,1
7971,6.6,1,1,0,76,4.2,1,0,55,65,0
4213,8.4,2,3,2,88,4.6,1,1,84,76,1
6457,8.7,1,2,1,74,4.2,1,1,55,80,1
3508,8.7,2,3,3,90,4.6,1,1,77,87,1
8394,7.3,0,2,1,70,3.7,1,1,55,74,1
7113,8.4,1,1,0,80,4.6,0,1,71,72,1
2709,8.5,2,1,2,83,4.3,1,1,65,84,0
5032,8.0,1,3,0,80,4.7,0,1,68,83,1
6515,6.5,0,3,0,77,4.0,1,0,62,71,0
4663,8.4,0,1,0,76,4.2,1,1,55,85,1
4022,8.5,0,1,0,86,4.7,1,1,72,83,1
1855,7.3,1,2,2,84,4.4,1,1,76,81,1
9426,8.2,0,3,1,89,4.8,1,0,76,78,1
2873,8.3,2,3,2,90,4.8,1,1,74,88,1
3031,7.8,1,1,0,74,3.8,0,0,61,68,0
1646,8.2,2,3,2,90,4.6,1,1,76,87,1
3418,8.1,1,3,2,90,4.6,1,1,72,88,1
3477,8.7,2,3,2,89,4.8,1,1,77,83,1
9553,6.6,1,1,0,75,4.4,0,0,62,82,0
1793,7.6,1,1,0,60,4.2,0,0,62,67,0
3798,8.3,1,3,1,84,4.6,1,1,65,63,1
3369,8.5,2,3,2,88,4.8,1,1,82,87,1
7197,8.4,2,3,2,90,4.8,1,1,73,88,1
9642,6.8,1,3,0,80,4.4,0,1,75,67,0
5110,7.8,1,2,0,80,4.7,1,1,55,66,0
6025,7.6,2,2,1,72,3.9,1,0,79,80,0
8796,8.2,1,2,2,80,4.4,1,1,72,83,1
9295,7.5,2,3,2,90,4.7,1,1,65,82,0
127,7.5,1,1,1,68,4.7,0,0,58,64,0
5960,7.7,1,1,0,64,4.4,0,0,62,63,0
3877,7.9,1,3,2,90,4.8,1,1,90,82,1
4452,8.9,1,3,1,74,4.5,1,1,62,81,1
7148,8.1,0,2,0,82,4.2,1,0,68,75,1
3532,7.6,1,2,0,71,4.5,0,1,55,64,1
828,7.1,0,2,0,80,3.8,0,1,57,70,0
7791,7.4,1,1,0,60,4.2,0,1,55,65,0
985,8.3,1,1,2,88,4.1,1,0,70,80,1
7784,8.2,1,3,2,90,4.4,1,1,71,81,1
2444,7.8,1,3,1,75,4.4,1,1,59,72,0
8555,8.6,2,3,2,90,4.8,0,1,71,85,1
346,7.1,1,1,1,63,3.6,0,1,58,68,0
815,6.6,0,1,1,72,4.1,0,1,64,70,0
6167,8.4,2,3,2,90,4.6,1,1,83,84,1
5780,8.6,1,3,0,82,4.3,1,1,71,82,1
2117,8.3,1,3,2,90,4.8,1,1,87,88,1
794,6.5,1,2,0,77,4.6,0,1,64,70,0
6899,8.6,1,3,2,90,4.8,1,1,73,83,1
2675,8.1,1,1,1,78,4.3,0,1,58,63,0
95,7.7,2,2,2,85,4.8,1,1,74,83,0
4226,7.1,2,3,0,79,4.8,1,1,70,88,1
3757,8.3,1,2,0,89,4.5,1,1,75,72,0
2892,8.3,2,1,0,80,4.7,1,1,84,86,1
2372,7.8,0,2,0,74,4.2,0,1,55,68,0
9389,7.2,1,1,0,65,3.7,0,0,63,71,0
3229,8.4,1,1,0,84,4.7,1,0,62,63,0
7864,6.6,1,3,1,82,4.6,0,1,59,87,0
6360,8.3,1,2,0,81,3.6,1,1,81,84,0
9197,7.7,2,2,0,90,4.7,1,1,70,86,1
7327,7.4,0,2,1,75,4.1,0,1,78,65,1
6029,6.8,1,2,0,82,4.4,1,1,59,69,1
1866,6.7,0,2,0,83,4.0,0,1,55,66,0
4613,7.6,1,1,0,65,4.1,1,0,55,65,0
2646,7.0,2,1,0,75,3.8,1,1,69,67,1
2244,7.5,1,2,0,79,3.8,0,0,64,70,0
5374,8.0,2,3,0,84,4.6,1,1,76,83,1
2337,7.5,1,2,1,90,3.4,0,1,59,72,0
951,8.3,1,1,1,64,4.1,0,0,55,71,0
1121,8.5,1,1,0,75,4.5,1,1,84,68,0
2205,8.3,0,3,1,76,4.5,1,0,81,67,0
420,7.8,1,3,0,78,4.4,0,1,77,70,1
923,8.2,1,1,0,76,4.7,1,1,75,84,0
8670,6.6,1,3,2,90,4.6,1,1,73,65,0
5409,7.9,1,3,0,84,4.7,1,1,70,85,1
5789,8.0,2,3,2,79,4.8,0,0,74,79,1
5743,6.5,1,3,2,77,4.2,1,1,78,81,0
7668,8.1,1,1,0,70,4.3,1,1,76,69,0
5568,7.5,1,3,0,83,4.1,1,1,78,81,1
8136,8.2,0,3,0,77,4.0,1,0,69,85,0
1203,7.5,1,1,1,77,4.5,1,1,72,86,1
5766,7.7,1,3,3,84,4.7,1,1,78,73,0
8390,8.3,1,3,2,90,4.7,1,1,80,85,1
1971,7.6,0,1,2,83,4.8,1,1,78,81,1
4019,7.6,1,2,1,74,4.1,0,1,55,65,1
3688,7.3,1,2,1,83,3.9,1,1,74,66,1
1998,8.1,2,3,0,87,4.4,1,1,86,88,1
4034,6.5,0,1,1,68,4.1,0,0,55,65,0
1249,7.3,0,2,0,69,3.8,0,1,55,63,0
2193,7.3,0,1,0,67,3.6,0,0,55,58,0
2713,6.8,1,1,0,73,4.3,0,0,63,68,0
2191,7.8,1,2,1,78,4.8,0,1,55,69,0
4671,8.1,1,3,2,90,4.3,1,1,73,86,1
5143,7.6,2,1,0,78,3.9,0,0,83,69,1
5985,7.7,1,1,2,64,4.4,1,1,61,64,0
6566,8.3,2,3,2,90,4.8,1,1,75,85,1
7805,6.6,2,3,1,85,4.1,0,0,74,69,0
6944,8.2,2,3,2,86,4.5,0,0,77,80,0
2137,6.5,1,2,1,72,4.6,1,1,82,71,0
1066,8.6,0,3,2,73,4.2,1,0,73,85,1
601,6.8,1,1,1,75,3.8,0,1,60,67,0
4228,8.1,2,3,2,90,4.8,1,1,89,83,1
7578,6.5,1,2,0,60,4.3,0,0,55,70,0
78,6.9,1,1,0,83,3.5,0,1,61,71,0
7547,8.0,2,3,2,87,4.8,1,1,75,81,1
2899,8.0,2,3,2,89,4.8,1,1,83,83,1
4821,8.0,2,3,1,78,4.5,1,1,79,80,1
9303,8.2,1,3,2,90,4.8,1,1,81,83,1
6414,7.9,2,3,2,90,4.7,1,1,88,83,1
9065,7.5,1,2,0,64,3.8,0,0,55,67,0
8008,8.6,2,1,2,90,4.8,1,1,81,80,1
5469,8.2,1,3,0,87,3.7,1,1,74,88,1
5952,7.4,1,1,1,81,4.2,0,0,82,61,0
3392,8.0,1,2,1,82,4.4,0,1,81,65,1
5416,7.4,1,2,0,80,4.6,0,1,76,71,1
2561,8.3,2,3,2,90,4.8,1,1,68,88,1
8163,7.7,2,3,2,87,4.8,1,1,80,82,1
2636,6.5,0,1,0,76,4.6,1,1,79,67,0
5257,8.2,2,2,0,88,4.1,1,1,63,77,0
3531,8.4,0,3,0,84,4.2,1,1,75,82,1
8568,8.0,1,3,2,90,4.8,1,1,79,84,1
1909,6.7,1,2,0,75,4.8,1,1,55,67,1
236,8.2,2,3,1,69,4.0,1,1,77,82,0
1605,7.9,2,3,2,90,4.8,1,1,75,87,1
7985,8.3,1,3,2,82,4.8,1,1,77,88,1
3491,7.9,2,3,2,86,4.8,1,1,71,84,0
1995,7.7,0,1,0,65,4.3,0,1,55,64,0
2825,7.3,1,1,0,84,4.5,0,1,55,75,0
9286,7.6,1,1,2,90,4.8,1,1,80,69,0
1343,8.4,1,3,2,90,4.1,1,1,77,82,1
8513,7.5,1,2,2,68,4.0,1,1,69,68,1
1620,7.7,1,1,0,80,4.5,0,0,55,74,0
5288,7.9,0,3,0,90,4.4,1,0,75,86,1
2061,7.1,1,1,0,79,3.8,0,0,55,61,0
9956,8.1,2,1,0,83,4.1,0,0,63,66,0
2220,8.3,2,3,2,82,4.8,1,1,79,81,1
6039,8.1,0,3,2,79,4.3,1,1,72,83,1
261,8.7,2,1,0,66,4.8,1,0,70,59,0
9366,8.4,2,3,2,90,4.8,1,1,79,88,1
9094,7.6,2,1,1,74,3.8,1,1,61,83,0
3745,7.5,1,3,2,83,4.3,1,1,75,81,0
2027,7.3,1,1,0,70,3.7,1,1,61,67,0
6989,6.8,1,2,0,88,4.8,1,1,80,64,1
4235,7.4,0,1,2,81,3.8,1,1,72,87,0
1918,7.5,2,3,2,79,4.4,1,1,70,80,1
1829,8.1,2,3,2,74,4.2,1,1,61,82,1
6234,6.5,1,1,1,68,3.9,0,1,55,73,0
9333,7.6,1,3,2,71,4.2,1,1,72,68,0
6284,7.4,0,1,2,79,3.5,0,1,55,66,0
4209,6.5,0,2,1,84,4.8,0,1,74,84,1
225,8.3,1,3,2,78,3.9,1,1,60,61,1
8916,7.5,0,1,0,74,4.5,1,1,71,80,0
6470,7.7,0,1,1,90,4.4,0,1,80,64,0
9414,7.4,1,1,0,79,3.8,1,0,60,60,0
847,6.5,1,1,1,75,3.9,0,0,58,66,0
4290,7.4,1,2,1,83,4.2,1,1,59,74,1
5561,6.5,1,1,1,83,4.4,0,0,55,74,0
2552,8.5,2,1,1,80,3.6,1,0,83,68,0
118,6.5,1,2,0,65,4.4,0,1,61,68,0
8838,6.5,1,1,0,69,3.5,0,1,55,72,0
5967,6.6,1,3,2,87,4.8,1,1,88,83,1
8196,7.6,1,1,1,70,4.4,0,0,58,63,0
8660,6.5,1,1,0,87,4.8,0,0,63,66,1
7490,6.5,1,1,1,81,4.8,0,1,58,77,0
6,7.0,0,2,2,71,4.2,1,0,55,66,0
5343,7.5,0,1,1,78,3.5,0,1,55,78,0
9112,6.7,1,2,1,79,3.9,0,1,82,83,0
4325,8.3,2,3,2,82,4.7,1,1,79,82,1
1064,6.5,1,1,0,80,3.8,0,0,61,65,1
2591,7.9,2,2,1,88,4.5,1,1,83,73,1
8435,7.9,0,1,0,80,4.8,0,1,83,69,0
3736,7.9,0,1,1,77,4.2,0,0,55,63,0
3518,7.5,1,3,0,86,4.5,1,1,90,67,1
6987,7.6,0,1,1,64,4.1,0,0,55,58,0
6768,8.7,2,3,2,90,4.8,1,1,75,87,1
5623,8.7,0,2,1,80,4.8,1,1,82,79,1
1606,8.2,0,2,0,89,4.1,0,1,55,82,0
1734,7.6,1,3,2,90,4.4,1,0,73,81,1
9342,6.5,1,1,2,68,3.8,1,0,61,70,0
3813,7.5,0,2,1,70,4.4,0,1,55,69,0
9625,6.7,1,1,0,85,4.4,0,1,55,68,0
1762,7.5,1,1,1,70,3.8,0,1,63,73,0
5402,8.2,1,3,0,89,4.8,1,1,80,88,0
2740,8.1,2,3,2,82,4.7,1,1,83,86,1
2473,7.9,2,1,2,75,3.9,1,0,77,80,0
6739,7.6,1,2,0,80,4.0,0,1,78,73,0
6892,6.6,1,1,1,69,4.5,0,1,61,68,0
7944,8.1,1,2,1,88,4.8,0,1,77,88,1
4207,8.4,2,3,2,87,4.8,1,1,79,86,1
6372,8.7,1,3,2,90,4.8,1,1,77,79,1
233,7.7,0,1,1,69,4.8,1,1,78,65,0
8259,8.1,0,3,0,76,3.9,1,1,66,83,0
7562,7.3,1,2,1,88,4.8,0,0,55,74,0
6169,6.9,1,1,1,70,4.5,0,0,65,72,0
3597,7.8,1,1,0,82,4.6,1,1,55,77,1
6289,8.1,2,3,2,84,4.1,1,1,87,85,1
4633,8.3,2,3,2,90,4.5,1,1,82,85,1
126,7.7,1,2,0,73,4.0,0,1,65,75,1
7642,6.9,1,2,0,70,4.8,1,1,78,88,0
6230,7.0,1,3,0,74,4.6,1,1,77,67,0
1297,6.8,2,2,2,78,4.3,1,1,78,86,1
1977,8.1,0,3,2,83,4.6,1,0,68,83,1
9481,8.0,1,3,1,80,4.6,1,0,80,70,0
9582,7.7,1,2,0,73,4.8,0,1,78,71,0
5751,7.5,1,1,1,75,4.0,0,0,55,74,0
8153,7.6,1,2,1,87,4.3,0,0,60,80,0
3087,7.7,1,1,0,81,4.3,0,0,60,70,1
9277,7.7,2,3,2,75,4.4,1,0,83,83,1
6883,7.5,1,1,2,80,4.5,0,0,64,70,0
9306,7.6,1,2,2,75,4.7,0,1,65,68,0
7674,6.5,1,2,0,71,4.0,1,1,75,74,0
3346,8.4,2,3,2,87,4.5,1,1,77,86,1
8173,8.4,1,3,2,78,4.5,1,1,78,73,1
9422,7.8,1,2,1,77,4.2,1,1,65,67,0
5871,7.7,1,1,1,89,4.4,0,0,55,63,0
6507,7.7,1,1,0,74,4.5,0,0,84,67,0
2798,7.5,0,1,1,72,3.5,0,1,55,65,0
919,7.4,2,1,0,77,4.3,0,0,66,74,1
1647,8.5,0,3,2,90,4.3,1,1,80,85,1
5123,7.8,0,2,0,79,4.5,1,0,80,81,0
5127,8.0,1,1,0,69,3.6,0,0,55,62,0
4622,7.3,1,2,1,86,3.4,0,1,63,74,0
6810,7.6,1,3,2,78,4.4,1,1,72,81,1
365,7.5,0,3,2,90,4.8,1,1,82,81,1
2126,7.7,1,3,0,86,4.8,1,1,79,84,1
8151,7.5,0,1,1,72,4.6,1,1,55,64,0
8718,7.3,0,1,0,72,4.3,0,0,55,68,0
56,8.8,2,3,2,90,4.8,1,1,86,88,1
639,7.4,1,2,0,68,4.3,0,1,56,67,0
303,7.4,1,1,1,64,4.0,0,0,55,62,0
5812,7.5,0,1,0,79,3.6,0,1,77,72,0
1277,8.6,2,2,2,90,4.8,1,1,72,88,1
4433,7.7,0,1,0,67,3.8,0,1,57,66,0
3645,6.6,1,3,0,83,4.8,1,1,76,84,1
4144,7.4,1,2,0,89,4.2,1,1,74,83,0
2879,7.6,0,1,0,88,4.3,0,1,56,62,0
6494,8.4,1,2,1,76,4.0,1,1,55,84,1
5241,8.6,1,1,3,71,3.9,1,0,62,66,1
9409,8.8,0,3,0,68,4.1,1,1,55,66,0
6938,6.6,0,1,1,72,3.9,0,0,64,62,0
7241,8.3,2,3,2,90,4.7,1,1,63,87,1
2594,7.5,1,2,1,76,4.2,0,1,55,71,0
2394,6.9,0,3,2,82,4.8,1,1,85,79,1
524,8.0,0,3,3,90,4.3,1,1,75,87,1
6377,7.5,1,1,0,79,4.3,0,0,58,70,0
6982,7.9,2,1,0,73,4.4,1,0,66,57,1
6678,8.6,2,3,1,88,4.8,1,1,71,83,1
3901,8.5,2,3,2,88,4.3,0,0,73,86,0
9635,7.6,2,3,2,79,4.7,1,1,55,82,1
5586,6.5,1,1,0,72,4.5,0,0,55,66,0
9361,8.0,2,3,0,90,4.8,1,1,76,86,1
7957,6.7,0,1,1,77,3.7,0,0,63,67,0
7571,6.5,1,1,0,79,3.7,0,0,63,62,0
6778,7.6,0,1,0,79,4.0,0,0,55,63,0
672,7.3,1,1,0,71,4.6,1,1,75,67,0
4189,8.3,0,3,1,88,4.1,1,1,55,80,0
667,8.7,2,3,2,87,4.8,1,1,55,84,1
3267,7.4,1,3,1,89,3.6,1,1,68,83,0
1888,8.1,2,3,2,90,4.8,1,1,84,86,1
8473,6.5,1,1,0,77,4.3,0,0,55,66,0
9092,6.5,0,1,1,80,3.2,0,0,71,60,0
7688,7.6,1,1,1,71,3.8,0,0,62,71,0
6032,7.6,1,1,0,73,4.2,0,1,55,69,0
6091,7.6,1,1,0,71,4.0,0,0,56,58,0
6239,8.5,2,3,2,83,4.8,1,1,76,83,1
7351,8.3,1,3,2,89,4.8,1,1,81,85,1
7831,6.5,1,1,1,78,4.3,0,1,77,69,0
761,7.5,1,1,0,79,3.7,0,0,55,58,0
6255,6.6,0,1,1,60,3.9,0,0,64,63,0
1907,7.7,1,3,1,84,4.7,1,0,59,65,0
3819,6.7,1,1,0,71,3.9,0,0,65,62,0
6270,6.5,0,2,0,69,4.5,0,0,64,69,0
4301,7.7,1,3,1,79,4.4,1,1,70,84,1
5570,8.5,2,3,2,84,4.6,1,1,85,82,1
7942,7.4,0,2,1,71,4.7,0,1,69,81,0
4165,7.5,1,2,0,80,3.5,0,0,66,65,0
5972,7.6,0,3,0,88,4.6,1,0,82,81,1
3580,8.3,0,1,2,75,4.2,0,1,73,69,0
2833,7.2,1,3,2,80,4.6,0,0,79,84,1
5450,8.4,0,3,2,81,4.8,1,0,77,84,1
3473,7.4,1,1,0,70,3.7,0,1,61,72,0
6328,7.6,0,1,0,72,4.0,0,1,55,73,0
138,8.1,2,2,2,90,4.5,1,1,73,82,1
7044,7.9,1,3,2,83,4.7,1,1,90,86,1
4893,8.6,1,2,3,76,4.7,1,1,81,80,0
2181,7.5,1,2,0,87,4.5,0,0,57,72,0
7731,7.7,1,1,2,79,3.9,0,1,56,66,0
3178,7.4,0,2,0,74,4.1,0,1,64,63,1
4855,7.4,1,1,1,80,3.6,1,1,78,74,0
4638,7.4,1,1,0,63,3.8,0,1,62,70,0
5116,7.6,1,1,1,75,3.6,0,1,65,66,0
7649,7.5,1,1,0,61,3.9,0,0,55,74,0
4262,7.4,0,1,1,63,3.5,0,0,56,68,0
1332,8.0,1,3,2,90,4.8,1,1,75,82,1
7003,7.3,1,2,1,76,4.7,0,1,67,73,0
6942,7.2,1,2,2,66,4.1,1,1,78,75,1
8018,7.4,0,1,0,76,4.0,0,0,60,70,0
6242,8.2,1,1,1,73,3.9,1,0,59,71,0
9988,7.7,1,2,0,82,4.2,1,1,84,70,1
6882,8.4,2,3,1,78,4.8,1,1,55,87,0
4531,8.9,2,3,2,90,4.7,1,1,81,87,1
4674,8.0,1,3,0,87,4.3,1,1,81,77,1
6997,8.6,2,3,2,90,4.8,1,1,84,85,0
1253,8.2,2,3,2,90,4.8,1,1,81,88,1
3375,7.4,1,1,1,68,3.9,1,1,62,63,0
2815,7.4,2,2,1,74,3.8,0,1,55,69,0
4720,6.8,1,1,0,74,4.2,0,1,58,73,0
6545,8.0,1,1,2,86,4.6,1,1,77,84,0
4859,8.0,2,3,0,90,4.7,0,1,73,87,1
7902,8.0,1,2,0,90,4.5,1,1,75,83,0
8581,8.5,0,1,0,71,4.0,1,0,73,69,0
8428,8.7,2,3,2,90,4.8,1,1,74,81,1
1078,7.4,1,1,0,78,3.9,0,0,55,80,0
4364,8.5,2,3,2,90,4.7,1,1,78,84,1
771,7.6,2,3,2,84,4.6,1,1,72,85,1
8866,7.7,2,3,2,90,4.8,1,1,87,88,1
250,7.4,1,2,1,68,3.4,0,1,57,61,0
7240,8.2,2,3,2,81,4.8,1,1,81,83,1
3420,8.1,2,1,1,87,4.1,1,1,55,69,0
4977,6.5,1,2,1,77,4.0,0,0,55,63,0
4545,8.5,0,2,0,90,4.4,1,1,79,61,1
5566,7.5,1,1,0,75,4.1,1,1,61,70,0
7940,7.6,1,2,1,72,4.4,0,0,74,73,0
717,8.5,2,3,2,88,4.3,0,1,67,88,0
9653,6.7,2,1,2,85,3.5,1,1,55,84,0
2049,8.6,2,3,1,90,4.8,1,1,75,88,1
5998,7.7,1,2,0,78,4.0,0,1,57,68,0
6601,6.9,1,1,1,77,4.4,1,1,80,83,1
7246,8.2,1,1,0,76,4.8,0,1,82,82,1
4179,8.4,1,3,3,90,4.8,1,1,78,85,1
4810,7.5,1,1,0,71,3.6,1,0,61,71,1
9483,7.6,0,1,0,71,3.5,0,1,55,70,0
7141,7.5,1,1,0,78,4.4,1,1,77,88,0
7191,7.8,2,3,2,90,4.8,1,1,87,84,1
1461,7.1,2,2,0,81,4.4,1,1,64,64,1
5990,8.7,1,3,3,90,4.5,1,1,79,87,1
2001,7.7,2,1,0,65,3.8,1,0,88,79,0
8176,9.0,2,3,0,90,4.8,1,1,85,80,1
405,6.9,0,1,2,76,4.8,1,0,78,82,1
385,8.5,2,1,3,82,3.6,1,1,67,81,0
9449,6.5,1,1,0,80,4.4,0,1,55,68,0
9488,6.9,1,1,1,68,4.4,1,1,55,65,0
1634,6.5,1,2,0,78,4.3,0,0,55,67,0
9854,8.2,2,3,2,90,4.6,1,1,75,84,1
4785,7.7,1,3,2,87,4.8,1,1,70,88,1
9457,8.1,2,3,2,90,4.8,1,1,78,83,1
6971,7.8,0,2,1,82,4.4,1,1,73,88,1
3926,7.5,1,1,0,77,4.0,0,1,55,65,0
4159,8.2,1,1,1,66,3.6,0,1,62,69,0
7450,7.5,1,2,0,78,3.9,0,0,66,68,0
8416,7.7,2,3,2,90,4.8,1,0,78,81,1
2194,7.8,1,1,0,79,4.0,0,1,55,70,0
1016,8.6,1,3,1,83,4.7,1,1,81,87,1
5125,7.7,0,1,0,65,4.6,0,0,58,59,0
7419,7.5,1,1,1,77,4.4,1,0,70,67,0
7410,7.8,2,2,2,80,4.6,1,1,90,79,1
8990,8.2,2,3,2,90,4.8,1,1,85,88,1
2872,7.7,0,2,0,80,4.3,0,1,55,68,0
10,7.8,1,3,2,79,4.4,1,1,85,86,1
1839,7.6,1,2,0,65,4.8,0,1,62,73,1
4805,7.5,1,3,0,84,4.2,1,1,82,69,1
256,8.5,1,3,2,75,4.5,1,1,75,84,0
7027,6.5,1,1,0,65,3.7,0,0,55,62,0
5714,6.9,2,2,2,72,3.7,1,1,58,71,0
3325,8.3,1,3,2,90,4.8,0,1,79,87,1
7715,6.5,1,2,1,84,4.7,1,1,77,72,0
1582,8.4,1,1,2,81,4.8,1,0,84,80,1
925,7.5,0,1,2,89,4.0,0,1,66,63,0
2780,8.1,2,3,2,82,4.2,1,1,72,82,0
7892,8.1,2,3,2,90,4.8,1,1,85,88,1
6133,6.5,0,1,0,74,4.1,1,0,66,61,0
5321,7.9,1,2,0,90,4.8,0,1,75,85,0
7313,6.5,1,2,0,86,4.4,1,1,55,66,0
7103,8.5,1,1,0,79,4.1,1,1,75,66,0
6043,8.4,2,3,2,89,4.8,1,1,76,85,1
3776,7.4,1,1,0,72,4.0,0,1,63,69,0
4836,8.3,0,3,1,79,4.5,1,0,55,64,0
4965,7.7,0,1,0,82,4.1,0,1,56,75,0
540,7.5,2,2,0,73,4.4,1,1,86,74,1
7484,8.4,1,2,1,77,4.0,1,1,79,84,0
2746,6.5,0,1,0,72,4.1,0,0,56,68,0
3720,7.2,1,2,0,73,4.2,0,1,61,63,0
6820,7.8,2,3,2,83,4.5,1,0,90,83,0
9338,8.0,2,3,1,90,4.8,1,1,86,85,1
4469,8.0,2,3,2,90,4.8,1,1,82,81,1
668,6.9,0,1,0,79,3.6,0,0,61,67,0
7576,8.3,2,3,2,90,4.4,1,1,90,84,1
8550,7.7,2,3,2,82,4.8,1,1,80,87,0
5064,7.6,1,1,1,82,4.3,0,0,62,60,1
1354,8.1,1,3,1,82,4.8,1,1,82,82,1
7115,6.9,1,3,2,78,3.8,1,1,75,74,0
9774,8.2,2,3,2,90,4.8,1,1,72,88,1
8663,8.5,0,3,0,81,4.4,1,1,82,83,0
2704,7.3,1,1,0,78,3.7,0,0,55,70,0
3331,7.5,1,1,1,66,4.0,0,0,58,65,0
8054,7.6,1,1,0,84,4.1,1,1,72,72,0
3585,6.5,0,1,0,72,3.7,1,1,63,66,0
9442,8.2,0,3,0,65,4.2,1,1,71,73,0
5646,6.5,1,2,1,89,4.0,0,1,55,67,0
3377,8.2,2,3,2,87,4.6,1,0,87,86,1
1257,7.6,1,1,1,77,4.1,0,1,64,70,0
6191,7.5,1,2,0,80,4.3,0,0,76,71,0
5349,8.5,1,3,1,84,4.3,1,1,55,66,0
4176,7.6,1,2,3,74,3.7,1,1,79,86,1
4911,6.7,1,1,0,83,4.2,0,0,55,57,0
1853,7.6,1,2,0,69,4.4,0,1,60,68,0
6317,6.5,1,1,1,60,4.0,0,0,62,69,0
9855,6.8,1,1,1,85,4.5,0,1,55,72,0
2106,8.1,2,3,2,85,4.8,1,1,80,79,1
134,8.7,0,3,2,88,4.8,0,0,87,84,0
5030,6.5,0,1,1,87,4.8,0,0,55,72,0
929,8.0,2,3,3,80,4.8,1,1,78,86,0
824,7.3,0,2,1,74,3.7,0,0,58,68,0
7577,8.3,2,3,0,90,4.8,1,1,79,82,1
1532,7.6,1,2,2,81,3.8,1,0,84,86,1
1215,7.7,1,2,0,73,4.3,0,1,55,70,0
505,6.7,2,0,0,69,3.9,0,1,76,71,0
6531,8.4,2,3,2,88,4.5,1,1,73,83,1
3073,8.2,1,3,2,83,4.3,1,0,83,63,0
9087,6.6,0,1,0,67,3.3,0,1,55,69,0
8648,8.0,1,2,2,83,4.3,1,1,72,88,0
6620,7.2,0,1,1,68,4.3,1,1,58,59,0
9274,8.5,2,2,2,90,4.4,1,1,70,84,1
3710,8.4,2,3,0,89,4.1,1,1,88,71,1
4850,6.5,1,1,1,80,4.4,0,1,60,65,0
4749,8.2,1,1,2,85,4.8,1,1,79,82,1
4269,8.5,1,3,2,90,4.8,1,1,79,87,1
9879,7.6,2,3,1,79,4.8,0,1,67,85,1
8906,6.5,1,1,1,79,4.7,0,1,59,64,0
4187,8.3,2,3,2,90,4.8,1,1,80,84,1
5302,7.7,1,2,2,79,4.8,1,1,82,82,0
2924,7.7,1,3,1,84,3.9,0,1,55,78,0
6589,7.5,1,1,1,71,4.0,1,0,59,69,0
1811,8.4,1,3,2,87,4.8,1,1,75,88,1
3487,7.0,1,1,2,75,4.4,1,0,59,68,0
7420,6.5,1,1,0,67,3.9,0,0,84,66,0
3142,7.5,0,1,0,66,4.2,0,0,58,65,0
9348,8.6,2,3,2,90,4.8,1,1,82,82,0
1325,8.5,1,1,2,85,4.7,1,1,80,77,1
4313,8.6,2,3,2,90,4.8,1,0,82,87,1
7495,6.5,0,3,0,77,3.6,1,0,60,74,0
8703,7.5,1,2,2,80,4.3,1,1,65,80,1
8692,7.8,2,3,2,90,4.5,1,1,78,83,1
9504,6.8,1,2,1,72,4.3,1,1,55,68,0
5542,6.5,1,1,0,79,4.0,1,1,79,74,0
6173,7.6,1,1,0,79,3.7,0,1,55,65,1
1541,6.5,0,1,0,78,3.5,0,1,55,67,0
9410,6.9,0,1,1,70,3.5,0,1,59,71,0
2682,6.5,1,1,1,79,3.8,0,1,60,69,0
9883,8.0,1,3,2,84,4.3,1,1,76,78,1
6314,8.5,2,3,2,90,4.7,1,1,84,87,1
1192,7.8,1,2,1,70,4.1,0,1,55,63,0
5294,8.4,0,3,2,90,4.8,1,1,88,84,1
1543,6.7,1,1,0,74,4.1,0,1,55,68,0
7057,7.9,2,3,2,90,4.8,1,1,70,83,1
2540,7.5,1,3,1,84,4.8,1,1,72,67,1
954,7.6,0,1,1,65,4.1,0,0,55,62,0
7242,7.6,1,2,1,77,4.6,0,1,72,69,0
6732,7.5,2,2,0,86,3.9,1,1,84,88,0
4847,8.7,2,3,3,89,4.5,1,1,72,87,1
6802,8.4,2,3,2,88,4.8,1,1,70,84,1
8011,8.1,1,3,2,89,4.6,1,1,80,85,1
4331,8.2,2,3,2,75,3.9,1,1,78,69,0
8925,8.2,1,2,3,86,3.9,1,1,76,88,1
5335,8.6,2,3,3,78,4.7,1,1,75,83,1
7331,8.4,0,2,2,87,4.3,1,1,77,67,0
9349,8.3,2,1,2,70,4.3,1,0,64,64,0
4730,7.6,0,2,1,81,4.4,1,1,70,63,1
6542,7.6,1,3,3,82,4.8,1,0,79,83,0
5306,8.2,2,3,2,90,4.8,1,1,77,85,1
5162,7.8,1,2,2,76,4.4,0,1,55,67,0
7861,7.7,1,1,0,74,4.2,1,1,86,64,0
2157,7.4,1,2,2,74,4.4,1,1,84,72,0
1063,7.6,0,2,2,67,4.0,0,1,76,67,0
1168,7.6,1,3,1,70,4.5,1,1,57,68,0
3637,8.2,1,2,3,68,4.4,1,1,75,82,1
7652,8.6,1,1,2,90,4.7,1,1,76,85,1
5589,8.2,1,2,0,78,3.8,0,1,55,80,0
7193,8.5,2,3,2,90,4.8,1,1,82,87,1
4492,8.0,2,3,1,87,4.7,1,1,87,86,1
7267,7.4,1,1,0,85,3.9,0,1,62,68,0
4981,8.5,2,3,2,90,4.8,1,1,82,87,1
8336,8.6,1,3,0,89,4.5,1,1,80,72,1
9953,8.1,2,3,2,90,4.8,1,1,74,86,1
4947,6.5,0,1,0,60,3.9,0,0,64,66,0
2783,7.5,1,2,2,89,4.8,1,1,70,84,1
718,6.9,1,1,1,74,4.4,0,0,86,63,0
2503,7.7,1,1,0,67,4.0,0,0,55,69,0
4361,7.5,1,1,1,74,4.6,0,1,57,69,0
4172,6.7,0,1,0,73,4.0,0,1,72,65,1
8083,7.3,1,1,0,82,3.9,0,0,81,60,0
9761,6.6,1,1,1,64,4.4,0,0,64,60,0
396,8.2,2,3,2,90,4.8,1,1,81,84,1
7187,8.0,2,3,2,89,3.7,0,1,81,83,1
9823,7.5,1,1,0,75,4.3,0,1,56,66,0
4493,8.4,1,3,1,84,4.5,1,1,75,88,1
1366,6.7,2,0,0,75,4.0,1,1,55,69,1
9527,7.6,0,1,0,80,4.2,0,0,55,73,0
8788,6.8,1,1,1,78,3.8,0,0,58,68,0
5918,7.4,1,1,0,87,4.6,0,0,55,70,0
4969,8.3,2,3,2,87,4.7,1,1,84,80,1
2915,6.6,1,1,0,71,4.5,1,0,90,64,0
5645,6.5,1,1,0,77,3.6,1,1,60,74,0
3767,6.9,0,2,1,78,4.1,0,1,55,64,0
3441,8.2,0,3,2,86,3.9,1,1,75,84,0
7358,8.1,1,3,0,87,4.7,1,1,83,85,1
6807,8.1,1,3,2,90,4.8,1,1,74,82,1
2144,6.6,1,2,2,73,3.3,1,1,64,83,1
5105,6.6,1,1,1,87,4.7,0,1,55,69,0
5074,7.6,1,2,1,84,4.7,0,0,69,72,0
1572,8.9,2,3,2,90,4.8,1,1,72,86,1
4080,7.6,1,2,1,74,4.0,1,1,62,85,0
1123,7.2,1,1,1,83,4.4,0,0,59,68,0
2787,6.8,1,3,2,83,4.7,1,0,64,80,0
2968,8.6,0,3,2,85,4.7,1,1,78,80,1
2505,7.5,1,2,2,72,3.9,1,1,55,71,0
5989,8.4,0,1,1,82,3.6,0,1,61,65,1
8868,8.0,2,3,3,85,4.8,1,1,77,81,0
7165,7.2,2,3,0,85,4.8,0,1,79,82,0
729,7.4,0,2,0,71,4.0,0,1,55,73,1
7588,7.5,0,1,1,70,4.4,0,0,55,66,0
7544,8.6,2,3,2,90,4.8,1,1,73,68,1
413,7.8,0,1,1,63,4.5,0,0,61,65,0
5746,7.7,2,1,0,83,4.6,0,1,63,64,0
7669,7.5,0,2,0,70,4.1,0,1,55,67,0
826,7.6,1,1,1,68,4.2,0,0,56,67,0
3268,7.5,1,2,1,71,4.0,1,1,72,63,0
3975,7.6,0,1,0,88,4.7,1,1,62,69,1
8809,8.1,2,3,2,86,4.7,1,1,76,80,1
8307,8.3,2,3,2,85,4.8,1,1,73,80,0
418,8.0,2,3,0,86,4.8,1,1,73,82,1
6749,8.2,1,2,0,82,4.5,1,1,74,66,0
8968,7.4,1,1,0,80,4.3,0,1,58,69,1
2083,7.4,1,1,1,82,4.3,0,1,86,69,0
8946,7.3,1,2,1,68,4.6,0,1,65,70,0
3374,7.7,0,1,0,81,4.8,1,0,55,70,0
5727,8.9,2,3,2,90,4.8,1,1,82,87,1
4108,7.4,1,1,0,71,3.3,0,0,55,66,0
4381,8.5,2,3,3,79,4.1,1,1,69,86,0
7724,8.5,2,3,0,86,4.6,1,1,69,85,1
1067,6.5,0,1,1,82,4.5,0,0,55,71,0
3914,7.7,2,2,0,73,4.3,1,1,72,88,1
5537,6.6,2,2,1,61,3.5,0,1,55,69,0
8003,7.5,1,1,0,88,4.3,0,0,86,84,0
5388,8.1,0,3,2,88,4.8,1,1,75,81,1
5733,6.5,1,2,0,66,4.2,0,1,59,64,0
2739,8.5,1,3,2,88,4.8,1,1,83,83,0
5053,8.5,2,2,2,88,4.8,1,1,76,86,1
4001,7.5,0,2,1,70,3.7,0,0,80,63,0
2428,8.2,1,1,1,87,4.7,1,1,55,81,0
6834,8.1,0,3,2,85,4.7,1,0,87,79,0
1688,7.4,1,2,0,81,4.8,1,0,55,69,0
852,6.6,0,2,1,70,3.2,0,1,62,58,0
6304,8.4,2,3,2,90,4.8,1,1,73,84,1
9088,6.8,2,1,2,75,4.6,1,1,74,82,0
5879,8.3,1,3,2,85,4.7,1,1,74,78,0
8528,7.6,1,3,2,90,4.0,1,1,73,84,0
2840,7.5,1,1,0,71,4.0,0,0,60,57,0
4612,7.5,0,1,0,60,3.5,0,0,55,63,0
9541,8.3,2,3,2,89,4.8,1,1,78,81,1
9208,7.0,1,2,0,72,4.6,1,1,68,74,1
2490,8.2,1,1,2,72,4.4,0,0,83,68,0
6906,8.3,2,3,2,87,4.3,1,1,67,84,1
7391,7.5,1,1,0,71,3.6,0,0,60,65,0
2850,7.9,0,3,1,90,4.4,1,1,82,87,1
6666,7.3,0,2,0,83,4.5,0,0,60,69,0
5882,6.5,0,1,1,75,4.5,1,1,67,81,0
4453,7.7,1,2,0,80,4.1,1,1,73,62,0
7422,8.1,1,3,2,89,4.7,1,1,71,80,0
6485,7.6,1,1,1,70,3.8,0,1,55,69,1
2480,8.2,1,1,1,84,3.9,1,1,61,60,1
6618,8.6,1,3,2,90,4.7,1,1,77,80,1
2142,7.7,1,2,0,78,3.8,0,1,66,66,0
5189,8.1,1,2,0,74,4.2,0,1,55,67,0
9705,8.1,1,3,0,81,3.8,1,1,76,83,1
2745,8.2,0,1,1,68,3.8,1,0,79,83,1
7254,8.5,1,2,0,89,4.8,1,1,74,82,1
3507,6.5,0,1,0,79,4.3,0,0,66,62,0
1680,7.6,0,2,1,72,4.5,0,0,55,67,0
4250,8.1,2,3,2,87,4.7,1,0,73,87,1
3148,8.0,1,3,2,90,4.8,1,1,71,82,0
8131,7.4,2,2,2,86,4.0,0,1,74,68,0
7005,7.4,1,1,0,78,3.8,0,1,55,65,0
581,7.5,1,1,1,60,4.1,0,0,55,64,0
4071,8.4,2,3,2,90,4.8,1,1,69,83,1
3344,7.7,1,2,0,77,4.3,1,1,61,83,1
7405,6.5,1,1,2,68,4.2,0,0,68,64,0
3673,8.4,2,1,2,85,4.1,1,1,81,66,1
560,7.6,2,2,0,72,4.3,0,1,77,67,1
5238,7.7,0,1,2,86,4.5,1,1,64,68,0
7806,8.2,1,1,2,79,4.7,1,1,67,86,1
513,6.8,0,2,0,88,4.5,0,1,67,63,0
1082,7.8,0,1,0,79,4.1,0,1,58,65,1
1665,8.5,0,2,2,85,4.2,1,1,82,88,1
9205,8.0,2,2,2,87,4.8,1,1,78,73,1
1932,6.9,1,3,2,90,4.8,1,1,76,85,1
9667,7.4,2,1,0,61,3.9,0,0,63,68,0
1151,6.8,2,3,3,87,4.0,1,1,78,82,0
2839,7.9,1,2,1,86,4.8,0,1,70,60,0
5950,8.5,1,3,2,90,4.5,1,1,76,83,0
8309,6.5,0,2,1,65,4.2,1,0,57,62,0
8933,8.4,1,1,2,84,4.0,1,1,68,83,0
9789,8.5,1,3,0,81,4.8,1,1,73,83,1
5178,7.4,2,3,2,90,4.6,1,0,74,87,1
831,8.6,0,3,2,88,4.8,1,1,85,83,1
8312,8.4,2,3,2,90,4.7,1,1,69,88,1
4753,7.4,1,2,0,76,3.5,0,1,62,60,0
9851,8.0,1,2,1,77,4.6,1,1,69,76,0
636,7.4,1,1,1,69,3.8,0,1,55,64,1
4466,7.1,2,3,0,75,3.5,1,0,69,69,0
6800,7.8,1,2,0,79,4.0,1,1,55,69,0
7988,7.2,0,1,0,63,3.8,0,0,66,66,0
7080,7.6,1,3,0,81,4.2,0,1,83,69,1
6967,6.8,1,2,0,75,4.3,1,1,73,73,0
4143,8.4,0,1,0,86,3.8,0,1,57,68,0
7028,8.5,2,3,1,89,4.5,0,0,55,84,1
9184,8.2,0,1,0,73,4.1,1,0,61,63,0
877,8.7,1,3,2,90,4.8,1,1,76,85,1
4870,8.3,2,3,2,90,4.5,1,1,87,86,1
5316,6.9,1,2,1,68,4.5,1,1,56,65,0
5223,6.6,0,1,1,75,3.2,0,0,62,68,0
5,8.3,1,2,2,86,4.5,1,1,74,88,1
3052,8.6,1,3,0,77,4.0,0,1,55,70,0
5692,6.6,1,1,0,74,4.6,0,1,55,75,0
3125,6.9,1,1,1,65,4.4,0,1,62,71,0
2492,8.6,1,2,2,90,4.6,1,1,81,87,1
3855,8.4,1,2,0,90,4.7,1,1,55,81,0
4778,7.5,1,1,0,75,4.8,0,1,68,68,0
7510,7.8,2,2,2,79,4.5,1,0,72,86,0
6458,6.5,1,2,0,74,4.1,0,1,55,59,0
6294,7.8,1,3,2,83,4.8,1,1,88,83,1
1149,8.1,1,2,0,85,4.3,1,1,78,74,1
575,7.6,2,1,2,87,4.8,1,0,88,62,0
3770,7.6,1,2,1,87,4.2,0,1,75,68,0
4147,8.3,2,3,2,90,4.8,1,1,81,81,1
854,8.1,2,3,1,75,3.7,1,1,86,66,1
5920,7.7,0,2,1,75,4.8,0,1,72,68,0
9359,8.6,1,3,2,86,4.4,1,1,75,80,1
6615,6.5,1,1,1,81,4.3,0,1,67,70,0
6003,8.1,2,3,2,85,4.5,1,1,75,67,0
9164,8.2,0,1,1,81,4.2,1,1,68,84,1
4496,6.5,1,1,0,81,3.9,0,1,55,70,0
8174,7.9,2,3,2,90,4.6,1,1,75,87,1
6656,8.0,1,1,0,83,4.8,0,1,61,68,0
2369,6.5,1,2,1,86,4.3,1,1,84,88,1
4781,8.2,2,3,2,78,4.8,1,1,83,83,1
7993,8.9,2,3,2,90,4.8,1,1,77,82,1
2951,8.1,1,3,2,90,4.8,1,1,84,88,1
5626,7.8,2,3,2,90,4.8,1,1,85,85,1
6972,7.3,1,2,0,75,3.9,0,1,80,71,0
8717,7.1,0,1,0,70,4.4,0,0,77,67,0
1842,7.3,0,1,1,74,3.8,0,1,60,65,0
5987,7.3,1,1,1,65,3.8,1,1,61,62,0
538,6.5,1,2,0,78,4.6,0,1,62,57,0
2807,6.7,1,1,0,74,3.9,1,1,74,66,0
5802,8.0,0,1,0,75,3.8,1,0,57,64,0
5597,6.6,1,1,0,70,4.5,0,0,59,68,0
7207,6.6,0,3,0,84,4.8,1,1,78,73,1
7344,7.4,1,2,1,61,4.4,1,1,62,69,1
7561,7.5,1,1,1,69,3.9,0,1,59,66,0
8097,7.4,1,1,1,79,4.3,0,0,61,76,0
785,6.6,1,1,1,69,4.6,0,0,55,79,0
1410,8.0,1,3,1,75,4.5,1,1,73,71,1
155,7.2,1,3,1,75,4.2,1,1,64,84,0
7807,6.5,1,1,1,65,3.0,0,0,61,79,0
3010,8.2,2,3,2,90,4.8,1,1,78,88,1
1687,8.1,1,1,0,80,4.6,0,0,59,58,0
4015,6.6,1,2,2,77,4.0,0,1,63,65,0
7456,7.8,1,2,0,73,4.5,1,1,83,75,0
3864,6.8,1,2,2,84,4.1,1,1,55,67,1
2734,7.7,2,3,2,90,4.8,1,1,81,85,1
1896,8.6,2,1,0,87,4.4,1,1,55,83,1
5443,8.1,2,3,2,88,4.5,1,1,79,87,0
570,7.4,1,3,0,81,4.7,1,1,76,84,1
6710,8.1,2,1,2,80,4.2,1,0,75,80,1
5855,7.4,1,3,2,70,4.4,0,0,58,70,0
1817,8.4,2,3,2,90,4.8,1,1,76,83,1
8320,8.5,1,3,0,90,4.8,1,1,79,88,1
3395,7.1,1,3,2,86,4.8,1,1,61,85,0
3328,6.5,0,1,0,86,4.5,0,0,63,69,0
9983,7.7,0,2,2,90,4.8,1,1,60,87,1
6103,7.4,0,3,2,75,4.8,1,1,76,72,0
2976,8.3,1,2,1,74,4.2,1,1,76,81,0
981,8.3,2,3,2,90,4.8,1,1,80,88,1
191,8.4,2,3,2,90,4.1,1,1,76,82,1
9332,6.7,1,2,1,78,4.4,0,1,60,69,0
5089,7.8,1,3,1,77,3.6,0,1,55,64,0
700,6.7,0,1,1,69,4.4,0,0,76,68,0
9760,7.7,0,2,1,71,4.3,1,1,60,73,0
607,7.7,1,2,2,76,4.1,1,1,66,78,0
302,8.1,1,3,0,70,4.8,1,0,71,72,0
3421,7.6,1,2,1,90,4.5,1,1,68,86,0
9805,8.7,1,3,2,89,4.6,1,1,69,86,1
1061,8.7,2,3,2,90,4.8,1,1,79,85,1
3445,8.2,2,3,2,75,4.2,1,1,75,81,1
1070,6.5,1,1,1,70,3.8,0,0,55,62,0
2206,6.5,0,1,0,62,4.0,0,1,58,66,0
9436,6.5,2,1,0,73,4.0,0,0,55,68,0
7340,7.6,1,3,2,90,4.8,1,1,74,83,0
8209,6.9,1,2,0,80,3.4,0,0,55,71,0
7680,6.5,1,2,0,61,4.0,0,0,56,61,0
4643,7.5,1,2,1,64,4.2,0,1,70,64,0
7684,8.2,2,3,1,90,3.9,1,1,76,82,1
9008,6.7,0,1,1,85,4.2,1,1,68,64,1
7997,7.5,2,3,0,85,4.3,0,0,55,69,1
5601,8.4,1,3,2,72,4.6,1,0,70,70,1
9152,7.6,1,3,2,84,4.6,1,1,79,76,1
7023,8.3,2,1,2,79,4.2,1,1,58,87,1
4894,7.4,1,2,0,89,3.6,0,0,62,72,0
226,7.4,1,1,0,74,3.5,0,1,67,62,0
3355,8.3,1,3,2,90,4.5,1,1,75,79,1
5896,7.6,1,1,1,71,4.3,0,0,59,63,0
8755,8.4,2,3,2,90,4.8,1,1,80,87,1
3437,8.5,0,3,0,83,4.8,1,1,78,86,0
1694,7.5,2,1,0,78,4.2,1,1,55,66,0
6894,6.5,0,2,0,85,4.8,1,1,55,83,1
1046,8.1,2,3,3,90,4.7,1,1,64,83,1
3447,7.4,0,1,0,66,4.2,0,0,63,73,0
8051,6.5,0,2,0,73,3.7,0,1,64,72,0
9147,7.7,1,1,1,74,4.3,0,1,58,65,0
9982,7.8,1,1,0,76,3.9,0,1,57,64,0
4736,7.6,2,1,1,85,4.4,0,1,59,75,0
4497,7.6,1,2,1,79,4.2,0,1,73,85,1
1219,8.7,0,1,3,72,4.8,1,1,85,68,1
6016,7.3,1,1,1,67,4.2,0,1,62,70,0
9720,6.6,1,2,1,74,4.1,0,1,83,88,1
3988,8.1,1,1,0,85,3.1,0,1,55,65,0
4912,7.1,1,2,1,73,3.9,0,1,79,72,1
9493,7.6,1,1,0,81,3.8,0,1,73,72,0
4494,8.4,2,3,2,83,4.8,1,0,79,82,0
6945,8.5,2,3,2,84,4.0,1,1,72,80,1
5700,8.2,1,2,1,86,4.5,1,1,74,83,1
8353,8.1,2,3,0,81,4.7,1,1,84,83,1
957,8.3,1,2,2,82,4.6,1,1,83,87,1
2870,8.0,2,3,0,90,4.3,0,1,83,83,1
4434,7.7,0,1,0,81,4.4,1,1,76,68,0
4974,7.9,1,2,3,80,4.7,1,1,78,73,0
2962,7.5,1,2,1,76,3.4,0,0,55,65,0
2201,8.1,1,1,0,90,4.7,0,1,70,82,0
99,7.7,1,3,1,89,4.6,0,1,61,84,1
9850,6.8,2,2,2,80,4.5,1,1,72,82,1
2558,8.2,1,3,2,90,4.8,1,1,75,81,1
8446,8.1,1,3,2,80,4.5,1,0,83,84,1
4200,8.6,0,1,1,68,4.3,0,1,55,63,0
9638,7.3,0,1,0,87,4.8,0,0,55,81,0
5540,8.1,2,3,2,89,4.8,1,1,87,87,1
1649,8.5,2,3,2,90,4.5,1,1,82,85,1
6198,7.7,1,1,0,72,4.1,0,0,62,65,1
6296,6.5,1,1,0,69,3.9,0,0,60,72,0
4500,7.6,0,2,0,79,4.0,1,1,55,70,0
1155,8.1,2,3,2,85,4.6,1,1,80,84,1
2256,6.8,1,2,0,75,4.5,1,1,76,80,0
3171,6.5,0,3,2,84,4.4,1,1,68,72,1
7401,7.9,1,1,0,89,4.5,1,1,78,81,1
7159,7.4,0,1,0,71,3.7,0,0,55,64,0
3109,7.0,1,3,2,75,4.4,1,1,74,63,1
4549,7.7,1,3,2,81,4.8,0,1,55,73,0
5424,6.6,1,2,0,70,4.1,1,1,55,62,0
2050,7.5,0,2,1,78,3.8,0,1,82,68,0
9209,6.5,1,2,0,81,3.3,0,0,55,70,0
8816,8.3,2,3,3,89,4.5,1,1,77,88,1
9798,7.5,1,1,1,72,4.8,0,0,58,69,0
263,8.1,0,2,3,78,4.1,1,1,81,78,1
4062,7.0,1,1,0,65,4.0,0,0,58,65,0
5535,7.5,1,2,1,72,4.4,0,1,58,68,0
6617,7.0,1,1,2,80,4.1,0,0,69,59,1
8121,8.0,1,3,1,89,4.8,1,0,72,81,1
8156,8.3,1,1,0,86,4.2,0,1,55,71,1
1803,8.7,2,3,2,88,4.8,1,1,79,83,0
4737,7.4,1,3,1,73,4.4,0,1,55,74,0
2386,6.5,1,3,1,90,4.5,0,0,74,62,0
6695,8.7,1,3,2,90,4.8,1,1,84,86,1
5760,8.2,1,1,2,82,4.8,1,1,78,82,1
1960,6.5,2,1,2,86,4.7,1,0,65,82,1
2977,7.6,2,3,0,90,4.8,1,1,79,67,1
8681,7.6,1,1,1,79,4.1,0,1,55,68,1
1844,8.8,2,3,3,90,4.8,1,1,72,76,1
1735,7.7,0,1,1,67,4.8,0,0,56,66,0
2912,6.7,1,2,1,64,3.8,0,1,82,64,0
8339,7.9,2,3,2,90,4.6,1,0,65,84,0
1987,7.7,2,2,1,71,4.4,0,1,55,66,0
9562,6.8,1,1,2,64,3.5,0,0,55,63,0
6547,7.4,1,2,0,70,4.1,1,0,77,69,0
7099,7.6,1,3,2,90,4.8,1,1,60,83,0
2812,8.5,1,3,1,82,4.7,1,1,80,70,1
660,8.4,0,3,2,87,4.0,1,0,79,80,1
2512,8.1,0,2,0,81,4.8,0,1,88,82,0
4283,8.0,2,3,2,90,4.8,1,1,90,86,1
9340,7.6,0,1,0,63,3.7,0,0,56,62,0
8801,8.2,1,1,1,78,4.0,0,1,56,70,0
6288,8.1,1,1,0,76,3.4,0,1,70,62,1
1931,8.4,2,3,2,90,4.8,1,1,72,82,1
7126,8.4,2,3,2,87,4.7,1,1,55,75,1
198,8.5,2,3,0,86,4.2,1,1,60,85,1
7778,6.5,1,2,0,76,3.8,0,1,62,68,0
2932,7.8,1,1,0,77,4.1,0,1,64,67,0
8005,7.4,1,2,0,80,4.2,1,1,62,79,0
2328,7.8,1,3,0,90,4.6,0,1,64,83,0
4390,8.4,0,2,0,69,4.0,1,1,55,72,1
8959,7.7,1,1,1,74,4.5,0,0,55,62,0
4219,7.4,1,1,1,72,4.6,1,1,77,83,0
203,6.5,0,2,2,75,4.5,1,0,65,59,0
3511,7.2,1,1,3,75,3.5,0,0,67,66,0
4932,6.5,1,2,1,79,4.1,0,1,60,60,0
5536,8.2,2,3,2,90,4.8,1,1,83,87,1
5792,6.7,0,1,0,75,4.2,0,0,60,81,0
1708,8.5,0,3,2,85,4.8,1,1,80,88,1
5173,7.5,1,2,0,71,4.7,0,1,55,72,0
5250,8.1,1,2,1,75,4.2,1,0,76,69,0
6529,7.5,0,2,1,82,4.8,1,1,66,71,1
9849,7.5,1,2,0,67,4.1,0,0,59,67,0
5856,7.4,1,2,1,84,4.4,0,1,81,62,0
8165,8.4,2,3,2,90,4.8,1,1,70,82,1
855,6.5,2,3,2,81,3.5,1,0,82,68,1
4738,8.3,2,2,0,90,4.3,1,1,61,71,1
699,8.7,2,3,3,81,4.2,1,1,87,84,1
3697,8.0,1,3,0,90,3.7,0,1,57,66,1
1637,8.2,1,3,1,82,4.8,0,1,70,86,0
7281,8.2,2,3,2,90,4.8,1,1,82,84,1
7555,6.7,1,1,0,66,4.3,1,0,55,71,0
3582,7.4,1,1,1,81,3.5,0,1,55,64,0
1292,7.5,1,3,0,77,4.5,1,0,82,64,0
6586,8.4,1,3,0,63,4.3,1,1,55,68,0
1854,6.7,1,2,1,74,4.1,1,1,56,67,1
5233,7.4,1,1,1,68,4.1,1,1,55,67,0
3764,7.7,2,2,0,80,4.0,0,0,55,65,0
3305,7.5,1,1,0,75,3.7,0,0,57,66,0
1496,8.0,2,1,2,88,4.0,1,1,80,87,0
7995,8.3,0,1,0,71,4.1,1,1,55,59,1
1999,7.5,1,1,1,73,4.7,1,0,61,67,0
664,7.8,0,3,2,90,4.8,1,1,64,88,0
3749,7.5,2,3,2,90,4.8,1,1,84,88,1
4414,7.9,2,3,2,90,4.7,1,1,77,84,1
5531,8.0,1,3,2,79,4.6,1,1,68,87,1
5576,7.6,1,2,1,79,4.5,0,1,55,68,0
8902,6.9,2,2,2,90,4.8,0,1,85,85,1
7527,7.8,1,3,2,90,4.8,1,1,58,78,1
9475,7.9,0,1,0,60,3.1,0,0,61,62,0
5865,7.6,1,3,2,77,4.4,0,1,55,71,1
6777,8.4,1,1,1,70,3.8,1,1,55,67,0
1307,8.1,1,2,2,86,4.4,1,1,81,86,1
7393,7.8,1,3,1,89,4.8,1,1,75,85,1
5593,8.2,1,3,2,90,4.8,1,1,85,77,1
9722,7.0,2,3,2,90,4.6,1,1,85,83,1
1664,6.5,1,1,1,78,3.5,0,1,62,72,0
5451,8.7,1,2,0,80,4.5,1,1,55,64,1
9955,6.5,0,1,0,74,4.4,1,1,72,64,0
3628,7.9,1,3,0,75,4.1,1,0,75,74,0
2694,8.3,0,1,2,84,4.8,1,1,83,82,1
9790,7.4,0,1,0,81,3.9,0,1,60,70,0
5916,7.5,1,1,0,84,3.7,0,1,77,87,0
3158,7.4,1,3,1,71,4.4,1,0,63,76,0
6669,8.1,2,3,2,90,4.8,1,1,73,88,1
1060,8.2,1,2,3,82,4.6,1,1,74,83,0
4637,7.8,2,3,2,90,4.8,1,1,77,86,1
3243,7.1,1,2,0,89,4.7,0,0,78,69,0
1679,8.4,0,2,0,86,4.6,1,1,77,80,0
6893,7.2,1,2,0,71,3.2,0,0,55,69,0
6375,8.2,1,3,2,90,4.8,1,1,78,83,1
7575,6.7,0,2,0,70,3.0,0,1,55,69,0
1758,7.5,1,1,0,83,4.4,0,1,55,70,0
6020,8.0,1,3,2,89,4.8,1,1,87,80,1
5117,8.6,0,3,2,90,4.8,1,1,75,86,1
8756,7.5,2,1,0,69,4.5,1,0,71,69,0
7409,6.8,1,1,0,82,4.6,0,1,58,75,1
2791,8.4,1,3,2,85,4.2,1,1,89,88,1
864,8.4,2,3,0,75,4.8,0,0,64,81,1
7859,6.8,1,2,0,79,4.0,0,1,69,68,0
1485,7.0,0,3,0,80,3.9,0,1,59,64,1
7036,8.3,1,2,2,79,4.6,1,1,75,73,1
7722,8.3,1,2,0,78,4.6,1,1,74,60,0
5978,8.2,0,3,2,81,4.7,1,1,73,80,1
5135,8.0,2,3,2,90,4.4,1,1,80,88,1
207,7.3,1,2,1,84,4.6,0,1,55,72,0
4489,7.6,0,1,1,76,4.5,0,0,65,68,0
6939,8.0,0,2,1,78,4.2,1,1,77,82,0
9063,8.6,1,2,2,88,4.3,1,1,71,82,1
6911,7.9,1,2,0,90,4.2,1,1,55,66,0
503,7.3,0,1,0,80,3.5,0,1,55,61,0
7386,8.7,2,3,2,90,4.8,1,1,79,87,1
1029,8.3,1,1,0,80,4.4,0,0,71,62,0
3841,6.5,1,1,0,80,4.0,0,1,55,68,0
8111,8.6,1,3,2,72,4.0,1,1,80,64,1
5057,8.6,0,3,2,81,3.9,1,1,82,71,1
9763,7.6,1,1,1,73,4.7,0,0,55,70,0
8155,7.8,2,3,2,90,4.7,1,1,78,82,1
2732,8.1,1,3,2,89,4.8,1,1,75,82,1
8997,6.5,1,2,1,72,4.4,0,0,55,63,0
2455,7.2,1,1,0,82,4.0,0,1,82,74,1
7216,8.4,1,2,1,87,3.6,0,1,55,57,0
3105,8.7,2,3,1,90,4.8,1,1,72,83,0
8393,7.4,1,2,3,83,4.7,1,1,59,81,1
6279,7.2,0,2,1,77,4.0,0,1,55,64,0
3100,7.7,1,1,0,81,3.9,0,1,76,68,0
6185,7.6,1,2,1,79,4.3,0,1,75,72,0
3562,8.3,1,1,0,78,3.7,0,1,55,66,0
5893,7.8,1,3,2,90,4.8,1,1,80,88,1
392,7.5,1,2,0,90,4.2,0,1,77,64,1
6737,6.6,1,1,0,73,4.2,0,0,64,70,0
5619,7.4,1,2,1,78,4.6,0,1,67,68,0
5259,7.8,0,2,0,83,4.8,0,0,62,68,0
9688,7.7,1,1,1,82,4.0,0,0,55,61,0
2696,7.7,1,1,1,66,3.3,0,0,55,62,0
2028,7.4,0,3,2,75,4.3,1,1,88,84,1
5464,7.2,1,2,1,74,3.7,0,0,55,72,0
2569,8.3,0,1,1,69,4.1,1,1,60,66,0
8007,6.8,1,1,1,75,3.8,0,1,57,67,0
65,7.6,1,2,0,77,4.6,1,0,84,67,0
2063,8.4,1,3,2,90,4.7,1,1,85,88,1
5277,8.2,1,1,1,81,4.8,0,1,60,60,1
7209,8.3,2,3,2,90,4.6,1,1,78,79,1
8685,8.6,2,3,2,90,4.8,1,1,77,82,1
8572,8.7,2,3,2,90,4.8,1,1,80,84,1
6332,8.6,1,3,3,81,3.9,1,1,75,84,1
4860,8.0,2,3,2,90,4.8,1,1,78,85,1
4888,6.5,0,3,2,72,4.1,1,1,87,80,1
9269,8.2,1,1,0,73,4.5,0,1,76,84,0
879,8.1,1,3,1,90,4.8,1,1,74,80,1
8530,6.5,1,1,1,72,3.8,0,1,55,66,0
7917,8.0,2,3,2,85,4.8,1,1,74,87,1
6864,7.8,1,2,0,73,4.6,0,1,55,64,0
7893,7.3,1,3,2,90,4.5,1,1,77,85,1
6440,8.3,1,3,2,89,4.4,1,1,63,81,1
7870,8.3,2,3,2,90,4.7,1,1,77,81,1
1017,8.1,2,3,3,76,4.5,1,1,69,67,0
9468,6.5,0,2,0,81,3.7,0,1,60,68,1
7630,7.6,0,1,0,75,4.2,1,0,55,59,0
996,7.7,1,2,1,76,4.7,1,1,73,88,0
4298,8.6,1,3,2,84,4.8,1,1,73,86,1
162,7.9,1,2,1,81,4.0,1,1,60,71,0
5676,7.6,2,2,0,74,4.0,0,1,62,83,1
6874,6.5,0,2,1,75,3.5,0,1,61,68,0
9693,8.8,2,3,2,90,4.8,1,1,82,88,1
7990,7.7,1,2,0,77,4.3,1,1,73,80,1
3844,8.5,1,2,1,85,4.1,1,1,73,86,1
1022,7.5,1,2,1,79,4.6,0,1,65,71,0
3074,7.9,2,3,2,90,4.7,1,1,88,65,1
7556,7.6,1,3,1,81,3.9,1,1,82,84,1
3944,6.5,1,2,0,85,4.1,0,1,90,66,0
1586,8.2,1,2,0,81,4.0,1,1,57,68,0
3153,8.1,2,3,2,86,4.7,1,1,84,84,1
8227,8.3,1,1,2,83,4.0,1,1,76,67,1
776,8.4,1,2,0,71,4.5,1,1,68,81,1
9671,7.4,0,2,0,80,4.8,0,1,55,68,0
7100,8.3,1,3,0,88,4.8,1,1,73,85,1
5487,7.2,1,1,1,68,3.4,0,0,55,63,0
6236,7.8,1,2,0,81,4.1,0,1,55,79,1
9556,7.5,2,3,0,90,4.7,1,0,88,86,1
7042,7.6,1,2,0,87,4.2,1,1,56,72,0
2613,8.5,2,3,2,90,4.8,1,1,79,80,1
7514,8.5,0,3,2,88,4.5,1,1,85,88,1
8434,7.5,0,1,0,89,4.5,0,0,71,62,0
8793,8.3,2,2,3,87,4.8,1,1,81,84,0
5394,8.2,1,3,0,84,4.5,1,1,70,74,1
8839,6.9,1,1,0,78,4.2,1,1,66,69,1
3891,7.7,1,1,1,80,3.9,0,0,59,67,0
3557,8.0,2,3,0,82,4.8,0,1,80,84,1
1529,8.3,1,3,2,80,4.1,1,1,76,83,1
1268,7.6,1,1,1,84,4.5,0,1,58,77,0
7735,8.3,1,2,1,70,4.8,1,1,87,85,1
1900,6.5,0,1,0,76,4.3,0,0,59,66,0
4659,8.3,1,3,2,90,4.8,1,1,83,88,1
3006,8.3,2,3,2,89,4.1,1,1,77,77,1
2735,6.5,1,1,1,72,3.3,0,1,55,62,0
190,6.8,1,1,0,78,4.3,0,0,61,62,0
9168,7.6,0,3,2,72,4.6,1,1,89,85,0
2748,7.9,1,2,1,70,4.3,0,1,58,71,0
2048,7.6,0,1,0,61,3.8,0,1,55,61,0
7850,8.0,1,3,0,82,3.8,0,0,55,66,0
2559,7.5,0,1,0,77,4.3,0,1,61,69,0
9275,8.4,1,1,1,83,4.8,1,0,69,83,1
8667,8.0,1,3,1,90,4.8,1,1,79,87,1
6397,6.7,1,2,1,81,3.8,0,0,61,65,0
3386,7.5,1,1,1,70,3.6,0,1,55,64,0
4556,6.5,1,1,0,64,4.1,0,0,63,68,0
1185,6.9,0,2,1,76,3.7,0,0,55,64,0
6421,8.2,0,3,0,84,4.6,1,1,71,84,0
5052,8.1,2,3,2,90,4.7,1,1,86,81,1
5312,7.7,1,2,0,90,4.8,0,1,64,69,1
2434,7.7,1,1,0,70,3.9,1,1,71,82,0
6950,7.6,1,2,1,72,3.8,0,1,55,67,0
770,8.1,2,3,2,90,4.8,1,1,70,81,1
1686,8.3,1,2,1,84,4.4,0,1,62,82,0
8323,6.5,1,2,1,65,4.6,0,1,62,87,0
5579,8.4,2,3,0,85,4.6,1,1,81,72,0
4427,7.6,1,1,0,84,4.5,0,1,63,81,1
467,6.5,1,2,0,84,4.2,1,0,74,78,0
6266,8.7,0,3,0,72,4.7,0,0,55,66,0
5735,6.5,1,1,0,72,4.8,0,0,68,70,0
5192,7.4,1,1,0,67,4.1,0,1,60,73,0
5391,7.4,1,1,0,71,4.3,1,1,55,66,0
861,8.0,1,1,0,84,3.9,1,0,55,66,0
7271,8.2,1,3,0,90,4.8,1,1,82,72,1
